time_mean_ms,time_median_ms,gc_time_mean_ms,gc_time_median_ms,case,case_long,strategy,variant,language,precision,executor,use_kernelAbstractions,use_fusing,Threads,node
21.141085156118145,21.118356,0.0,0.0,LDC-1000000,LDC-1000000,faceBased,Fused,julia,float64,cpu,true,true,1,H100
22.433992955156953,22.405691,0.0,0.0,LDC-1000000,LDC-1000000,globalFaceBased,Fused,julia,float64,cpu,true,true,1,H100
56.170051844444444,56.1438115,0.0,0.0,LDC-1000000,LDC-1000000,cellBased,Fused,julia,float64,cpu,true,true,1,H100
29.365883584795323,29.149758,0.0,0.0,LDC-1000000,LDC-1000000,faceBased,Fused,julia,float64,cpu,true,true,2,H100
27.924410894444442,27.628383,0.0,0.0,LDC-1000000,LDC-1000000,globalFaceBased,Fused,julia,float64,cpu,true,true,2,H100
31.072445962732917,31.382455,0.0,0.0,LDC-1000000,LDC-1000000,batchedFace,Fused,julia,float64,cpu,true,true,2,H100
37.23787607407407,28.466175,0.0,0.0,LDC-1000000,LDC-1000000,cellBased,Fused,julia,float64,cpu,true,true,2,H100
15.78566403785489,16.699182,0.0,0.0,LDC-1000000,LDC-1000000,faceBased,Fused,julia,float64,cpu,true,true,4,H100
13.911395405555556,14.3319405,0.0,0.0,LDC-1000000,LDC-1000000,globalFaceBased,Fused,julia,float64,cpu,true,true,4,H100
17.11218845392491,17.144293,0.0,0.0,LDC-1000000,LDC-1000000,batchedFace,Fused,julia,float64,cpu,true,true,4,H100
15.215365300911856,14.772774,0.0,0.0,LDC-1000000,LDC-1000000,cellBased,Fused,julia,float64,cpu,true,true,4,H100
9.30583796282528,9.479721,0.0,0.0,LDC-1000000,LDC-1000000,faceBased,Fused,julia,float64,cpu,true,true,8,H100
7.0844036388101985,7.0496585,0.0,0.0,LDC-1000000,LDC-1000000,globalFaceBased,Fused,julia,float64,cpu,true,true,8,H100
10.113993268686869,9.880725,0.0,0.0,LDC-1000000,LDC-1000000,batchedFace,Fused,julia,float64,cpu,true,true,8,H100
11.310777056561086,8.2771405,0.0,0.0,LDC-1000000,LDC-1000000,cellBased,Fused,julia,float64,cpu,true,true,8,H100
5.737042438576349,5.630181,0.0,0.0,LDC-1000000,LDC-1000000,faceBased,Fused,julia,float64,cpu,true,true,16,H100
5.214133160583941,4.670409,0.0,0.0,LDC-1000000,LDC-1000000,globalFaceBased,Fused,julia,float64,cpu,true,true,16,H100
7.911048063291139,7.7218235,0.0,0.0,LDC-1000000,LDC-1000000,batchedFace,Fused,julia,float64,cpu,true,true,16,H100
10.43667199164927,5.254119,0.0,0.0,LDC-1000000,LDC-1000000,cellBased,Fused,julia,float64,cpu,true,true,16,H100
4.3145182772020725,4.1620725,0.0,0.0,LDC-1000000,LDC-1000000,faceBased,Fused,julia,float64,cpu,true,true,32,H100
3.6064808137184117,3.558269,0.0,0.0,LDC-1000000,LDC-1000000,globalFaceBased,Fused,julia,float64,cpu,true,true,32,H100
5.350399695931477,5.174051,0.0,0.0,LDC-1000000,LDC-1000000,batchedFace,Fused,julia,float64,cpu,true,true,32,H100
5.412946861321777,3.056941,0.0,0.0,LDC-1000000,LDC-1000000,cellBased,Fused,julia,float64,cpu,true,true,32,H100
4.303250073275862,4.079203,0.0,0.0,LDC-1000000,LDC-1000000,faceBased,Fused,julia,float64,cpu,true,true,64,H100
3.936505219242902,3.9316575,0.0,0.0,LDC-1000000,LDC-1000000,globalFaceBased,Fused,julia,float64,cpu,true,true,64,H100
7.123686098430813,7.137912,0.0,0.0,LDC-1000000,LDC-1000000,batchedFace,Fused,julia,float64,cpu,true,true,64,H100
4.2037919156829675,3.3569435,0.0,0.0,LDC-1000000,LDC-1000000,cellBased,Fused,julia,float64,cpu,true,true,64,H100
8.08375005834684,8.495389,0.0,0.0,LDC-1000000,LDC-1000000,faceBased,Fused,julia,float64,cpu,true,true,128,H100
3.28648612656559,3.16937,0.0,0.0,LDC-1000000,LDC-1000000,globalFaceBased,Fused,julia,float64,cpu,true,true,128,H100
7.928248960254372,7.303543,0.0,0.0,LDC-1000000,LDC-1000000,batchedFace,Fused,julia,float64,cpu,true,true,128,H100
3.7433392251506024,3.6116895,0.0,0.0,LDC-1000000,LDC-1000000,cellBased,Fused,julia,float64,cpu,true,true,128,H100
5.5755757658862874,5.558634,0.0,0.0,LDC-343000,LDC-343000,faceBased,Fused,julia,float64,cpu,true,true,1,H100
6.027271331325301,6.0097135,0.0,0.0,LDC-343000,LDC-343000,globalFaceBased,Fused,julia,float64,cpu,true,true,1,H100
17.776241989361704,17.776794,0.0,0.0,LDC-343000,LDC-343000,cellBased,Fused,julia,float64,cpu,true,true,1,H100
10.251652768442623,10.176454,0.0,0.0,LDC-343000,LDC-343000,faceBased,Fused,julia,float64,cpu,true,true,2,H100
9.550799208015267,9.492391,0.0,0.0,LDC-343000,LDC-343000,globalFaceBased,Fused,julia,float64,cpu,true,true,2,H100
9.138939226277373,9.122125,0.0,0.0,LDC-343000,LDC-343000,batchedFace,Fused,julia,float64,cpu,true,true,2,H100
8.01611916025641,7.7633595,0.0,0.0,LDC-343000,LDC-343000,cellBased,Fused,julia,float64,cpu,true,true,2,H100
5.54239538248337,5.500861,0.0,0.0,LDC-343000,LDC-343000,faceBased,Fused,julia,float64,cpu,true,true,4,H100
4.769958832221163,4.753548,0.0,0.0,LDC-343000,LDC-343000,globalFaceBased,Fused,julia,float64,cpu,true,true,4,H100
4.2899587332761575,3.9336465,0.0,0.0,LDC-343000,LDC-343000,batchedFace,Fused,julia,float64,cpu,true,true,4,H100
5.066552185410335,2.944148,0.0,0.0,LDC-343000,LDC-343000,cellBased,Fused,julia,float64,cpu,true,true,4,H100
3.241760939040207,3.215274,0.0,0.0,LDC-343000,LDC-343000,faceBased,Fused,julia,float64,cpu,true,true,8,H100
2.5296910440283398,2.505522,0.0,0.0,LDC-343000,LDC-343000,globalFaceBased,Fused,julia,float64,cpu,true,true,8,H100
2.7803686473859845,2.769472,0.0,0.0,LDC-343000,LDC-343000,batchedFace,Fused,julia,float64,cpu,true,true,8,H100
2.0071674865407796,1.917788,0.0,0.0,LDC-343000,LDC-343000,cellBased,Fused,julia,float64,cpu,true,true,8,H100
2.103336346380471,2.0840805,0.0,0.0,LDC-343000,LDC-343000,faceBased,Fused,julia,float64,cpu,true,true,16,H100
1.7306473147506927,1.7079065,0.0,0.0,LDC-343000,LDC-343000,globalFaceBased,Fused,julia,float64,cpu,true,true,16,H100
1.875114476923077,1.884803,0.0,0.0,LDC-343000,LDC-343000,batchedFace,Fused,julia,float64,cpu,true,true,16,H100
1.6655401087391595,1.232816,0.0,0.0,LDC-343000,LDC-343000,cellBased,Fused,julia,float64,cpu,true,true,16,H100
1.7209120847691246,1.711721,0.0,0.0,LDC-343000,LDC-343000,faceBased,Fused,julia,float64,cpu,true,true,32,H100
1.7347981035081625,1.803433,0.0,0.0,LDC-343000,LDC-343000,globalFaceBased,Fused,julia,float64,cpu,true,true,32,H100
1.5138572058199455,1.511355,0.0,0.0,LDC-343000,LDC-343000,batchedFace,Fused,julia,float64,cpu,true,true,32,H100
0.9181578828081813,0.577794,0.0,0.0,LDC-343000,LDC-343000,cellBased,Fused,julia,float64,cpu,true,true,32,H100
2.503175959899749,2.510883,0.0,0.0,LDC-343000,LDC-343000,faceBased,Fused,julia,float64,cpu,true,true,64,H100
1.1034825013286094,1.0807375,0.0,0.0,LDC-343000,LDC-343000,globalFaceBased,Fused,julia,float64,cpu,true,true,64,H100
1.9528125035211268,1.951085,0.0,0.0,LDC-343000,LDC-343000,batchedFace,Fused,julia,float64,cpu,true,true,64,H100
0.5209125696202531,0.4593205,0.0,0.0,LDC-343000,LDC-343000,cellBased,Fused,julia,float64,cpu,true,true,64,H100
1.880828665407855,1.794568,0.0,0.0,LDC-343000,LDC-343000,faceBased,Fused,julia,float64,cpu,true,true,128,H100
0.7959795245428296,0.7610075,0.0,0.0,LDC-343000,LDC-343000,globalFaceBased,Fused,julia,float64,cpu,true,true,128,H100
2.187458249780509,2.1081945,0.0,0.0,LDC-343000,LDC-343000,batchedFace,Fused,julia,float64,cpu,true,true,128,H100
0.40437047940000004,0.3870875,0.0,0.0,LDC-343000,LDC-343000,cellBased,Fused,julia,float64,cpu,true,true,128,H100
68.57844750684932,68.532032,0.0,0.0,LDC-3375000,LDC-3375000,faceBased,Fused,julia,float64,cpu,true,true,1,H100
71.2082538028169,71.148652,0.0,0.0,LDC-3375000,LDC-3375000,globalFaceBased,Fused,julia,float64,cpu,true,true,1,H100
180.84338375,180.748299,0.0,0.0,LDC-3375000,LDC-3375000,cellBased,Fused,julia,float64,cpu,true,true,1,H100
98.87354190196079,98.411165,0.0,0.0,LDC-3375000,LDC-3375000,faceBased,Fused,julia,float64,cpu,true,true,2,H100
96.54693278846153,98.665497,0.0,0.0,LDC-3375000,LDC-3375000,globalFaceBased,Fused,julia,float64,cpu,true,true,2,H100
118.55032523255815,116.864179,0.0,0.0,LDC-3375000,LDC-3375000,batchedFace,Fused,julia,float64,cpu,true,true,2,H100
103.28970644897959,101.846835,0.0,0.0,LDC-3375000,LDC-3375000,cellBased,Fused,julia,float64,cpu,true,true,2,H100
45.659431972727276,40.428619,0.0,0.0,LDC-3375000,LDC-3375000,faceBased,Fused,julia,float64,cpu,true,true,4,H100
39.465052598425196,39.190461,0.0,0.0,LDC-3375000,LDC-3375000,globalFaceBased,Fused,julia,float64,cpu,true,true,4,H100
64.68830414102564,64.472008,0.0,0.0,LDC-3375000,LDC-3375000,batchedFace,Fused,julia,float64,cpu,true,true,4,H100
96.1740336153846,114.530797,0.0,0.0,LDC-3375000,LDC-3375000,cellBased,Fused,julia,float64,cpu,true,true,4,H100
30.673767969325155,30.781912,0.0,0.0,LDC-3375000,LDC-3375000,faceBased,Fused,julia,float64,cpu,true,true,8,H100
25.031463305,26.2913175,0.0,0.0,LDC-3375000,LDC-3375000,globalFaceBased,Fused,julia,float64,cpu,true,true,8,H100
37.28094182962963,36.322018,0.0,0.0,LDC-3375000,LDC-3375000,batchedFace,Fused,julia,float64,cpu,true,true,8,H100
27.376293349726776,25.857176,0.0,0.0,LDC-3375000,LDC-3375000,cellBased,Fused,julia,float64,cpu,true,true,8,H100
18.35087631135531,17.797557,0.0,0.0,LDC-3375000,LDC-3375000,faceBased,Fused,julia,float64,cpu,true,true,16,H100
16.26597574025974,14.947433,0.0,0.0,LDC-3375000,LDC-3375000,globalFaceBased,Fused,julia,float64,cpu,true,true,16,H100
24.59372111764706,24.3564015,0.0,0.0,LDC-3375000,LDC-3375000,batchedFace,Fused,julia,float64,cpu,true,true,16,H100
34.140676285714285,36.93072,0.0,0.0,LDC-3375000,LDC-3375000,cellBased,Fused,julia,float64,cpu,true,true,16,H100
12.089901736714976,11.697984,0.0,0.0,LDC-3375000,LDC-3375000,faceBased,Fused,julia,float64,cpu,true,true,32,H100
12.75494256632653,12.2375595,0.0,0.0,LDC-3375000,LDC-3375000,globalFaceBased,Fused,julia,float64,cpu,true,true,32,H100
22.493404807174887,22.725488,0.0,0.0,LDC-3375000,LDC-3375000,batchedFace,Fused,julia,float64,cpu,true,true,32,H100
23.60286525471698,27.6152445,0.0,0.0,LDC-3375000,LDC-3375000,cellBased,Fused,julia,float64,cpu,true,true,32,H100
15.427525595679013,15.4867675,0.0,0.0,LDC-3375000,LDC-3375000,faceBased,Fused,julia,float64,cpu,true,true,64,H100
11.718108238875878,11.461025,0.0,0.0,LDC-3375000,LDC-3375000,globalFaceBased,Fused,julia,float64,cpu,true,true,64,H100
26.724344144385025,26.265263,0.0,0.0,LDC-3375000,LDC-3375000,batchedFace,Fused,julia,float64,cpu,true,true,64,H100
15.005688222222222,17.570294,0.0,0.0,LDC-3375000,LDC-3375000,cellBased,Fused,julia,float64,cpu,true,true,64,H100
29.236973678362574,28.633052,0.0,0.0,LDC-3375000,LDC-3375000,faceBased,Fused,julia,float64,cpu,true,true,128,H100
13.256359527851458,12.044307,0.0,0.0,LDC-3375000,LDC-3375000,globalFaceBased,Fused,julia,float64,cpu,true,true,128,H100
29.634038816568047,27.995572,0.0,0.0,LDC-3375000,LDC-3375000,batchedFace,Fused,julia,float64,cpu,true,true,128,H100
11.875144401425176,11.396208,0.0,0.0,LDC-3375000,LDC-3375000,cellBased,Fused,julia,float64,cpu,true,true,128,H100
810.7068444285715,810.689648,0.0,0.0,LDC-39304000,LDC-39304000,faceBased,Fused,julia,float64,cpu,true,true,1,H100
830.209729,829.929677,0.0,0.0,LDC-39304000,LDC-39304000,globalFaceBased,Fused,julia,float64,cpu,true,true,1,H100
2294.273962,2300.04249,0.0,0.0,LDC-39304000,LDC-39304000,cellBased,Fused,julia,float64,cpu,true,true,1,H100
1188.0519532,1186.883434,0.0,0.0,LDC-39304000,LDC-39304000,faceBased,Fused,julia,float64,cpu,true,true,2,H100
1012.3709822000001,1063.33878,0.0,0.0,LDC-39304000,LDC-39304000,globalFaceBased,Fused,julia,float64,cpu,true,true,2,H100
1410.9280715,1418.4477075,0.0,0.0,LDC-39304000,LDC-39304000,batchedFace,Fused,julia,float64,cpu,true,true,2,H100
2011.2138863333332,1285.23565,0.0,0.0,LDC-39304000,LDC-39304000,cellBased,Fused,julia,float64,cpu,true,true,2,H100
637.80303775,621.7683345,0.0,0.0,LDC-39304000,LDC-39304000,faceBased,Fused,julia,float64,cpu,true,true,4,H100
581.2375362222222,578.4141,0.0,0.0,LDC-39304000,LDC-39304000,globalFaceBased,Fused,julia,float64,cpu,true,true,4,H100
759.4144382857143,760.635784,0.0,0.0,LDC-39304000,LDC-39304000,batchedFace,Fused,julia,float64,cpu,true,true,4,H100
1403.9928865,1363.5764855,0.0,0.0,LDC-39304000,LDC-39304000,cellBased,Fused,julia,float64,cpu,true,true,4,H100
363.87085378571425,353.4135025,0.0,0.0,LDC-39304000,LDC-39304000,faceBased,Fused,julia,float64,cpu,true,true,8,H100
256.5067811,235.1291595,0.0,0.0,LDC-39304000,LDC-39304000,globalFaceBased,Fused,julia,float64,cpu,true,true,8,H100
415.698198,415.404306,0.0,0.0,LDC-39304000,LDC-39304000,batchedFace,Fused,julia,float64,cpu,true,true,8,H100
878.6264673333334,923.2838585,0.0,0.0,LDC-39304000,LDC-39304000,cellBased,Fused,julia,float64,cpu,true,true,8,H100
205.32375556,202.474988,0.0,0.0,LDC-39304000,LDC-39304000,faceBased,Fused,julia,float64,cpu,true,true,16,H100
203.19772048,202.649365,0.0,0.0,LDC-39304000,LDC-39304000,globalFaceBased,Fused,julia,float64,cpu,true,true,16,H100
393.65978884615384,393.59119,0.0,0.0,LDC-39304000,LDC-39304000,batchedFace,Fused,julia,float64,cpu,true,true,16,H100
447.9863714166667,497.9900505,0.0,0.0,LDC-39304000,LDC-39304000,cellBased,Fused,julia,float64,cpu,true,true,16,H100
139.2971678611111,142.532607,0.0,0.0,LDC-39304000,LDC-39304000,faceBased,Fused,julia,float64,cpu,true,true,32,H100
116.767918,116.526085,0.0,0.0,LDC-39304000,LDC-39304000,globalFaceBased,Fused,julia,float64,cpu,true,true,32,H100
346.94266880000004,346.606993,0.0,0.0,LDC-39304000,LDC-39304000,batchedFace,Fused,julia,float64,cpu,true,true,32,H100
238.3072252380952,238.512691,0.0,0.0,LDC-39304000,LDC-39304000,cellBased,Fused,julia,float64,cpu,true,true,32,H100
119.43354021428571,119.367004,0.0,0.0,LDC-39304000,LDC-39304000,faceBased,Fused,julia,float64,cpu,true,true,64,H100
98.99931978431373,95.680681,0.0,0.0,LDC-39304000,LDC-39304000,globalFaceBased,Fused,julia,float64,cpu,true,true,64,H100
216.15851733333335,217.4687475,0.0,0.0,LDC-39304000,LDC-39304000,batchedFace,Fused,julia,float64,cpu,true,true,64,H100
273.24355484210525,281.181689,0.0,0.0,LDC-39304000,LDC-39304000,cellBased,Fused,julia,float64,cpu,true,true,64,H100
93.8165361111111,91.341595,0.0,0.0,LDC-39304000,LDC-39304000,faceBased,Fused,julia,float64,cpu,true,true,128,H100
101.46059822,100.3154485,0.0,0.0,LDC-39304000,LDC-39304000,globalFaceBased,Fused,julia,float64,cpu,true,true,128,H100
226.2581997826087,224.297884,0.0,0.0,LDC-39304000,LDC-39304000,batchedFace,Fused,julia,float64,cpu,true,true,128,H100
128.33071395,127.2000105,0.0,0.0,LDC-39304000,LDC-39304000,cellBased,Fused,julia,float64,cpu,true,true,128,H100
8.96518321326165,8.954439,0.0,0.0,LDC-512000,LDC-512000,faceBased,Fused,julia,float64,cpu,true,true,1,H100
9.657348368725868,9.638201,0.0,0.0,LDC-512000,LDC-512000,globalFaceBased,Fused,julia,float64,cpu,true,true,1,H100
28.789155747126436,28.75757,0.0,0.0,LDC-512000,LDC-512000,cellBased,Fused,julia,float64,cpu,true,true,1,H100
15.461725345679014,15.3851035,0.0,0.0,LDC-512000,LDC-512000,faceBased,Fused,julia,float64,cpu,true,true,2,H100
14.278359256410257,14.166391,0.0,0.0,LDC-512000,LDC-512000,globalFaceBased,Fused,julia,float64,cpu,true,true,2,H100
14.25431182905983,14.113212,0.0,0.0,LDC-512000,LDC-512000,batchedFace,Fused,julia,float64,cpu,true,true,2,H100
14.948122958208955,14.114689,0.0,0.0,LDC-512000,LDC-512000,cellBased,Fused,julia,float64,cpu,true,true,2,H100
8.31189500332226,8.219774,0.0,0.0,LDC-512000,LDC-512000,faceBased,Fused,julia,float64,cpu,true,true,4,H100
7.250068814492754,7.282176,0.0,0.0,LDC-512000,LDC-512000,globalFaceBased,Fused,julia,float64,cpu,true,true,4,H100
8.084585759289176,8.033312,0.0,0.0,LDC-512000,LDC-512000,batchedFace,Fused,julia,float64,cpu,true,true,4,H100
7.70585205238829,6.389601,0.0,0.0,LDC-512000,LDC-512000,cellBased,Fused,julia,float64,cpu,true,true,4,H100
4.837054884912959,4.7556885,0.0,0.0,LDC-512000,LDC-512000,faceBased,Fused,julia,float64,cpu,true,true,8,H100
3.8923763953307393,3.868645,0.0,0.0,LDC-512000,LDC-512000,globalFaceBased,Fused,julia,float64,cpu,true,true,8,H100
4.744804212523719,4.7270195,0.0,0.0,LDC-512000,LDC-512000,batchedFace,Fused,julia,float64,cpu,true,true,8,H100
4.6996012349624054,3.7609635,0.0,0.0,LDC-512000,LDC-512000,cellBased,Fused,julia,float64,cpu,true,true,8,H100
3.1034864438237117,3.050872,0.0,0.0,LDC-512000,LDC-512000,faceBased,Fused,julia,float64,cpu,true,true,16,H100
2.6838502738990333,2.6215265,0.0,0.0,LDC-512000,LDC-512000,globalFaceBased,Fused,julia,float64,cpu,true,true,16,H100
3.299820718626156,3.191114,0.0,0.0,LDC-512000,LDC-512000,batchedFace,Fused,julia,float64,cpu,true,true,16,H100
2.889381852515905,2.53852,0.0,0.0,LDC-512000,LDC-512000,cellBased,Fused,julia,float64,cpu,true,true,16,H100
2.480762069513406,2.4590955,0.0,0.0,LDC-512000,LDC-512000,faceBased,Fused,julia,float64,cpu,true,true,32,H100
2.4682698418972335,2.5222785,0.0,0.0,LDC-512000,LDC-512000,globalFaceBased,Fused,julia,float64,cpu,true,true,32,H100
2.4993731551551552,2.4668485,0.0,0.0,LDC-512000,LDC-512000,batchedFace,Fused,julia,float64,cpu,true,true,32,H100
2.1159004510385757,1.62575,0.0,0.0,LDC-512000,LDC-512000,cellBased,Fused,julia,float64,cpu,true,true,32,H100
2.20818726625387,2.189582,0.0,0.0,LDC-512000,LDC-512000,faceBased,Fused,julia,float64,cpu,true,true,64,H100
1.4765261914767684,1.504606,0.0,0.0,LDC-512000,LDC-512000,globalFaceBased,Fused,julia,float64,cpu,true,true,64,H100
2.087359706817231,2.052488,0.0,0.0,LDC-512000,LDC-512000,batchedFace,Fused,julia,float64,cpu,true,true,64,H100
1.4243520188841203,1.605226,0.0,0.0,LDC-512000,LDC-512000,cellBased,Fused,julia,float64,cpu,true,true,64,H100
2.61541396432319,2.273295,0.0,0.0,LDC-512000,LDC-512000,faceBased,Fused,julia,float64,cpu,true,true,128,H100
1.183956547794994,1.144692,0.0,0.0,LDC-512000,LDC-512000,globalFaceBased,Fused,julia,float64,cpu,true,true,128,H100
3.3665814516565247,3.252336,0.0,0.0,LDC-512000,LDC-512000,batchedFace,Fused,julia,float64,cpu,true,true,128,H100
0.9632583500294638,0.916507,0.0,0.0,LDC-512000,LDC-512000,cellBased,Fused,julia,float64,cpu,true,true,128,H100
83.87394571666667,83.806532,0.0,0.0,LDC-4096000,LDC-4096000,faceBased,Fused,julia,float64,cpu,true,true,1,H100
87.42560081034483,87.388569,0.0,0.0,LDC-4096000,LDC-4096000,globalFaceBased,Fused,julia,float64,cpu,true,true,1,H100
226.12511221739132,225.709463,0.0,0.0,LDC-4096000,LDC-4096000,cellBased,Fused,julia,float64,cpu,true,true,1,H100
126.0221493,122.344436,0.0,0.0,LDC-4096000,LDC-4096000,faceBased,Fused,julia,float64,cpu,true,true,2,H100
111.52959953333333,120.6621,0.0,0.0,LDC-4096000,LDC-4096000,globalFaceBased,Fused,julia,float64,cpu,true,true,2,H100
156.0837054848485,154.89484,0.0,0.0,LDC-4096000,LDC-4096000,batchedFace,Fused,julia,float64,cpu,true,true,2,H100
122.73665317073171,116.182346,0.0,0.0,LDC-4096000,LDC-4096000,cellBased,Fused,julia,float64,cpu,true,true,2,H100
65.09111297402598,70.777202,0.0,0.0,LDC-4096000,LDC-4096000,faceBased,Fused,julia,float64,cpu,true,true,4,H100
51.23725356122449,51.023853,0.0,0.0,LDC-4096000,LDC-4096000,globalFaceBased,Fused,julia,float64,cpu,true,true,4,H100
85.15095245762711,83.568204,0.0,0.0,LDC-4096000,LDC-4096000,batchedFace,Fused,julia,float64,cpu,true,true,4,H100
155.97433127272728,164.301856,0.0,0.0,LDC-4096000,LDC-4096000,cellBased,Fused,julia,float64,cpu,true,true,4,H100
40.290945719999996,39.648905,0.0,0.0,LDC-4096000,LDC-4096000,faceBased,Fused,julia,float64,cpu,true,true,8,H100
31.029853938271604,29.743713,0.0,0.0,LDC-4096000,LDC-4096000,globalFaceBased,Fused,julia,float64,cpu,true,true,8,H100
48.37222413461539,48.27398,0.0,0.0,LDC-4096000,LDC-4096000,batchedFace,Fused,julia,float64,cpu,true,true,8,H100
43.52681511304348,32.191056,0.0,0.0,LDC-4096000,LDC-4096000,cellBased,Fused,julia,float64,cpu,true,true,8,H100
29.187267023255814,28.242895,0.0,0.0,LDC-4096000,LDC-4096000,faceBased,Fused,julia,float64,cpu,true,true,16,H100
23.387173373831775,21.571133,0.0,0.0,LDC-4096000,LDC-4096000,globalFaceBased,Fused,julia,float64,cpu,true,true,16,H100
37.79285561654135,37.876177,0.0,0.0,LDC-4096000,LDC-4096000,batchedFace,Fused,julia,float64,cpu,true,true,16,H100
32.57326472727273,21.079605,0.0,0.0,LDC-4096000,LDC-4096000,cellBased,Fused,julia,float64,cpu,true,true,16,H100
17.718419480565373,17.455159,0.0,0.0,LDC-4096000,LDC-4096000,faceBased,Fused,julia,float64,cpu,true,true,32,H100
17.525977160839158,17.479905,0.0,0.0,LDC-4096000,LDC-4096000,globalFaceBased,Fused,julia,float64,cpu,true,true,32,H100
28.184775022471907,28.159743,0.0,0.0,LDC-4096000,LDC-4096000,batchedFace,Fused,julia,float64,cpu,true,true,32,H100
20.024949868,13.0274685,0.0,0.0,LDC-4096000,LDC-4096000,cellBased,Fused,julia,float64,cpu,true,true,32,H100
16.966695823728816,16.048009,0.0,0.0,LDC-4096000,LDC-4096000,faceBased,Fused,julia,float64,cpu,true,true,64,H100
19.838375912698414,19.877042,0.0,0.0,LDC-4096000,LDC-4096000,globalFaceBased,Fused,julia,float64,cpu,true,true,64,H100
36.722725824817516,36.730553,0.0,0.0,LDC-4096000,LDC-4096000,batchedFace,Fused,julia,float64,cpu,true,true,64,H100
20.035100556000003,21.650072,0.0,0.0,LDC-4096000,LDC-4096000,cellBased,Fused,julia,float64,cpu,true,true,64,H100
21.875037008733624,18.778689,0.0,0.0,LDC-4096000,LDC-4096000,faceBased,Fused,julia,float64,cpu,true,true,128,H100
15.68565268338558,15.4406,0.0,0.0,LDC-4096000,LDC-4096000,globalFaceBased,Fused,julia,float64,cpu,true,true,128,H100
36.43371800724638,34.944792,0.0,0.0,LDC-4096000,LDC-4096000,batchedFace,Fused,julia,float64,cpu,true,true,128,H100
14.242786817663816,13.529881,0.0,0.0,LDC-4096000,LDC-4096000,cellBased,Fused,julia,float64,cpu,true,true,128,H100
20.330229739837396,20.312676,0.0,0.0,LDC-1000000,LDC-1000000,faceBased,Fused,julia,float64,cpu,true,true,1,H100
21.253303207627116,21.231175,0.0,0.0,LDC-1000000,LDC-1000000,globalFaceBased,Fused,julia,float64,cpu,true,true,1,H100
55.47901974725275,55.443962,0.0,0.0,LDC-1000000,LDC-1000000,cellBased,Fused,julia,float64,cpu,true,true,1,H100
30.138322662650605,29.222858,0.0,0.0,LDC-1000000,LDC-1000000,faceBased,Fused,julia,float64,cpu,true,true,2,H100
27.972095497206702,27.662732,0.0,0.0,LDC-1000000,LDC-1000000,globalFaceBased,Fused,julia,float64,cpu,true,true,2,H100
30.739249147239263,30.508274,0.0,0.0,LDC-1000000,LDC-1000000,batchedFace,Fused,julia,float64,cpu,true,true,2,H100
34.99409081118881,30.380876,0.0,0.0,LDC-1000000,LDC-1000000,cellBased,Fused,julia,float64,cpu,true,true,2,H100
15.805449577287067,15.67866,0.0,0.0,LDC-1000000,LDC-1000000,faceBased,Fused,julia,float64,cpu,true,true,4,H100
13.586430875,13.8630685,0.0,0.0,LDC-1000000,LDC-1000000,globalFaceBased,Fused,julia,float64,cpu,true,true,4,H100
17.703659275618374,17.577258,0.0,0.0,LDC-1000000,LDC-1000000,batchedFace,Fused,julia,float64,cpu,true,true,4,H100
18.143754778985507,14.604301,0.0,0.0,LDC-1000000,LDC-1000000,cellBased,Fused,julia,float64,cpu,true,true,4,H100
8.784002468421052,8.71411,0.0,0.0,LDC-1000000,LDC-1000000,faceBased,Fused,julia,float64,cpu,true,true,8,H100
7.254358310595065,6.949132,0.0,0.0,LDC-1000000,LDC-1000000,globalFaceBased,Fused,julia,float64,cpu,true,true,8,H100
10.509325550420169,10.156834,0.0,0.0,LDC-1000000,LDC-1000000,batchedFace,Fused,julia,float64,cpu,true,true,8,H100
23.085126760368663,28.972533,0.0,0.0,LDC-1000000,LDC-1000000,cellBased,Fused,julia,float64,cpu,true,true,8,H100
5.611904437710438,5.379233,0.0,0.0,LDC-1000000,LDC-1000000,faceBased,Fused,julia,float64,cpu,true,true,16,H100
5.119584323770491,5.483981,0.0,0.0,LDC-1000000,LDC-1000000,globalFaceBased,Fused,julia,float64,cpu,true,true,16,H100
6.881029878954608,6.748544,0.0,0.0,LDC-1000000,LDC-1000000,batchedFace,Fused,julia,float64,cpu,true,true,16,H100
7.215573417027417,4.717106,0.0,0.0,LDC-1000000,LDC-1000000,cellBased,Fused,julia,float64,cpu,true,true,16,H100
3.946507420221169,3.770225,0.0,0.0,LDC-1000000,LDC-1000000,faceBased,Fused,julia,float64,cpu,true,true,32,H100
3.759407009781791,3.70438,0.0,0.0,LDC-1000000,LDC-1000000,globalFaceBased,Fused,julia,float64,cpu,true,true,32,H100
5.993937245803357,6.0374875,0.0,0.0,LDC-1000000,LDC-1000000,batchedFace,Fused,julia,float64,cpu,true,true,32,H100
4.900810040235525,2.887196,0.0,0.0,LDC-1000000,LDC-1000000,cellBased,Fused,julia,float64,cpu,true,true,32,H100
3.469887865785813,3.4822515,0.0,0.0,LDC-1000000,LDC-1000000,faceBased,Fused,julia,float64,cpu,true,true,64,H100
3.4180804818617383,3.385307,0.0,0.0,LDC-1000000,LDC-1000000,globalFaceBased,Fused,julia,float64,cpu,true,true,64,H100
5.9644473249701315,5.899258,0.0,0.0,LDC-1000000,LDC-1000000,batchedFace,Fused,julia,float64,cpu,true,true,64,H100
4.0984858685291705,4.366179,0.0,0.0,LDC-1000000,LDC-1000000,cellBased,Fused,julia,float64,cpu,true,true,64,H100
4.894601435721295,4.68545,0.0,0.0,LDC-1000000,LDC-1000000,faceBased,Fused,julia,float64,cpu,true,true,128,H100
2.984480653684841,2.876049,0.0,0.0,LDC-1000000,LDC-1000000,globalFaceBased,Fused,julia,float64,cpu,true,true,128,H100
6.911160213592233,6.682201,0.0,0.0,LDC-1000000,LDC-1000000,batchedFace,Fused,julia,float64,cpu,true,true,128,H100
3.0873254779366066,2.922116,0.0,0.0,LDC-1000000,LDC-1000000,cellBased,Fused,julia,float64,cpu,true,true,128,H100
13.864071157894736,13.849596,0.0,0.0,LDC-729000,LDC-729000,faceBased,Fused,julia,float64,cpu,true,true,1,H100
14.720314829411766,14.7017685,0.0,0.0,LDC-729000,LDC-729000,globalFaceBased,Fused,julia,float64,cpu,true,true,1,H100
39.485398086614175,39.431805,0.0,0.0,LDC-729000,LDC-729000,cellBased,Fused,julia,float64,cpu,true,true,1,H100
21.037544420168068,21.408208,0.0,0.0,LDC-729000,LDC-729000,faceBased,Fused,julia,float64,cpu,true,true,2,H100
19.423138321705427,20.1738355,0.0,0.0,LDC-729000,LDC-729000,globalFaceBased,Fused,julia,float64,cpu,true,true,2,H100
21.24436176694915,21.3240975,0.0,0.0,LDC-729000,LDC-729000,batchedFace,Fused,julia,float64,cpu,true,true,2,H100
20.622898419753085,20.427503,0.0,0.0,LDC-729000,LDC-729000,cellBased,Fused,julia,float64,cpu,true,true,2,H100
11.778891023529413,11.802791,0.0,0.0,LDC-729000,LDC-729000,faceBased,Fused,julia,float64,cpu,true,true,4,H100
9.887235986166008,10.0812685,0.0,0.0,LDC-729000,LDC-729000,globalFaceBased,Fused,julia,float64,cpu,true,true,4,H100
11.836188602836879,11.710879,0.0,0.0,LDC-729000,LDC-729000,batchedFace,Fused,julia,float64,cpu,true,true,4,H100
13.664099092896175,10.949592,0.0,0.0,LDC-729000,LDC-729000,cellBased,Fused,julia,float64,cpu,true,true,4,H100
6.698025453815261,6.497431,0.0,0.0,LDC-729000,LDC-729000,faceBased,Fused,julia,float64,cpu,true,true,8,H100
5.2868223784355175,5.3077305,0.0,0.0,LDC-729000,LDC-729000,globalFaceBased,Fused,julia,float64,cpu,true,true,8,H100
7.071656694483734,6.926358,0.0,0.0,LDC-729000,LDC-729000,batchedFace,Fused,julia,float64,cpu,true,true,8,H100
10.616031601694916,5.807081,0.0,0.0,LDC-729000,LDC-729000,cellBased,Fused,julia,float64,cpu,true,true,8,H100
4.122708227535037,4.054396,0.0,0.0,LDC-729000,LDC-729000,faceBased,Fused,julia,float64,cpu,true,true,16,H100
3.6676939603815115,3.514548,0.0,0.0,LDC-729000,LDC-729000,globalFaceBased,Fused,julia,float64,cpu,true,true,16,H100
5.591085609619687,5.7081095,0.0,0.0,LDC-729000,LDC-729000,batchedFace,Fused,julia,float64,cpu,true,true,16,H100
5.46297408852459,4.146164,0.0,0.0,LDC-729000,LDC-729000,cellBased,Fused,julia,float64,cpu,true,true,16,H100
2.9024585529069764,2.943248,0.0,0.0,LDC-729000,LDC-729000,faceBased,Fused,julia,float64,cpu,true,true,32,H100
2.6904235285560345,2.532624,0.0,0.0,LDC-729000,LDC-729000,globalFaceBased,Fused,julia,float64,cpu,true,true,32,H100
3.705978013363029,3.606707,0.0,0.0,LDC-729000,LDC-729000,batchedFace,Fused,julia,float64,cpu,true,true,32,H100
4.419331760176991,2.218257,0.0,0.0,LDC-729000,LDC-729000,cellBased,Fused,julia,float64,cpu,true,true,32,H100
2.5270590131578947,2.497409,0.0,0.0,LDC-729000,LDC-729000,faceBased,Fused,julia,float64,cpu,true,true,64,H100
2.1865391125711784,2.153895,0.0,0.0,LDC-729000,LDC-729000,globalFaceBased,Fused,julia,float64,cpu,true,true,64,H100
3.6385891239970825,3.480035,0.0,0.0,LDC-729000,LDC-729000,batchedFace,Fused,julia,float64,cpu,true,true,64,H100
2.4024524300867887,2.2462635,0.0,0.0,LDC-729000,LDC-729000,cellBased,Fused,julia,float64,cpu,true,true,64,H100
6.28354670025189,6.071914,0.0,0.0,LDC-729000,LDC-729000,faceBased,Fused,julia,float64,cpu,true,true,128,H100
3.569540445558739,3.2838305,0.0,0.0,LDC-729000,LDC-729000,globalFaceBased,Fused,julia,float64,cpu,true,true,128,H100
5.272852414194915,5.019258,0.0,0.0,LDC-729000,LDC-729000,batchedFace,Fused,julia,float64,cpu,true,true,128,H100
1.8214583632683106,1.730058,0.0,0.0,LDC-729000,LDC-729000,cellBased,Fused,julia,float64,cpu,true,true,128,H100
26.46361175132275,26.434513,0.0,0.0,LDC-1331000,LDC-1331000,faceBased,Fused,julia,float64,cpu,true,true,1,H100
27.725188127071824,27.703164,0.0,0.0,LDC-1331000,LDC-1331000,globalFaceBased,Fused,julia,float64,cpu,true,true,1,H100
72.32395534285713,72.2702795,0.0,0.0,LDC-1331000,LDC-1331000,cellBased,Fused,julia,float64,cpu,true,true,1,H100
41.17686602459016,43.273284,0.0,0.0,LDC-1331000,LDC-1331000,faceBased,Fused,julia,float64,cpu,true,true,2,H100
37.36070624626866,37.126347,0.0,0.0,LDC-1331000,LDC-1331000,globalFaceBased,Fused,julia,float64,cpu,true,true,2,H100
43.47651720869565,42.857658,0.0,0.0,LDC-1331000,LDC-1331000,batchedFace,Fused,julia,float64,cpu,true,true,2,H100
84.7666159661017,121.674714,0.0,0.0,LDC-1331000,LDC-1331000,cellBased,Fused,julia,float64,cpu,true,true,2,H100
20.60868690946502,20.715873,0.0,0.0,LDC-1331000,LDC-1331000,faceBased,Fused,julia,float64,cpu,true,true,4,H100
18.202940530909093,18.441403,0.0,0.0,LDC-1331000,LDC-1331000,globalFaceBased,Fused,julia,float64,cpu,true,true,4,H100
23.438949490654203,23.4287525,0.0,0.0,LDC-1331000,LDC-1331000,batchedFace,Fused,julia,float64,cpu,true,true,4,H100
25.436636868020305,20.738291,0.0,0.0,LDC-1331000,LDC-1331000,cellBased,Fused,julia,float64,cpu,true,true,4,H100
11.564214595842955,11.57135,0.0,0.0,LDC-1331000,LDC-1331000,faceBased,Fused,julia,float64,cpu,true,true,8,H100
9.395205796992482,9.3460775,0.0,0.0,LDC-1331000,LDC-1331000,globalFaceBased,Fused,julia,float64,cpu,true,true,8,H100
14.610509373177843,14.173284,0.0,0.0,LDC-1331000,LDC-1331000,batchedFace,Fused,julia,float64,cpu,true,true,8,H100
28.106511617977528,28.058213,0.0,0.0,LDC-1331000,LDC-1331000,cellBased,Fused,julia,float64,cpu,true,true,8,H100
7.600708424012158,7.531725,0.0,0.0,LDC-1331000,LDC-1331000,faceBased,Fused,julia,float64,cpu,true,true,16,H100
6.067644583737864,6.0062975,0.0,0.0,LDC-1331000,LDC-1331000,globalFaceBased,Fused,julia,float64,cpu,true,true,16,H100
9.258972131481482,9.063165,0.0,0.0,LDC-1331000,LDC-1331000,batchedFace,Fused,julia,float64,cpu,true,true,16,H100
11.743362206572769,7.150291,0.0,0.0,LDC-1331000,LDC-1331000,cellBased,Fused,julia,float64,cpu,true,true,16,H100
5.117721718237704,5.080397,0.0,0.0,LDC-1331000,LDC-1331000,faceBased,Fused,julia,float64,cpu,true,true,32,H100
5.018860704819277,4.817241,0.0,0.0,LDC-1331000,LDC-1331000,globalFaceBased,Fused,julia,float64,cpu,true,true,32,H100
9.465546473484848,9.8606855,0.0,0.0,LDC-1331000,LDC-1331000,batchedFace,Fused,julia,float64,cpu,true,true,32,H100
5.253659116719243,5.209782,0.0,0.0,LDC-1331000,LDC-1331000,cellBased,Fused,julia,float64,cpu,true,true,32,H100
6.216852419676214,6.269421,0.0,0.0,LDC-1331000,LDC-1331000,faceBased,Fused,julia,float64,cpu,true,true,64,H100
5.880654625882353,5.980035,0.0,0.0,LDC-1331000,LDC-1331000,globalFaceBased,Fused,julia,float64,cpu,true,true,64,H100
11.393844097949886,11.387296,0.0,0.0,LDC-1331000,LDC-1331000,batchedFace,Fused,julia,float64,cpu,true,true,64,H100
6.352672128498727,5.3715065,0.0,0.0,LDC-1331000,LDC-1331000,cellBased,Fused,julia,float64,cpu,true,true,64,H100
6.860000884615385,6.6952665,0.0,0.0,LDC-1331000,LDC-1331000,faceBased,Fused,julia,float64,cpu,true,true,128,H100
4.962370917412936,4.834633,0.0,0.0,LDC-1331000,LDC-1331000,globalFaceBased,Fused,julia,float64,cpu,true,true,128,H100
13.044969480417754,12.592722,0.0,0.0,LDC-1331000,LDC-1331000,batchedFace,Fused,julia,float64,cpu,true,true,128,H100
7.003942123595506,6.733539,0.0,0.0,LDC-1331000,LDC-1331000,cellBased,Fused,julia,float64,cpu,true,true,128,H100
1126.0911208,1125.887272,0.0,0.0,LDC-54872000,LDC-54872000,faceBased,Fused,julia,float64,cpu,true,true,1,H100
1146.2837474,1145.997144,0.0,0.0,LDC-54872000,LDC-54872000,globalFaceBased,Fused,julia,float64,cpu,true,true,1,H100
3330.0304975,3330.0304975,0.0,0.0,LDC-54872000,LDC-54872000,cellBased,Fused,julia,float64,cpu,true,true,1,H100
1838.887187,1596.475173,0.0,0.0,LDC-54872000,LDC-54872000,faceBased,Fused,julia,float64,cpu,true,true,2,H100
1558.57027825,1527.531976,0.0,0.0,LDC-54872000,LDC-54872000,globalFaceBased,Fused,julia,float64,cpu,true,true,2,H100
2038.331459,1992.659423,0.0,0.0,LDC-54872000,LDC-54872000,batchedFace,Fused,julia,float64,cpu,true,true,2,H100
1732.183545,1742.232048,0.0,0.0,LDC-54872000,LDC-54872000,cellBased,Fused,julia,float64,cpu,true,true,2,H100
906.1254675,916.4572555,0.0,0.0,LDC-54872000,LDC-54872000,faceBased,Fused,julia,float64,cpu,true,true,4,H100
866.745086,878.7343845,0.0,0.0,LDC-54872000,LDC-54872000,globalFaceBased,Fused,julia,float64,cpu,true,true,4,H100
1475.6160185,1478.114639,0.0,0.0,LDC-54872000,LDC-54872000,batchedFace,Fused,julia,float64,cpu,true,true,4,H100
1887.007194,1862.923428,0.0,0.0,LDC-54872000,LDC-54872000,cellBased,Fused,julia,float64,cpu,true,true,4,H100
479.139098,469.250821,0.0,0.0,LDC-54872000,LDC-54872000,faceBased,Fused,julia,float64,cpu,true,true,8,H100
395.98257661538463,404.302864,0.0,0.0,LDC-54872000,LDC-54872000,globalFaceBased,Fused,julia,float64,cpu,true,true,8,H100
581.1165023333334,581.621287,0.0,0.0,LDC-54872000,LDC-54872000,batchedFace,Fused,julia,float64,cpu,true,true,8,H100
1083.1280132,1138.754232,0.0,0.0,LDC-54872000,LDC-54872000,cellBased,Fused,julia,float64,cpu,true,true,8,H100
270.4610502105263,271.505894,0.0,0.0,LDC-54872000,LDC-54872000,faceBased,Fused,julia,float64,cpu,true,true,16,H100
235.2136936818182,234.744551,0.0,0.0,LDC-54872000,LDC-54872000,globalFaceBased,Fused,julia,float64,cpu,true,true,16,H100
562.8893867777778,563.137538,0.0,0.0,LDC-54872000,LDC-54872000,batchedFace,Fused,julia,float64,cpu,true,true,16,H100
570.7485338888888,594.94224,0.0,0.0,LDC-54872000,LDC-54872000,cellBased,Fused,julia,float64,cpu,true,true,16,H100
191.21896766666666,191.185989,0.0,0.0,LDC-54872000,LDC-54872000,faceBased,Fused,julia,float64,cpu,true,true,32,H100
193.26135607692308,192.561883,0.0,0.0,LDC-54872000,LDC-54872000,globalFaceBased,Fused,julia,float64,cpu,true,true,32,H100
551.119292,550.7572545,0.0,0.0,LDC-54872000,LDC-54872000,batchedFace,Fused,julia,float64,cpu,true,true,32,H100
387.083577,415.738587,0.0,0.0,LDC-54872000,LDC-54872000,cellBased,Fused,julia,float64,cpu,true,true,32,H100
149.47007614705882,147.097427,0.0,0.0,LDC-54872000,LDC-54872000,faceBased,Fused,julia,float64,cpu,true,true,64,H100
168.08727306666665,167.753235,0.0,0.0,LDC-54872000,LDC-54872000,globalFaceBased,Fused,julia,float64,cpu,true,true,64,H100
346.4605196,346.053239,0.0,0.0,LDC-54872000,LDC-54872000,batchedFace,Fused,julia,float64,cpu,true,true,64,H100
229.72346745454547,247.5448435,0.0,0.0,LDC-54872000,LDC-54872000,cellBased,Fused,julia,float64,cpu,true,true,64,H100
140.63117141666666,139.1203785,0.0,0.0,LDC-54872000,LDC-54872000,faceBased,Fused,julia,float64,cpu,true,true,128,H100
131.6261692631579,128.723419,0.0,0.0,LDC-54872000,LDC-54872000,globalFaceBased,Fused,julia,float64,cpu,true,true,128,H100
301.9172594117647,298.189772,0.0,0.0,LDC-54872000,LDC-54872000,batchedFace,Fused,julia,float64,cpu,true,true,128,H100
164.9252394516129,164.655596,0.0,0.0,LDC-54872000,LDC-54872000,cellBased,Fused,julia,float64,cpu,true,true,128,H100
681.815253875,682.127141,0.0,0.0,LDC-32768000,LDC-32768000,faceBased,Fused,julia,float64,cpu,true,true,1,H100
686.94548825,686.371141,0.0,0.0,LDC-32768000,LDC-32768000,globalFaceBased,Fused,julia,float64,cpu,true,true,1,H100
1955.7105493333333,1943.181041,0.0,0.0,LDC-32768000,LDC-32768000,cellBased,Fused,julia,float64,cpu,true,true,1,H100
1012.2469066,1021.721169,0.0,0.0,LDC-32768000,LDC-32768000,faceBased,Fused,julia,float64,cpu,true,true,2,H100
871.0657128333334,863.6297005,0.0,0.0,LDC-32768000,LDC-32768000,globalFaceBased,Fused,julia,float64,cpu,true,true,2,H100
1219.4401434000001,1215.168397,0.0,0.0,LDC-32768000,LDC-32768000,batchedFace,Fused,julia,float64,cpu,true,true,2,H100
1729.085393,1353.294339,0.0,0.0,LDC-32768000,LDC-32768000,cellBased,Fused,julia,float64,cpu,true,true,2,H100
540.0542211000001,531.624301,0.0,0.0,LDC-32768000,LDC-32768000,faceBased,Fused,julia,float64,cpu,true,true,4,H100
449.7939156666667,453.2770465,0.0,0.0,LDC-32768000,LDC-32768000,globalFaceBased,Fused,julia,float64,cpu,true,true,4,H100
646.09780625,647.8571435,0.0,0.0,LDC-32768000,LDC-32768000,batchedFace,Fused,julia,float64,cpu,true,true,4,H100
1138.1864526,1297.125324,0.0,0.0,LDC-32768000,LDC-32768000,cellBased,Fused,julia,float64,cpu,true,true,4,H100
309.2474704705882,310.094593,0.0,0.0,LDC-32768000,LDC-32768000,faceBased,Fused,julia,float64,cpu,true,true,8,H100
251.20300115,243.974566,0.0,0.0,LDC-32768000,LDC-32768000,globalFaceBased,Fused,julia,float64,cpu,true,true,8,H100
499.53437545454545,500.556631,0.0,0.0,LDC-32768000,LDC-32768000,batchedFace,Fused,julia,float64,cpu,true,true,8,H100
606.8687807777778,621.737517,0.0,0.0,LDC-32768000,LDC-32768000,cellBased,Fused,julia,float64,cpu,true,true,8,H100
187.89346681481481,188.634468,0.0,0.0,LDC-32768000,LDC-32768000,faceBased,Fused,julia,float64,cpu,true,true,16,H100
136.16671102702705,134.726599,0.0,0.0,LDC-32768000,LDC-32768000,globalFaceBased,Fused,julia,float64,cpu,true,true,16,H100
256.7545456,256.596834,0.0,0.0,LDC-32768000,LDC-32768000,batchedFace,Fused,julia,float64,cpu,true,true,16,H100
429.3589255833333,464.282227,0.0,0.0,LDC-32768000,LDC-32768000,cellBased,Fused,julia,float64,cpu,true,true,16,H100
151.67105466666666,151.491919,0.0,0.0,LDC-32768000,LDC-32768000,faceBased,Fused,julia,float64,cpu,true,true,32,H100
149.24898838235296,148.972965,0.0,0.0,LDC-32768000,LDC-32768000,globalFaceBased,Fused,julia,float64,cpu,true,true,32,H100
353.76111746666663,350.379952,0.0,0.0,LDC-32768000,LDC-32768000,batchedFace,Fused,julia,float64,cpu,true,true,32,H100
302.92054335294114,322.51829,0.0,0.0,LDC-32768000,LDC-32768000,cellBased,Fused,julia,float64,cpu,true,true,32,H100
147.80027014705882,147.4675085,0.0,0.0,LDC-32768000,LDC-32768000,faceBased,Fused,julia,float64,cpu,true,true,64,H100
167.16253583333335,165.2383355,0.0,0.0,LDC-32768000,LDC-32768000,globalFaceBased,Fused,julia,float64,cpu,true,true,64,H100
207.80521052,206.920082,0.0,0.0,LDC-32768000,LDC-32768000,batchedFace,Fused,julia,float64,cpu,true,true,64,H100
184.6729772857143,189.6272765,0.0,0.0,LDC-32768000,LDC-32768000,cellBased,Fused,julia,float64,cpu,true,true,64,H100
120.81801614285715,119.74401,0.0,0.0,LDC-32768000,LDC-32768000,faceBased,Fused,julia,float64,cpu,true,true,128,H100
115.13874847727273,114.446887,0.0,0.0,LDC-32768000,LDC-32768000,globalFaceBased,Fused,julia,float64,cpu,true,true,128,H100
209.74096220833334,206.526962,0.0,0.0,LDC-32768000,LDC-32768000,batchedFace,Fused,julia,float64,cpu,true,true,128,H100
111.18649524444444,109.934181,0.0,0.0,LDC-32768000,LDC-32768000,cellBased,Fused,julia,float64,cpu,true,true,128,H100
1318.633403,1318.589387,0.0,0.0,LDC-64000000,LDC-64000000,faceBased,Fused,julia,float64,cpu,true,true,1,H100
1333.323368,1333.3641045,0.0,0.0,LDC-64000000,LDC-64000000,globalFaceBased,Fused,julia,float64,cpu,true,true,1,H100
3577.88191,3577.88191,0.0,0.0,LDC-64000000,LDC-64000000,cellBased,Fused,julia,float64,cpu,true,true,1,H100
2203.8695556666667,1954.120121,0.0,0.0,LDC-64000000,LDC-64000000,faceBased,Fused,julia,float64,cpu,true,true,2,H100
1702.4988073333332,1677.858818,0.0,0.0,LDC-64000000,LDC-64000000,globalFaceBased,Fused,julia,float64,cpu,true,true,2,H100
2295.2515733333335,2307.535178,0.0,0.0,LDC-64000000,LDC-64000000,batchedFace,Fused,julia,float64,cpu,true,true,2,H100
2908.5120495,2908.5120495,0.0,0.0,LDC-64000000,LDC-64000000,cellBased,Fused,julia,float64,cpu,true,true,2,H100
977.4828848333334,984.9364925,0.0,0.0,LDC-64000000,LDC-64000000,faceBased,Fused,julia,float64,cpu,true,true,4,H100
909.9732025,908.6433245,0.0,0.0,LDC-64000000,LDC-64000000,globalFaceBased,Fused,julia,float64,cpu,true,true,4,H100
1227.9394287999999,1226.94719,0.0,0.0,LDC-64000000,LDC-64000000,batchedFace,Fused,julia,float64,cpu,true,true,4,H100
1804.50851525,1754.068182,0.0,0.0,LDC-64000000,LDC-64000000,cellBased,Fused,julia,float64,cpu,true,true,4,H100
607.4802743333333,588.680909,0.0,0.0,LDC-64000000,LDC-64000000,faceBased,Fused,julia,float64,cpu,true,true,8,H100
606.9912056666666,607.12,0.0,0.0,LDC-64000000,LDC-64000000,globalFaceBased,Fused,julia,float64,cpu,true,true,8,H100
1069.1245518,1068.398449,0.0,0.0,LDC-64000000,LDC-64000000,batchedFace,Fused,julia,float64,cpu,true,true,8,H100
1019.088632,959.19435,0.0,0.0,LDC-64000000,LDC-64000000,cellBased,Fused,julia,float64,cpu,true,true,8,H100
316.69457675,317.101768,0.0,0.0,LDC-64000000,LDC-64000000,faceBased,Fused,julia,float64,cpu,true,true,16,H100
260.38450495,257.1844185,0.0,0.0,LDC-64000000,LDC-64000000,globalFaceBased,Fused,julia,float64,cpu,true,true,16,H100
501.3895899,502.935462,0.0,0.0,LDC-64000000,LDC-64000000,batchedFace,Fused,julia,float64,cpu,true,true,16,H100
736.7460985714285,793.491401,0.0,0.0,LDC-64000000,LDC-64000000,cellBased,Fused,julia,float64,cpu,true,true,16,H100
228.46386931818182,228.2035115,0.0,0.0,LDC-64000000,LDC-64000000,faceBased,Fused,julia,float64,cpu,true,true,32,H100
204.02167752,203.646874,0.0,0.0,LDC-64000000,LDC-64000000,globalFaceBased,Fused,julia,float64,cpu,true,true,32,H100
622.6122895555555,621.773466,0.0,0.0,LDC-64000000,LDC-64000000,batchedFace,Fused,julia,float64,cpu,true,true,32,H100
521.9119698000001,546.2969285,0.0,0.0,LDC-64000000,LDC-64000000,cellBased,Fused,julia,float64,cpu,true,true,32,H100
218.9885872173913,218.639338,0.0,0.0,LDC-64000000,LDC-64000000,faceBased,Fused,julia,float64,cpu,true,true,64,H100
191.37186077777778,188.612194,0.0,0.0,LDC-64000000,LDC-64000000,globalFaceBased,Fused,julia,float64,cpu,true,true,64,H100
389.7496504615384,390.010822,0.0,0.0,LDC-64000000,LDC-64000000,batchedFace,Fused,julia,float64,cpu,true,true,64,H100
332.2845040625,339.903781,0.0,0.0,LDC-64000000,LDC-64000000,cellBased,Fused,julia,float64,cpu,true,true,64,H100
196.8130003076923,196.456418,0.0,0.0,LDC-64000000,LDC-64000000,faceBased,Fused,julia,float64,cpu,true,true,128,H100
208.468837,208.3983565,0.0,0.0,LDC-64000000,LDC-64000000,globalFaceBased,Fused,julia,float64,cpu,true,true,128,H100
355.4455374,351.839235,0.0,0.0,LDC-64000000,LDC-64000000,batchedFace,Fused,julia,float64,cpu,true,true,128,H100
189.7462782962963,187.392499,0.0,0.0,LDC-64000000,LDC-64000000,cellBased,Fused,julia,float64,cpu,true,true,128,H100
0.42305884639999997,0.421572,0.0,0.0,LDC-27000,LDC-27000,faceBased,Fused,julia,float64,cpu,true,true,1,H100
0.4627987004,0.460577,0.0,0.0,LDC-27000,LDC-27000,globalFaceBased,Fused,julia,float64,cpu,true,true,1,H100
1.1890784659847764,1.1692775,0.009631512369172217,0.0,LDC-27000,LDC-27000,cellBased,Fused,julia,float64,cpu,true,true,1,H100
0.8951452978685295,0.890643,0.0,0.0,LDC-27000,LDC-27000,faceBased,Fused,julia,float64,cpu,true,true,2,H100
0.7837761805207026,0.786736,0.0,0.0,LDC-27000,LDC-27000,globalFaceBased,Fused,julia,float64,cpu,true,true,2,H100
0.5952327329281373,0.592024,0.0,0.0,LDC-27000,LDC-27000,batchedFace,Fused,julia,float64,cpu,true,true,2,H100
0.5938120771425176,0.722533,0.0,0.0,LDC-27000,LDC-27000,cellBased,Fused,julia,float64,cpu,true,true,2,H100
0.5351861666666666,0.533515,0.0,0.0,LDC-27000,LDC-27000,faceBased,Fused,julia,float64,cpu,true,true,4,H100
0.419560853,0.413483,0.0,0.0,LDC-27000,LDC-27000,globalFaceBased,Fused,julia,float64,cpu,true,true,4,H100
0.3353556508,0.334819,0.0,0.0,LDC-27000,LDC-27000,batchedFace,Fused,julia,float64,cpu,true,true,4,H100
0.4159218813,0.295898,0.0,0.0,LDC-27000,LDC-27000,cellBased,Fused,julia,float64,cpu,true,true,4,H100
0.4232136935,0.428851,0.0,0.0,LDC-27000,LDC-27000,faceBased,Fused,julia,float64,cpu,true,true,8,H100
0.2942651249,0.297396,0.0,0.0,LDC-27000,LDC-27000,globalFaceBased,Fused,julia,float64,cpu,true,true,8,H100
0.30264746470000004,0.300971,0.0,0.0,LDC-27000,LDC-27000,batchedFace,Fused,julia,float64,cpu,true,true,8,H100
0.1626584918,0.160871,0.0,0.0,LDC-27000,LDC-27000,cellBased,Fused,julia,float64,cpu,true,true,8,H100
0.3196190795,0.3036545,0.0,0.0,LDC-27000,LDC-27000,faceBased,Fused,julia,float64,cpu,true,true,16,H100
0.248973419,0.2531335,0.0,0.0,LDC-27000,LDC-27000,globalFaceBased,Fused,julia,float64,cpu,true,true,16,H100
0.2613245068,0.2598825,0.0,0.0,LDC-27000,LDC-27000,batchedFace,Fused,julia,float64,cpu,true,true,16,H100
0.0771613738,0.0753905,0.0,0.0,LDC-27000,LDC-27000,cellBased,Fused,julia,float64,cpu,true,true,16,H100
0.4202669263,0.4192845,0.0,0.0,LDC-27000,LDC-27000,faceBased,Fused,julia,float64,cpu,true,true,32,H100
0.2460107379,0.2449805,0.0,0.0,LDC-27000,LDC-27000,globalFaceBased,Fused,julia,float64,cpu,true,true,32,H100
0.2548912767,0.2534025,0.0,0.0,LDC-27000,LDC-27000,batchedFace,Fused,julia,float64,cpu,true,true,32,H100
0.0413290777,0.039651,0.0,0.0,LDC-27000,LDC-27000,cellBased,Fused,julia,float64,cpu,true,true,32,H100
0.2462370163,0.24432,0.0,0.0,LDC-27000,LDC-27000,faceBased,Fused,julia,float64,cpu,true,true,64,H100
0.1155375042,0.1138205,0.0,0.0,LDC-27000,LDC-27000,globalFaceBased,Fused,julia,float64,cpu,true,true,64,H100
0.3077114055,0.307622,0.0,0.0,LDC-27000,LDC-27000,batchedFace,Fused,julia,float64,cpu,true,true,64,H100
0.0312960169,0.029935,0.0,0.0,LDC-27000,LDC-27000,cellBased,Fused,julia,float64,cpu,true,true,64,H100
0.3175428205,0.311834,0.0,0.0,LDC-27000,LDC-27000,faceBased,Fused,julia,float64,cpu,true,true,128,H100
0.1074922381,0.1044315,0.0,0.0,LDC-27000,LDC-27000,globalFaceBased,Fused,julia,float64,cpu,true,true,128,H100
0.41089108529999996,0.4039055,0.0,0.0,LDC-27000,LDC-27000,batchedFace,Fused,julia,float64,cpu,true,true,128,H100
0.0348103698,0.0340995,0.0,0.0,LDC-27000,LDC-27000,cellBased,Fused,julia,float64,cpu,true,true,128,H100
442.1975945,442.312917,0.0,0.0,LDC-21952000,LDC-21952000,faceBased,Fused,julia,float64,cpu,true,true,1,H100
454.47692033333334,454.4348985,0.0,0.0,LDC-21952000,LDC-21952000,globalFaceBased,Fused,julia,float64,cpu,true,true,1,H100
1210.7813832,1213.56411,0.0,0.0,LDC-21952000,LDC-21952000,cellBased,Fused,julia,float64,cpu,true,true,1,H100
646.58134825,623.135322,0.0,0.0,LDC-21952000,LDC-21952000,faceBased,Fused,julia,float64,cpu,true,true,2,H100
589.3066194444444,606.561955,0.0,0.0,LDC-21952000,LDC-21952000,globalFaceBased,Fused,julia,float64,cpu,true,true,2,H100
803.6452937142857,808.49795,0.0,0.0,LDC-21952000,LDC-21952000,batchedFace,Fused,julia,float64,cpu,true,true,2,H100
781.0511462857143,683.214174,0.0,0.0,LDC-21952000,LDC-21952000,cellBased,Fused,julia,float64,cpu,true,true,2,H100
330.952832375,335.40025,0.0,0.0,LDC-21952000,LDC-21952000,faceBased,Fused,julia,float64,cpu,true,true,4,H100
309.08246835294113,321.297348,0.0,0.0,LDC-21952000,LDC-21952000,globalFaceBased,Fused,julia,float64,cpu,true,true,4,H100
427.9123825,427.3793815,0.0,0.0,LDC-21952000,LDC-21952000,batchedFace,Fused,julia,float64,cpu,true,true,4,H100
669.8171165,714.410334,0.0,0.0,LDC-21952000,LDC-21952000,cellBased,Fused,julia,float64,cpu,true,true,4,H100
189.50145703703706,191.767521,0.0,0.0,LDC-21952000,LDC-21952000,faceBased,Fused,julia,float64,cpu,true,true,8,H100
154.39869015151515,151.797147,0.0,0.0,LDC-21952000,LDC-21952000,globalFaceBased,Fused,julia,float64,cpu,true,true,8,H100
274.60381831578945,285.740749,0.0,0.0,LDC-21952000,LDC-21952000,batchedFace,Fused,julia,float64,cpu,true,true,8,H100
364.16522221428573,396.909827,0.0,0.0,LDC-21952000,LDC-21952000,cellBased,Fused,julia,float64,cpu,true,true,8,H100
113.5546986,112.093998,0.0,0.0,LDC-21952000,LDC-21952000,faceBased,Fused,julia,float64,cpu,true,true,16,H100
88.461907122807,92.972283,0.0,0.0,LDC-21952000,LDC-21952000,globalFaceBased,Fused,julia,float64,cpu,true,true,16,H100
233.23706254545453,232.9865605,0.0,0.0,LDC-21952000,LDC-21952000,batchedFace,Fused,julia,float64,cpu,true,true,16,H100
231.06082613636363,238.3798075,0.0,0.0,LDC-21952000,LDC-21952000,cellBased,Fused,julia,float64,cpu,true,true,16,H100
85.19897989830508,84.910671,0.0,0.0,LDC-21952000,LDC-21952000,faceBased,Fused,julia,float64,cpu,true,true,32,H100
78.844974453125,77.7226395,0.0,0.0,LDC-21952000,LDC-21952000,globalFaceBased,Fused,julia,float64,cpu,true,true,32,H100
176.85349924137932,176.596515,0.0,0.0,LDC-21952000,LDC-21952000,batchedFace,Fused,julia,float64,cpu,true,true,32,H100
212.27668770833336,216.086021,0.0,0.0,LDC-21952000,LDC-21952000,cellBased,Fused,julia,float64,cpu,true,true,32,H100
79.63602146031747,79.084496,0.0,0.0,LDC-21952000,LDC-21952000,faceBased,Fused,julia,float64,cpu,true,true,64,H100
77.80018750769231,74.076462,0.0,0.0,LDC-21952000,LDC-21952000,globalFaceBased,Fused,julia,float64,cpu,true,true,64,H100
166.80678453333334,167.1420405,0.0,0.0,LDC-21952000,LDC-21952000,batchedFace,Fused,julia,float64,cpu,true,true,64,H100
128.71771084615384,129.035147,0.0,0.0,LDC-21952000,LDC-21952000,cellBased,Fused,julia,float64,cpu,true,true,64,H100
65.97072843421053,64.958924,0.0,0.0,LDC-21952000,LDC-21952000,faceBased,Fused,julia,float64,cpu,true,true,128,H100
69.7098289861111,69.593196,0.0,0.0,LDC-21952000,LDC-21952000,globalFaceBased,Fused,julia,float64,cpu,true,true,128,H100
148.87141870588235,144.7910625,0.0,0.0,LDC-21952000,LDC-21952000,batchedFace,Fused,julia,float64,cpu,true,true,128,H100
73.79028085294117,73.1781605,0.0,0.0,LDC-21952000,LDC-21952000,cellBased,Fused,julia,float64,cpu,true,true,128,H100
0.9990649024390245,0.9809735,0.0,0.0,LDC-64000,LDC-64000,faceBased,Fused,julia,float64,cpu,true,true,1,H100
1.076552500538445,1.0704,0.0,0.0,LDC-64000,LDC-64000,globalFaceBased,Fused,julia,float64,cpu,true,true,1,H100
2.8211165361173816,2.7858455,0.02141757731376975,0.0,LDC-64000,LDC-64000,cellBased,Fused,julia,float64,cpu,true,true,1,H100
2.0272627424979723,2.0153175,0.0,0.0,LDC-64000,LDC-64000,faceBased,Fused,julia,float64,cpu,true,true,2,H100
1.8200368893338188,1.811656,0.0,0.0,LDC-64000,LDC-64000,globalFaceBased,Fused,julia,float64,cpu,true,true,2,H100
1.6819904290040377,1.7328945,0.0,0.0,LDC-64000,LDC-64000,batchedFace,Fused,julia,float64,cpu,true,true,2,H100
1.6652937848101266,1.368213,0.0,0.0,LDC-64000,LDC-64000,cellBased,Fused,julia,float64,cpu,true,true,2,H100
1.1568872025462964,1.151748,0.0,0.0,LDC-64000,LDC-64000,faceBased,Fused,julia,float64,cpu,true,true,4,H100
0.9353934607898184,0.927973,0.0,0.0,LDC-64000,LDC-64000,globalFaceBased,Fused,julia,float64,cpu,true,true,4,H100
0.9845430468965517,0.990672,0.0,0.0,LDC-64000,LDC-64000,batchedFace,Fused,julia,float64,cpu,true,true,4,H100
0.7030876691993809,0.548164,0.0,0.0,LDC-64000,LDC-64000,cellBased,Fused,julia,float64,cpu,true,true,4,H100
0.6971211677833613,0.73002,0.0,0.0,LDC-64000,LDC-64000,faceBased,Fused,julia,float64,cpu,true,true,8,H100
0.636952051007396,0.6311865,0.0,0.0,LDC-64000,LDC-64000,globalFaceBased,Fused,julia,float64,cpu,true,true,8,H100
0.511452505479873,0.508619,0.0,0.0,LDC-64000,LDC-64000,batchedFace,Fused,julia,float64,cpu,true,true,8,H100
0.3596066637,0.4424335,0.0,0.0,LDC-64000,LDC-64000,cellBased,Fused,julia,float64,cpu,true,true,8,H100
0.5335187321504917,0.5274265,0.0,0.0,LDC-64000,LDC-64000,faceBased,Fused,julia,float64,cpu,true,true,16,H100
0.5003361716260896,0.498766,0.0,0.0,LDC-64000,LDC-64000,globalFaceBased,Fused,julia,float64,cpu,true,true,16,H100
0.4866418218,0.485268,0.0,0.0,LDC-64000,LDC-64000,batchedFace,Fused,julia,float64,cpu,true,true,16,H100
0.2008163442,0.198292,0.0,0.0,LDC-64000,LDC-64000,cellBased,Fused,julia,float64,cpu,true,true,16,H100
0.557738255644981,0.5493635,0.0,0.0,LDC-64000,LDC-64000,faceBased,Fused,julia,float64,cpu,true,true,32,H100
0.31242665740000003,0.306354,0.0,0.0,LDC-64000,LDC-64000,globalFaceBased,Fused,julia,float64,cpu,true,true,32,H100
0.4656075831,0.462313,0.0,0.0,LDC-64000,LDC-64000,batchedFace,Fused,julia,float64,cpu,true,true,32,H100
0.0961408472,0.0927725,0.0,0.0,LDC-64000,LDC-64000,cellBased,Fused,julia,float64,cpu,true,true,32,H100
0.4872653982,0.4837635,0.0,0.0,LDC-64000,LDC-64000,faceBased,Fused,julia,float64,cpu,true,true,64,H100
0.20379175260000001,0.200769,0.0,0.0,LDC-64000,LDC-64000,globalFaceBased,Fused,julia,float64,cpu,true,true,64,H100
0.5033975474408254,0.5008155,0.0,0.0,LDC-64000,LDC-64000,batchedFace,Fused,julia,float64,cpu,true,true,64,H100
0.053375978600000006,0.051412,0.0,0.0,LDC-64000,LDC-64000,cellBased,Fused,julia,float64,cpu,true,true,64,H100
1.7851561500897666,1.063504,0.0,0.0,LDC-64000,LDC-64000,faceBased,Fused,julia,float64,cpu,true,true,128,H100
0.30159263280000004,0.276912,0.0,0.0,LDC-64000,LDC-64000,globalFaceBased,Fused,julia,float64,cpu,true,true,128,H100
1.4621786585150265,1.4057395,0.0,0.0,LDC-64000,LDC-64000,batchedFace,Fused,julia,float64,cpu,true,true,128,H100
0.0751621344,0.071227,0.0,0.0,LDC-64000,LDC-64000,cellBased,Fused,julia,float64,cpu,true,true,128,H100
162.32650945161288,162.086054,0.0,0.0,LDC-8000000,LDC-8000000,faceBased,Fused,julia,float64,cpu,true,true,1,H100
167.1674582,167.0536275,0.0,0.0,LDC-8000000,LDC-8000000,globalFaceBased,Fused,julia,float64,cpu,true,true,1,H100
439.667922,439.363988,0.0,0.0,LDC-8000000,LDC-8000000,cellBased,Fused,julia,float64,cpu,true,true,1,H100
233.4149100909091,230.738794,0.0,0.0,LDC-8000000,LDC-8000000,faceBased,Fused,julia,float64,cpu,true,true,2,H100
222.3686591304348,221.08161,0.0,0.0,LDC-8000000,LDC-8000000,globalFaceBased,Fused,julia,float64,cpu,true,true,2,H100
295.685299,294.828381,0.0,0.0,LDC-8000000,LDC-8000000,batchedFace,Fused,julia,float64,cpu,true,true,2,H100
247.16581404761905,243.020205,0.0,0.0,LDC-8000000,LDC-8000000,cellBased,Fused,julia,float64,cpu,true,true,2,H100
124.6405563902439,125.074442,0.0,0.0,LDC-8000000,LDC-8000000,faceBased,Fused,julia,float64,cpu,true,true,4,H100
114.19017688636364,116.8527195,0.0,0.0,LDC-8000000,LDC-8000000,globalFaceBased,Fused,julia,float64,cpu,true,true,4,H100
153.35596636363638,154.999735,0.0,0.0,LDC-8000000,LDC-8000000,batchedFace,Fused,julia,float64,cpu,true,true,4,H100
299.7843202352941,318.445679,0.0,0.0,LDC-8000000,LDC-8000000,cellBased,Fused,julia,float64,cpu,true,true,4,H100
70.45254336619719,70.62202,0.0,0.0,LDC-8000000,LDC-8000000,faceBased,Fused,julia,float64,cpu,true,true,8,H100
58.4632545,56.0039,0.0,0.0,LDC-8000000,LDC-8000000,globalFaceBased,Fused,julia,float64,cpu,true,true,8,H100
94.54611947169812,94.105988,0.0,0.0,LDC-8000000,LDC-8000000,batchedFace,Fused,julia,float64,cpu,true,true,8,H100
216.97600683333334,236.36983,0.0,0.0,LDC-8000000,LDC-8000000,cellBased,Fused,julia,float64,cpu,true,true,8,H100
47.33149533018867,47.9757395,0.0,0.0,LDC-8000000,LDC-8000000,faceBased,Fused,julia,float64,cpu,true,true,16,H100
35.10462034265734,34.718716,0.0,0.0,LDC-8000000,LDC-8000000,globalFaceBased,Fused,julia,float64,cpu,true,true,16,H100
69.96179804166667,69.7271405,0.0,0.0,LDC-8000000,LDC-8000000,batchedFace,Fused,julia,float64,cpu,true,true,16,H100
87.33473487931035,87.546852,0.0,0.0,LDC-8000000,LDC-8000000,cellBased,Fused,julia,float64,cpu,true,true,16,H100
33.946979236486484,33.706311,0.0,0.0,LDC-8000000,LDC-8000000,faceBased,Fused,julia,float64,cpu,true,true,32,H100
34.80302366666666,35.238838,0.0,0.0,LDC-8000000,LDC-8000000,globalFaceBased,Fused,julia,float64,cpu,true,true,32,H100
61.0813075,59.5270115,0.0,0.0,LDC-8000000,LDC-8000000,batchedFace,Fused,julia,float64,cpu,true,true,32,H100
57.954070701149426,49.903499,0.0,0.0,LDC-8000000,LDC-8000000,cellBased,Fused,julia,float64,cpu,true,true,32,H100
28.985551734104046,28.46764,0.0,0.0,LDC-8000000,LDC-8000000,faceBased,Fused,julia,float64,cpu,true,true,64,H100
32.21037184615385,31.9367225,0.0,0.0,LDC-8000000,LDC-8000000,globalFaceBased,Fused,julia,float64,cpu,true,true,64,H100
61.562998658536586,61.1383835,0.0,0.0,LDC-8000000,LDC-8000000,batchedFace,Fused,julia,float64,cpu,true,true,64,H100
43.69629603478261,45.002088,0.0,0.0,LDC-8000000,LDC-8000000,cellBased,Fused,julia,float64,cpu,true,true,64,H100
40.142908799999994,38.868147,0.0,0.0,LDC-8000000,LDC-8000000,faceBased,Fused,julia,float64,cpu,true,true,128,H100
39.328066203125,38.5156735,0.0,0.0,LDC-8000000,LDC-8000000,globalFaceBased,Fused,julia,float64,cpu,true,true,128,H100
89.56214069642857,75.4256565,0.0,0.0,LDC-8000000,LDC-8000000,batchedFace,Fused,julia,float64,cpu,true,true,128,H100
36.32393048550725,40.007098,0.0,0.0,LDC-8000000,LDC-8000000,cellBased,Fused,julia,float64,cpu,true,true,128,H100
0.023105417700000002,0.023032,0.0,0.0,LDC-1000,LDC-1000,faceBased,Fused,julia,float64,cpu,true,true,1,H100
0.019041124500000003,0.01887,0.0,0.0,LDC-1000,LDC-1000,globalFaceBased,Fused,julia,float64,cpu,true,true,1,H100
0.0443427868,0.042592,0.0007579774,0.0,LDC-1000,LDC-1000,cellBased,Fused,julia,float64,cpu,true,true,1,H100
0.0843882687,0.087307,0.0,0.0,LDC-1000,LDC-1000,faceBased,Fused,julia,float64,cpu,true,true,2,H100
0.06593898699999999,0.0684985,0.0,0.0,LDC-1000,LDC-1000,globalFaceBased,Fused,julia,float64,cpu,true,true,2,H100
0.042979207000000005,0.041848,0.0,0.0,LDC-1000,LDC-1000,batchedFace,Fused,julia,float64,cpu,true,true,2,H100
0.0212520193,0.019798,0.0,0.0,LDC-1000,LDC-1000,cellBased,Fused,julia,float64,cpu,true,true,2,H100
0.044347864,0.043077,0.0,0.0,LDC-1000,LDC-1000,faceBased,Fused,julia,float64,cpu,true,true,4,H100
0.0387755077,0.0381455,0.0,0.0,LDC-1000,LDC-1000,globalFaceBased,Fused,julia,float64,cpu,true,true,4,H100
0.041399776299999996,0.040148,0.0,0.0,LDC-1000,LDC-1000,batchedFace,Fused,julia,float64,cpu,true,true,4,H100
0.013172561,0.011904,0.0,0.0,LDC-1000,LDC-1000,cellBased,Fused,julia,float64,cpu,true,true,4,H100
0.046269546499999994,0.045555,0.0,0.0,LDC-1000,LDC-1000,faceBased,Fused,julia,float64,cpu,true,true,8,H100
0.0292265177,0.028216,0.0,0.0,LDC-1000,LDC-1000,globalFaceBased,Fused,julia,float64,cpu,true,true,8,H100
0.044033617,0.043229,0.0,0.0,LDC-1000,LDC-1000,batchedFace,Fused,julia,float64,cpu,true,true,8,H100
0.008402367700000002,0.007211,0.0,0.0,LDC-1000,LDC-1000,cellBased,Fused,julia,float64,cpu,true,true,8,H100
0.043403862,0.0426285,0.0,0.0,LDC-1000,LDC-1000,faceBased,Fused,julia,float64,cpu,true,true,16,H100
0.023839519400000002,0.0229795,0.0,0.0,LDC-1000,LDC-1000,globalFaceBased,Fused,julia,float64,cpu,true,true,16,H100
0.048071479,0.0473285,0.0,0.0,LDC-1000,LDC-1000,batchedFace,Fused,julia,float64,cpu,true,true,16,H100
0.0068691951,0.006092,0.0,0.0,LDC-1000,LDC-1000,cellBased,Fused,julia,float64,cpu,true,true,16,H100
0.037161724699999996,0.03649,0.0,0.0,LDC-1000,LDC-1000,faceBased,Fused,julia,float64,cpu,true,true,32,H100
0.021127189299999998,0.0199675,0.0,0.0,LDC-1000,LDC-1000,globalFaceBased,Fused,julia,float64,cpu,true,true,32,H100
0.0539656462,0.0530685,0.0,0.0,LDC-1000,LDC-1000,batchedFace,Fused,julia,float64,cpu,true,true,32,H100
0.0076601865,0.0071805,0.0,0.0,LDC-1000,LDC-1000,cellBased,Fused,julia,float64,cpu,true,true,32,H100
0.0439907905,0.043174,0.0,0.0,LDC-1000,LDC-1000,faceBased,Fused,julia,float64,cpu,true,true,64,H100
0.0348378743,0.034565,0.0,0.0,LDC-1000,LDC-1000,globalFaceBased,Fused,julia,float64,cpu,true,true,64,H100
0.0857031071,0.0841775,0.0,0.0,LDC-1000,LDC-1000,batchedFace,Fused,julia,float64,cpu,true,true,64,H100
0.0105137553,0.010202,0.0,0.0,LDC-1000,LDC-1000,cellBased,Fused,julia,float64,cpu,true,true,64,H100
0.1382945478,0.1223785,0.0,0.0,LDC-1000,LDC-1000,faceBased,Fused,julia,float64,cpu,true,true,128,H100
0.06730784420000001,0.0655645,0.0,0.0,LDC-1000,LDC-1000,globalFaceBased,Fused,julia,float64,cpu,true,true,128,H100
0.3185959053,0.293832,0.0,0.0,LDC-1000,LDC-1000,batchedFace,Fused,julia,float64,cpu,true,true,128,H100
0.0394563748,0.038768,0.0,0.0,LDC-1000,LDC-1000,cellBased,Fused,julia,float64,cpu,true,true,128,H100
547.3754717,547.4016715,0.0,0.0,LDC-27000000,LDC-27000000,faceBased,Fused,julia,float64,cpu,true,true,1,H100
562.3973985555556,562.4158,0.0,0.0,LDC-27000000,LDC-27000000,globalFaceBased,Fused,julia,float64,cpu,true,true,1,H100
1511.12909725,1509.572804,0.0,0.0,LDC-27000000,LDC-27000000,cellBased,Fused,julia,float64,cpu,true,true,1,H100
825.0149617142857,816.394233,0.0,0.0,LDC-27000000,LDC-27000000,faceBased,Fused,julia,float64,cpu,true,true,2,H100
757.1870658571428,746.249544,0.0,0.0,LDC-27000000,LDC-27000000,globalFaceBased,Fused,julia,float64,cpu,true,true,2,H100
985.3710968333334,991.412897,0.0,0.0,LDC-27000000,LDC-27000000,batchedFace,Fused,julia,float64,cpu,true,true,2,H100
835.5707188333333,819.9699305,0.0,0.0,LDC-27000000,LDC-27000000,cellBased,Fused,julia,float64,cpu,true,true,2,H100
420.7598639166667,414.054317,0.0,0.0,LDC-27000000,LDC-27000000,faceBased,Fused,julia,float64,cpu,true,true,4,H100
391.393959,397.077192,0.0,0.0,LDC-27000000,LDC-27000000,globalFaceBased,Fused,julia,float64,cpu,true,true,4,H100
514.3374538,514.818157,0.0,0.0,LDC-27000000,LDC-27000000,batchedFace,Fused,julia,float64,cpu,true,true,4,H100
803.4859365714285,752.815506,0.0,0.0,LDC-27000000,LDC-27000000,cellBased,Fused,julia,float64,cpu,true,true,4,H100
237.09786786363637,238.2860665,0.0,0.0,LDC-27000000,LDC-27000000,faceBased,Fused,julia,float64,cpu,true,true,8,H100
208.66984358333335,215.259359,0.0,0.0,LDC-27000000,LDC-27000000,globalFaceBased,Fused,julia,float64,cpu,true,true,8,H100
368.723076,366.9293855,0.0,0.0,LDC-27000000,LDC-27000000,batchedFace,Fused,julia,float64,cpu,true,true,8,H100
483.9160463636364,537.97707,0.0,0.0,LDC-27000000,LDC-27000000,cellBased,Fused,julia,float64,cpu,true,true,8,H100
146.45621182857144,146.598863,0.0,0.0,LDC-27000000,LDC-27000000,faceBased,Fused,julia,float64,cpu,true,true,16,H100
110.010323,110.526969,0.0,0.0,LDC-27000000,LDC-27000000,globalFaceBased,Fused,julia,float64,cpu,true,true,16,H100
196.83975384615385,195.5276055,0.0,0.0,LDC-27000000,LDC-27000000,batchedFace,Fused,julia,float64,cpu,true,true,16,H100
267.47841868421057,275.02537,0.0,0.0,LDC-27000000,LDC-27000000,cellBased,Fused,julia,float64,cpu,true,true,16,H100
106.88965308510639,107.200568,0.0,0.0,LDC-27000000,LDC-27000000,faceBased,Fused,julia,float64,cpu,true,true,32,H100
67.58773954054054,65.8221255,0.0,0.0,LDC-27000000,LDC-27000000,globalFaceBased,Fused,julia,float64,cpu,true,true,32,H100
142.71238358333335,141.9906305,0.0,0.0,LDC-27000000,LDC-27000000,batchedFace,Fused,julia,float64,cpu,true,true,32,H100
170.24562459999999,173.8514915,0.0,0.0,LDC-27000000,LDC-27000000,cellBased,Fused,julia,float64,cpu,true,true,32,H100
94.14031683333333,94.1260025,0.0,0.0,LDC-27000000,LDC-27000000,faceBased,Fused,julia,float64,cpu,true,true,64,H100
80.53395712698413,80.252817,0.0,0.0,LDC-27000000,LDC-27000000,globalFaceBased,Fused,julia,float64,cpu,true,true,64,H100
174.0307323103448,174.804749,0.0,0.0,LDC-27000000,LDC-27000000,batchedFace,Fused,julia,float64,cpu,true,true,64,H100
149.84902676470588,154.65257,0.0,0.0,LDC-27000000,LDC-27000000,cellBased,Fused,julia,float64,cpu,true,true,64,H100
102.29633281632653,103.566597,0.0,0.0,LDC-27000000,LDC-27000000,faceBased,Fused,julia,float64,cpu,true,true,128,H100
114.05007459090909,113.844328,0.0,0.0,LDC-27000000,LDC-27000000,globalFaceBased,Fused,julia,float64,cpu,true,true,128,H100
170.3492818,164.493124,0.0,0.0,LDC-27000000,LDC-27000000,batchedFace,Fused,julia,float64,cpu,true,true,128,H100
84.34776868333334,82.2047175,0.0,0.0,LDC-27000000,LDC-27000000,cellBased,Fused,julia,float64,cpu,true,true,128,H100
0.1689461264,0.1790125,0.0,0.0,LDC-8000,LDC-8000,faceBased,Fused,julia,float64,cpu,true,true,1,H100
0.14263851319999998,0.139959,0.0,0.0,LDC-8000,LDC-8000,globalFaceBased,Fused,julia,float64,cpu,true,true,1,H100
0.3553042378,0.3475905,0.0033930855000000003,0.0,LDC-8000,LDC-8000,cellBased,Fused,julia,float64,cpu,true,true,1,H100
0.31223104570000004,0.3102485,0.0,0.0,LDC-8000,LDC-8000,faceBased,Fused,julia,float64,cpu,true,true,2,H100
0.2497812382,0.2478595,0.0,0.0,LDC-8000,LDC-8000,globalFaceBased,Fused,julia,float64,cpu,true,true,2,H100
0.1950007906,0.193318,0.0,0.0,LDC-8000,LDC-8000,batchedFace,Fused,julia,float64,cpu,true,true,2,H100
0.19635632879999998,0.194389,0.0,0.0,LDC-8000,LDC-8000,cellBased,Fused,julia,float64,cpu,true,true,2,H100
0.25739198869999996,0.2566445,0.0,0.0,LDC-8000,LDC-8000,faceBased,Fused,julia,float64,cpu,true,true,4,H100
0.1846743199,0.1836425,0.0,0.0,LDC-8000,LDC-8000,globalFaceBased,Fused,julia,float64,cpu,true,true,4,H100
0.1672148315,0.165317,0.0,0.0,LDC-8000,LDC-8000,batchedFace,Fused,julia,float64,cpu,true,true,4,H100
0.0812747781,0.0766515,0.0,0.0,LDC-8000,LDC-8000,cellBased,Fused,julia,float64,cpu,true,true,4,H100
0.17615417619999998,0.174303,0.0,0.0,LDC-8000,LDC-8000,faceBased,Fused,julia,float64,cpu,true,true,8,H100
0.11942313189999999,0.116547,0.0,0.0,LDC-8000,LDC-8000,globalFaceBased,Fused,julia,float64,cpu,true,true,8,H100
0.1624282872,0.1617625,0.0,0.0,LDC-8000,LDC-8000,batchedFace,Fused,julia,float64,cpu,true,true,8,H100
0.0461308265,0.044491,0.0,0.0,LDC-8000,LDC-8000,cellBased,Fused,julia,float64,cpu,true,true,8,H100
0.1590116073,0.157356,0.0,0.0,LDC-8000,LDC-8000,faceBased,Fused,julia,float64,cpu,true,true,16,H100
0.1061973227,0.10517,0.0,0.0,LDC-8000,LDC-8000,globalFaceBased,Fused,julia,float64,cpu,true,true,16,H100
0.1408985244,0.1398095,0.0,0.0,LDC-8000,LDC-8000,batchedFace,Fused,julia,float64,cpu,true,true,16,H100
0.0266135982,0.025426,0.0,0.0,LDC-8000,LDC-8000,cellBased,Fused,julia,float64,cpu,true,true,16,H100
0.1170934131,0.115002,0.0,0.0,LDC-8000,LDC-8000,faceBased,Fused,julia,float64,cpu,true,true,32,H100
0.0840394805,0.083352,0.0,0.0,LDC-8000,LDC-8000,globalFaceBased,Fused,julia,float64,cpu,true,true,32,H100
0.1616346802,0.1598595,0.0,0.0,LDC-8000,LDC-8000,batchedFace,Fused,julia,float64,cpu,true,true,32,H100
0.021412796900000003,0.020289,0.0,0.0,LDC-8000,LDC-8000,cellBased,Fused,julia,float64,cpu,true,true,32,H100
0.15085606099999999,0.1502545,0.0,0.0,LDC-8000,LDC-8000,faceBased,Fused,julia,float64,cpu,true,true,64,H100
0.07833171039999999,0.0700105,0.0,0.0,LDC-8000,LDC-8000,globalFaceBased,Fused,julia,float64,cpu,true,true,64,H100
0.1837226401,0.1821175,0.0,0.0,LDC-8000,LDC-8000,batchedFace,Fused,julia,float64,cpu,true,true,64,H100
0.016160253,0.01514,0.0,0.0,LDC-8000,LDC-8000,cellBased,Fused,julia,float64,cpu,true,true,64,H100
0.30388491619999997,0.285861,0.0,0.0,LDC-8000,LDC-8000,faceBased,Fused,julia,float64,cpu,true,true,128,H100
0.09159236659999999,0.0890095,0.0,0.0,LDC-8000,LDC-8000,globalFaceBased,Fused,julia,float64,cpu,true,true,128,H100
0.5558963173605657,0.531572,0.0,0.0,LDC-8000,LDC-8000,batchedFace,Fused,julia,float64,cpu,true,true,128,H100
0.06260391750000001,0.042371,0.0,0.0,LDC-8000,LDC-8000,cellBased,Fused,julia,float64,cpu,true,true,128,H100
119.69262866666668,119.5709745,0.0,0.0,LDC-5832000,LDC-5832000,faceBased,Fused,julia,float64,cpu,true,true,1,H100
123.17686897560975,123.137535,0.0,0.0,LDC-5832000,LDC-5832000,globalFaceBased,Fused,julia,float64,cpu,true,true,1,H100
318.9874255625,318.4045275,0.0,0.0,LDC-5832000,LDC-5832000,cellBased,Fused,julia,float64,cpu,true,true,1,H100
164.75273638709677,166.987116,0.0,0.0,LDC-5832000,LDC-5832000,faceBased,Fused,julia,float64,cpu,true,true,2,H100
163.01927006451612,170.410113,0.0,0.0,LDC-5832000,LDC-5832000,globalFaceBased,Fused,julia,float64,cpu,true,true,2,H100
213.19010575,215.602959,0.0,0.0,LDC-5832000,LDC-5832000,batchedFace,Fused,julia,float64,cpu,true,true,2,H100
184.57491975,178.486837,0.0,0.0,LDC-5832000,LDC-5832000,cellBased,Fused,julia,float64,cpu,true,true,2,H100
93.71243187037037,92.125289,0.0,0.0,LDC-5832000,LDC-5832000,faceBased,Fused,julia,float64,cpu,true,true,4,H100
84.35360993333333,85.5830085,0.0,0.0,LDC-5832000,LDC-5832000,globalFaceBased,Fused,julia,float64,cpu,true,true,4,H100
113.68884286363635,112.198569,0.0,0.0,LDC-5832000,LDC-5832000,batchedFace,Fused,julia,float64,cpu,true,true,4,H100
239.2226182857143,263.098813,0.0,0.0,LDC-5832000,LDC-5832000,cellBased,Fused,julia,float64,cpu,true,true,4,H100
48.688217485436894,47.309567,0.0,0.0,LDC-5832000,LDC-5832000,faceBased,Fused,julia,float64,cpu,true,true,8,H100
41.06960645901639,40.2706405,0.0,0.0,LDC-5832000,LDC-5832000,globalFaceBased,Fused,julia,float64,cpu,true,true,8,H100
62.8852168875,61.752333,0.0,0.0,LDC-5832000,LDC-5832000,batchedFace,Fused,julia,float64,cpu,true,true,8,H100
154.00226733333335,164.963442,0.0,0.0,LDC-5832000,LDC-5832000,cellBased,Fused,julia,float64,cpu,true,true,8,H100
29.54937717647059,28.763492,0.0,0.0,LDC-5832000,LDC-5832000,faceBased,Fused,julia,float64,cpu,true,true,16,H100
24.154960628019325,24.272987,0.0,0.0,LDC-5832000,LDC-5832000,globalFaceBased,Fused,julia,float64,cpu,true,true,16,H100
44.69781134821428,41.2741035,0.0,0.0,LDC-5832000,LDC-5832000,batchedFace,Fused,julia,float64,cpu,true,true,16,H100
63.144622775,63.14507,0.0,0.0,LDC-5832000,LDC-5832000,cellBased,Fused,julia,float64,cpu,true,true,16,H100
21.33774849361702,21.039015,0.0,0.0,LDC-5832000,LDC-5832000,faceBased,Fused,julia,float64,cpu,true,true,32,H100
19.56768058203125,19.8081305,0.0,0.0,LDC-5832000,LDC-5832000,globalFaceBased,Fused,julia,float64,cpu,true,true,32,H100
38.69468531538462,38.2385135,0.0,0.0,LDC-5832000,LDC-5832000,batchedFace,Fused,julia,float64,cpu,true,true,32,H100
59.16099664705882,60.826328,0.0,0.0,LDC-5832000,LDC-5832000,cellBased,Fused,julia,float64,cpu,true,true,32,H100
23.64745383490566,23.5631285,0.0,0.0,LDC-5832000,LDC-5832000,faceBased,Fused,julia,float64,cpu,true,true,64,H100
23.59302091509434,23.617883,0.0,0.0,LDC-5832000,LDC-5832000,globalFaceBased,Fused,julia,float64,cpu,true,true,64,H100
43.25970639655172,43.113262,0.0,0.0,LDC-5832000,LDC-5832000,batchedFace,Fused,julia,float64,cpu,true,true,64,H100
23.33386142325581,23.03937,0.0,0.0,LDC-5832000,LDC-5832000,cellBased,Fused,julia,float64,cpu,true,true,64,H100
27.70918843093923,25.371524,0.0,0.0,LDC-5832000,LDC-5832000,faceBased,Fused,julia,float64,cpu,true,true,128,H100
22.535296103603606,22.24067,0.0,0.0,LDC-5832000,LDC-5832000,globalFaceBased,Fused,julia,float64,cpu,true,true,128,H100
160.867353375,162.9690565,0.0,0.0,LDC-5832000,LDC-5832000,batchedFace,Fused,julia,float64,cpu,true,true,128,H100
21.16702933474576,20.57953,0.0,0.0,LDC-5832000,LDC-5832000,cellBased,Fused,julia,float64,cpu,true,true,128,H100
352.77196453333335,352.929012,0.0,0.0,LDC-17576000,LDC-17576000,faceBased,Fused,julia,float64,cpu,true,true,1,H100
360.64272878571427,360.432615,0.0,0.0,LDC-17576000,LDC-17576000,globalFaceBased,Fused,julia,float64,cpu,true,true,1,H100
954.9859651666666,954.01578,0.0,0.0,LDC-17576000,LDC-17576000,cellBased,Fused,julia,float64,cpu,true,true,1,H100
513.2478235,530.8501425,0.0,0.0,LDC-17576000,LDC-17576000,faceBased,Fused,julia,float64,cpu,true,true,2,H100
501.3835763,515.151153,0.0,0.0,LDC-17576000,LDC-17576000,globalFaceBased,Fused,julia,float64,cpu,true,true,2,H100
635.884197625,642.6065105,0.0,0.0,LDC-17576000,LDC-17576000,batchedFace,Fused,julia,float64,cpu,true,true,2,H100
1018.2522344,1292.345993,0.0,0.0,LDC-17576000,LDC-17576000,cellBased,Fused,julia,float64,cpu,true,true,2,H100
281.6241540555556,275.205306,0.0,0.0,LDC-17576000,LDC-17576000,faceBased,Fused,julia,float64,cpu,true,true,4,H100
238.77379723809523,242.371018,0.0,0.0,LDC-17576000,LDC-17576000,globalFaceBased,Fused,julia,float64,cpu,true,true,4,H100
338.76018393333334,342.171926,0.0,0.0,LDC-17576000,LDC-17576000,batchedFace,Fused,julia,float64,cpu,true,true,4,H100
606.0016837777778,626.335935,0.0,0.0,LDC-17576000,LDC-17576000,cellBased,Fused,julia,float64,cpu,true,true,4,H100
158.94620003125,159.7227495,0.0,0.0,LDC-17576000,LDC-17576000,faceBased,Fused,julia,float64,cpu,true,true,8,H100
138.94744044444445,140.9466215,0.0,0.0,LDC-17576000,LDC-17576000,globalFaceBased,Fused,julia,float64,cpu,true,true,8,H100
241.59465304761903,239.295086,0.0,0.0,LDC-17576000,LDC-17576000,batchedFace,Fused,julia,float64,cpu,true,true,8,H100
333.64817753333335,346.528913,0.0,0.0,LDC-17576000,LDC-17576000,cellBased,Fused,julia,float64,cpu,true,true,8,H100
103.31488681632653,103.760812,0.0,0.0,LDC-17576000,LDC-17576000,faceBased,Fused,julia,float64,cpu,true,true,16,H100
96.01287103773585,95.911889,0.0,0.0,LDC-17576000,LDC-17576000,globalFaceBased,Fused,julia,float64,cpu,true,true,16,H100
218.70534908695652,218.267256,0.0,0.0,LDC-17576000,LDC-17576000,batchedFace,Fused,julia,float64,cpu,true,true,16,H100
187.1469231111111,192.269267,0.0,0.0,LDC-17576000,LDC-17576000,cellBased,Fused,julia,float64,cpu,true,true,16,H100
67.16733410666667,66.936983,0.0,0.0,LDC-17576000,LDC-17576000,faceBased,Fused,julia,float64,cpu,true,true,32,H100
66.94192534666666,66.59345,0.0,0.0,LDC-17576000,LDC-17576000,globalFaceBased,Fused,julia,float64,cpu,true,true,32,H100
135.28071805405406,134.383682,0.0,0.0,LDC-17576000,LDC-17576000,batchedFace,Fused,julia,float64,cpu,true,true,32,H100
138.72158043243243,143.540668,0.0,0.0,LDC-17576000,LDC-17576000,cellBased,Fused,julia,float64,cpu,true,true,32,H100
62.412674851851854,62.00271,0.0,0.0,LDC-17576000,LDC-17576000,faceBased,Fused,julia,float64,cpu,true,true,64,H100
59.83164575,58.540962,0.0,0.0,LDC-17576000,LDC-17576000,globalFaceBased,Fused,julia,float64,cpu,true,true,64,H100
130.6201903846154,129.765176,0.0,0.0,LDC-17576000,LDC-17576000,batchedFace,Fused,julia,float64,cpu,true,true,64,H100
90.20693085714285,89.217998,0.0,0.0,LDC-17576000,LDC-17576000,cellBased,Fused,julia,float64,cpu,true,true,64,H100
74.51629764705883,74.11943,0.0,0.0,LDC-17576000,LDC-17576000,faceBased,Fused,julia,float64,cpu,true,true,128,H100
62.5885746125,58.8816445,0.0,0.0,LDC-17576000,LDC-17576000,globalFaceBased,Fused,julia,float64,cpu,true,true,128,H100
126.27049852500001,121.4194075,0.0,0.0,LDC-17576000,LDC-17576000,batchedFace,Fused,julia,float64,cpu,true,true,128,H100
75.29234601492537,74.286608,0.0,0.0,LDC-17576000,LDC-17576000,cellBased,Fused,julia,float64,cpu,true,true,128,H100
279.9654555,279.607443,0.0,0.0,LDC-13824000,LDC-13824000,faceBased,Fused,julia,float64,cpu,true,true,1,H100
287.8184094444444,287.053501,0.0,0.0,LDC-13824000,LDC-13824000,globalFaceBased,Fused,julia,float64,cpu,true,true,1,H100
755.7275834285715,756.132489,0.0,0.0,LDC-13824000,LDC-13824000,cellBased,Fused,julia,float64,cpu,true,true,1,H100
366.60108114285714,389.895901,0.0,0.0,LDC-13824000,LDC-13824000,faceBased,Fused,julia,float64,cpu,true,true,2,H100
363.75127828571425,381.299729,0.0,0.0,LDC-13824000,LDC-13824000,globalFaceBased,Fused,julia,float64,cpu,true,true,2,H100
501.2404094,496.8518805,0.0,0.0,LDC-13824000,LDC-13824000,batchedFace,Fused,julia,float64,cpu,true,true,2,H100
392.35236223076924,355.693285,0.0,0.0,LDC-13824000,LDC-13824000,cellBased,Fused,julia,float64,cpu,true,true,2,H100
220.21504495652175,217.63195,0.0,0.0,LDC-13824000,LDC-13824000,faceBased,Fused,julia,float64,cpu,true,true,4,H100
206.41087112,215.493363,0.0,0.0,LDC-13824000,LDC-13824000,globalFaceBased,Fused,julia,float64,cpu,true,true,4,H100
276.3270444210526,270.858979,0.0,0.0,LDC-13824000,LDC-13824000,batchedFace,Fused,julia,float64,cpu,true,true,4,H100
553.6805023,596.3689265,0.0,0.0,LDC-13824000,LDC-13824000,cellBased,Fused,julia,float64,cpu,true,true,4,H100
125.098577875,124.332097,0.0,0.0,LDC-13824000,LDC-13824000,faceBased,Fused,julia,float64,cpu,true,true,8,H100
110.96803095652173,111.5086885,0.0,0.0,LDC-13824000,LDC-13824000,globalFaceBased,Fused,julia,float64,cpu,true,true,8,H100
210.10815154166664,209.764496,0.0,0.0,LDC-13824000,LDC-13824000,batchedFace,Fused,julia,float64,cpu,true,true,8,H100
348.2079381333333,374.6437,0.0,0.0,LDC-13824000,LDC-13824000,cellBased,Fused,julia,float64,cpu,true,true,8,H100
74.65489501492537,71.802372,0.0,0.0,LDC-13824000,LDC-13824000,faceBased,Fused,julia,float64,cpu,true,true,16,H100
58.29235839534884,58.82783,0.0,0.0,LDC-13824000,LDC-13824000,globalFaceBased,Fused,julia,float64,cpu,true,true,16,H100
131.2079687948718,119.373349,0.0,0.0,LDC-13824000,LDC-13824000,batchedFace,Fused,julia,float64,cpu,true,true,16,H100
149.3948016470588,157.9850295,0.0,0.0,LDC-13824000,LDC-13824000,cellBased,Fused,julia,float64,cpu,true,true,16,H100
56.51572853932584,56.047278,0.0,0.0,LDC-13824000,LDC-13824000,faceBased,Fused,julia,float64,cpu,true,true,32,H100
50.82475497979798,50.731781,0.0,0.0,LDC-13824000,LDC-13824000,globalFaceBased,Fused,julia,float64,cpu,true,true,32,H100
116.51481053488372,109.988421,0.0,0.0,LDC-13824000,LDC-13824000,batchedFace,Fused,julia,float64,cpu,true,true,32,H100
124.0211476097561,125.713053,0.0,0.0,LDC-13824000,LDC-13824000,cellBased,Fused,julia,float64,cpu,true,true,32,H100
64.04510588607594,63.506787,0.0,0.0,LDC-13824000,LDC-13824000,faceBased,Fused,julia,float64,cpu,true,true,64,H100
69.86927252777778,69.8485375,0.0,0.0,LDC-13824000,LDC-13824000,globalFaceBased,Fused,julia,float64,cpu,true,true,64,H100
94.04979472222223,93.3154335,0.0,0.0,LDC-13824000,LDC-13824000,batchedFace,Fused,julia,float64,cpu,true,true,64,H100
95.62895124528302,102.032408,0.0,0.0,LDC-13824000,LDC-13824000,cellBased,Fused,julia,float64,cpu,true,true,64,H100
52.39444042708334,50.817753,0.0,0.0,LDC-13824000,LDC-13824000,faceBased,Fused,julia,float64,cpu,true,true,128,H100
46.053146623853216,45.805983,0.0,0.0,LDC-13824000,LDC-13824000,globalFaceBased,Fused,julia,float64,cpu,true,true,128,H100
94.38237320754718,92.288537,0.0,0.0,LDC-13824000,LDC-13824000,batchedFace,Fused,julia,float64,cpu,true,true,128,H100
47.29962269811321,46.554732,0.0,0.0,LDC-13824000,LDC-13824000,cellBased,Fused,julia,float64,cpu,true,true,128,H100
1.9145911888165452,1.897375,0.0,0.0,LDC-125000,LDC-125000,faceBased,Fused,julia,float64,cpu,true,true,1,H100
2.096174081341719,2.094418,0.0,0.0,LDC-125000,LDC-125000,globalFaceBased,Fused,julia,float64,cpu,true,true,1,H100
5.36060578778135,5.307871,0.02318861736334405,0.0,LDC-125000,LDC-125000,cellBased,Fused,julia,float64,cpu,true,true,1,H100
3.7761932953172206,3.7444655,0.0,0.0,LDC-125000,LDC-125000,faceBased,Fused,julia,float64,cpu,true,true,2,H100
3.4982506116165153,3.485326,0.0,0.0,LDC-125000,LDC-125000,globalFaceBased,Fused,julia,float64,cpu,true,true,2,H100
3.1172353516209474,3.151846,0.0,0.0,LDC-125000,LDC-125000,batchedFace,Fused,julia,float64,cpu,true,true,2,H100
2.566441362422998,1.7990525,0.0,0.0,LDC-125000,LDC-125000,cellBased,Fused,julia,float64,cpu,true,true,2,H100
2.036429089613035,2.060859,0.0,0.0,LDC-125000,LDC-125000,faceBased,Fused,julia,float64,cpu,true,true,4,H100
1.6392409635946212,1.628953,0.0,0.0,LDC-125000,LDC-125000,globalFaceBased,Fused,julia,float64,cpu,true,true,4,H100
1.5135195697850439,1.501254,0.0,0.0,LDC-125000,LDC-125000,batchedFace,Fused,julia,float64,cpu,true,true,4,H100
1.1951303108560496,0.924504,0.0,0.0,LDC-125000,LDC-125000,cellBased,Fused,julia,float64,cpu,true,true,4,H100
1.274295190719021,1.258689,0.0,0.0,LDC-125000,LDC-125000,faceBased,Fused,julia,float64,cpu,true,true,8,H100
1.043795981825778,1.037526,0.0,0.0,LDC-125000,LDC-125000,globalFaceBased,Fused,julia,float64,cpu,true,true,8,H100
1.1152186520865879,1.105404,0.0,0.0,LDC-125000,LDC-125000,batchedFace,Fused,julia,float64,cpu,true,true,8,H100
0.6587385722009759,0.795118,0.0,0.0,LDC-125000,LDC-125000,cellBased,Fused,julia,float64,cpu,true,true,8,H100
0.8706011511506276,0.8608845,0.0,0.0,LDC-125000,LDC-125000,faceBased,Fused,julia,float64,cpu,true,true,16,H100
0.7890522286662452,0.781838,0.0,0.0,LDC-125000,LDC-125000,globalFaceBased,Fused,julia,float64,cpu,true,true,16,H100
0.6989044014281715,0.6926755,0.0,0.0,LDC-125000,LDC-125000,batchedFace,Fused,julia,float64,cpu,true,true,16,H100
0.2397507428,0.225868,0.0,0.0,LDC-125000,LDC-125000,cellBased,Fused,julia,float64,cpu,true,true,16,H100
0.6732629141468682,0.664023,0.0,0.0,LDC-125000,LDC-125000,faceBased,Fused,julia,float64,cpu,true,true,32,H100
0.55970501637873,0.557321,0.0,0.0,LDC-125000,LDC-125000,globalFaceBased,Fused,julia,float64,cpu,true,true,32,H100
0.7440595027599582,0.74034,0.0,0.0,LDC-125000,LDC-125000,batchedFace,Fused,julia,float64,cpu,true,true,32,H100
0.2075017825,0.2057645,0.0,0.0,LDC-125000,LDC-125000,cellBased,Fused,julia,float64,cpu,true,true,32,H100
0.9770302177751619,0.977939,0.0,0.0,LDC-125000,LDC-125000,faceBased,Fused,julia,float64,cpu,true,true,64,H100
0.390728345,0.3829645,0.0,0.0,LDC-125000,LDC-125000,globalFaceBased,Fused,julia,float64,cpu,true,true,64,H100
0.9196948258541089,0.918888,0.0,0.0,LDC-125000,LDC-125000,batchedFace,Fused,julia,float64,cpu,true,true,64,H100
0.1205221765,0.118386,0.0,0.0,LDC-125000,LDC-125000,cellBased,Fused,julia,float64,cpu,true,true,64,H100
1.891426508952381,1.821876,0.0,0.0,LDC-125000,LDC-125000,faceBased,Fused,julia,float64,cpu,true,true,128,H100
0.7044863573556533,0.67527,0.0,0.0,LDC-125000,LDC-125000,globalFaceBased,Fused,julia,float64,cpu,true,true,128,H100
2.988958539339339,2.180552,0.0,0.0,LDC-125000,LDC-125000,batchedFace,Fused,julia,float64,cpu,true,true,128,H100
0.1230783824,0.120177,0.0,0.0,LDC-125000,LDC-125000,cellBased,Fused,julia,float64,cpu,true,true,128,H100
215.66979470833334,215.359207,0.0,0.0,LDC-10648000,LDC-10648000,faceBased,Fused,julia,float64,cpu,true,true,1,H100
223.10273282608696,222.790476,0.0,0.0,LDC-10648000,LDC-10648000,globalFaceBased,Fused,julia,float64,cpu,true,true,1,H100
573.7377713333334,570.099091,0.0,0.0,LDC-10648000,LDC-10648000,cellBased,Fused,julia,float64,cpu,true,true,1,H100
331.067380375,330.179382,0.0,0.0,LDC-10648000,LDC-10648000,faceBased,Fused,julia,float64,cpu,true,true,2,H100
322.3888985,321.291434,0.0,0.0,LDC-10648000,LDC-10648000,globalFaceBased,Fused,julia,float64,cpu,true,true,2,H100
382.6513139285714,377.9166505,0.0,0.0,LDC-10648000,LDC-10648000,batchedFace,Fused,julia,float64,cpu,true,true,2,H100
313.1712838125,308.8400115,0.0,0.0,LDC-10648000,LDC-10648000,cellBased,Fused,julia,float64,cpu,true,true,2,H100
171.30142026666667,172.220585,0.0,0.0,LDC-10648000,LDC-10648000,faceBased,Fused,julia,float64,cpu,true,true,4,H100
126.6271382,126.185968,0.0,0.0,LDC-10648000,LDC-10648000,globalFaceBased,Fused,julia,float64,cpu,true,true,4,H100
198.77080269230768,201.6118675,0.0,0.0,LDC-10648000,LDC-10648000,batchedFace,Fused,julia,float64,cpu,true,true,4,H100
397.4097924615384,407.24011,0.0,0.0,LDC-10648000,LDC-10648000,cellBased,Fused,julia,float64,cpu,true,true,4,H100
95.88427166037735,96.053718,0.0,0.0,LDC-10648000,LDC-10648000,faceBased,Fused,julia,float64,cpu,true,true,8,H100
82.33135260655739,85.218365,0.0,0.0,LDC-10648000,LDC-10648000,globalFaceBased,Fused,julia,float64,cpu,true,true,8,H100
118.1545306744186,117.156124,0.0,0.0,LDC-10648000,LDC-10648000,batchedFace,Fused,julia,float64,cpu,true,true,8,H100
209.95641241666667,225.234047,0.0,0.0,LDC-10648000,LDC-10648000,cellBased,Fused,julia,float64,cpu,true,true,8,H100
57.963999724137935,58.649755,0.0,0.0,LDC-10648000,LDC-10648000,faceBased,Fused,julia,float64,cpu,true,true,16,H100
55.61410172222222,47.533001,0.0,0.0,LDC-10648000,LDC-10648000,globalFaceBased,Fused,julia,float64,cpu,true,true,16,H100
91.6316432,91.681226,0.0,0.0,LDC-10648000,LDC-10648000,batchedFace,Fused,julia,float64,cpu,true,true,16,H100
83.65627035,48.532564,0.0,0.0,LDC-10648000,LDC-10648000,cellBased,Fused,julia,float64,cpu,true,true,16,H100
37.8558735112782,37.357187,0.0,0.0,LDC-10648000,LDC-10648000,faceBased,Fused,julia,float64,cpu,true,true,32,H100
37.81402287218045,37.610769,0.0,0.0,LDC-10648000,LDC-10648000,globalFaceBased,Fused,julia,float64,cpu,true,true,32,H100
86.9248094137931,87.156138,0.0,0.0,LDC-10648000,LDC-10648000,batchedFace,Fused,julia,float64,cpu,true,true,32,H100
76.41413046969697,80.13472,0.0,0.0,LDC-10648000,LDC-10648000,cellBased,Fused,julia,float64,cpu,true,true,32,H100
39.4137585511811,39.131709,0.0,0.0,LDC-10648000,LDC-10648000,faceBased,Fused,julia,float64,cpu,true,true,64,H100
38.47879700769231,38.268647,0.0,0.0,LDC-10648000,LDC-10648000,globalFaceBased,Fused,julia,float64,cpu,true,true,64,H100
77.25280524615384,76.792885,0.0,0.0,LDC-10648000,LDC-10648000,batchedFace,Fused,julia,float64,cpu,true,true,64,H100
64.8098091025641,68.4533465,0.0,0.0,LDC-10648000,LDC-10648000,cellBased,Fused,julia,float64,cpu,true,true,64,H100
38.66048351538461,32.824514,0.0,0.0,LDC-10648000,LDC-10648000,faceBased,Fused,julia,float64,cpu,true,true,128,H100
34.817273576388885,34.0941205,0.0,0.0,LDC-10648000,LDC-10648000,globalFaceBased,Fused,julia,float64,cpu,true,true,128,H100
90.91351065454546,83.808682,0.0,0.0,LDC-10648000,LDC-10648000,batchedFace,Fused,julia,float64,cpu,true,true,128,H100
42.760569376068375,41.106617,0.0,0.0,LDC-10648000,LDC-10648000,cellBased,Fused,julia,float64,cpu,true,true,128,H100
139.38548316666666,139.2380335,0.0,0.0,LDC-6859000,LDC-6859000,faceBased,Fused,julia,float64,cpu,true,true,1,H100
143.54184065714284,143.346837,0.0,0.0,LDC-6859000,LDC-6859000,globalFaceBased,Fused,julia,float64,cpu,true,true,1,H100
370.3679142857143,370.3160075,0.0,0.0,LDC-6859000,LDC-6859000,cellBased,Fused,julia,float64,cpu,true,true,1,H100
202.08690891999998,198.390736,0.0,0.0,LDC-6859000,LDC-6859000,faceBased,Fused,julia,float64,cpu,true,true,2,H100
196.97505073076923,200.7738665,0.0,0.0,LDC-6859000,LDC-6859000,globalFaceBased,Fused,julia,float64,cpu,true,true,2,H100
249.23392590476192,245.162351,0.0,0.0,LDC-6859000,LDC-6859000,batchedFace,Fused,julia,float64,cpu,true,true,2,H100
336.6993371333333,201.623502,0.0,0.0,LDC-6859000,LDC-6859000,cellBased,Fused,julia,float64,cpu,true,true,2,H100
102.7268788367347,102.48883,0.0,0.0,LDC-6859000,LDC-6859000,faceBased,Fused,julia,float64,cpu,true,true,4,H100
77.80281263076924,77.425565,0.0,0.0,LDC-6859000,LDC-6859000,globalFaceBased,Fused,julia,float64,cpu,true,true,4,H100
131.092601,132.452979,0.0,0.0,LDC-6859000,LDC-6859000,batchedFace,Fused,julia,float64,cpu,true,true,4,H100
271.52386531578946,277.874073,0.0,0.0,LDC-6859000,LDC-6859000,cellBased,Fused,julia,float64,cpu,true,true,4,H100
64.30218338461539,62.531216,0.0,0.0,LDC-6859000,LDC-6859000,faceBased,Fused,julia,float64,cpu,true,true,8,H100
50.85222623232323,50.966033,0.0,0.0,LDC-6859000,LDC-6859000,globalFaceBased,Fused,julia,float64,cpu,true,true,8,H100
76.15066203030302,74.9752455,0.0,0.0,LDC-6859000,LDC-6859000,batchedFace,Fused,julia,float64,cpu,true,true,8,H100
110.19062239130434,120.6802505,0.0,0.0,LDC-6859000,LDC-6859000,cellBased,Fused,julia,float64,cpu,true,true,8,H100
33.7210904228188,33.59556,0.0,0.0,LDC-6859000,LDC-6859000,faceBased,Fused,julia,float64,cpu,true,true,16,H100
27.274714483695654,27.12877,0.0,0.0,LDC-6859000,LDC-6859000,globalFaceBased,Fused,julia,float64,cpu,true,true,16,H100
51.566748298969074,51.234616,0.0,0.0,LDC-6859000,LDC-6859000,batchedFace,Fused,julia,float64,cpu,true,true,16,H100
95.91603707547169,98.038669,0.0,0.0,LDC-6859000,LDC-6859000,cellBased,Fused,julia,float64,cpu,true,true,16,H100
35.15047981118881,35.568708,0.0,0.0,LDC-6859000,LDC-6859000,faceBased,Fused,julia,float64,cpu,true,true,32,H100
22.257716897777776,22.200141,0.0,0.0,LDC-6859000,LDC-6859000,globalFaceBased,Fused,julia,float64,cpu,true,true,32,H100
42.24248079831933,42.513141,0.0,0.0,LDC-6859000,LDC-6859000,batchedFace,Fused,julia,float64,cpu,true,true,32,H100
28.93321823121387,28.748035,0.0,0.0,LDC-6859000,LDC-6859000,cellBased,Fused,julia,float64,cpu,true,true,32,H100
19.978621908366534,19.720632,0.0,0.0,LDC-6859000,LDC-6859000,faceBased,Fused,julia,float64,cpu,true,true,64,H100
32.79979148366013,32.851506,0.0,0.0,LDC-6859000,LDC-6859000,globalFaceBased,Fused,julia,float64,cpu,true,true,64,H100
64.10107193589744,63.921887,0.0,0.0,LDC-6859000,LDC-6859000,batchedFace,Fused,julia,float64,cpu,true,true,64,H100
28.39720175,23.1151095,0.0,0.0,LDC-6859000,LDC-6859000,cellBased,Fused,julia,float64,cpu,true,true,64,H100
32.137697833333334,30.2373285,0.0,0.0,LDC-6859000,LDC-6859000,faceBased,Fused,julia,float64,cpu,true,true,128,H100
27.596730747252746,27.2478065,0.0,0.0,LDC-6859000,LDC-6859000,globalFaceBased,Fused,julia,float64,cpu,true,true,128,H100
60.9065083373494,58.333894,0.0,0.0,LDC-6859000,LDC-6859000,batchedFace,Fused,julia,float64,cpu,true,true,128,H100
30.60894348780488,29.727918,0.0,0.0,LDC-6859000,LDC-6859000,cellBased,Fused,julia,float64,cpu,true,true,128,H100
951.0609391666666,950.9998955,0.0,0.0,LDC-46656000,LDC-46656000,faceBased,Fused,julia,float64,cpu,true,true,1,H100
970.6924995,970.6521785,0.0,0.0,LDC-46656000,LDC-46656000,globalFaceBased,Fused,julia,float64,cpu,true,true,1,H100
2882.2991815,2882.2991815,0.0,0.0,LDC-46656000,LDC-46656000,cellBased,Fused,julia,float64,cpu,true,true,1,H100
1330.5260035,1333.4796355,0.0,0.0,LDC-46656000,LDC-46656000,faceBased,Fused,julia,float64,cpu,true,true,2,H100
1322.747446,1317.4421135,0.0,0.0,LDC-46656000,LDC-46656000,globalFaceBased,Fused,julia,float64,cpu,true,true,2,H100
1740.0719603333332,1707.264326,0.0,0.0,LDC-46656000,LDC-46656000,batchedFace,Fused,julia,float64,cpu,true,true,2,H100
2574.4259205,2574.4259205,0.0,0.0,LDC-46656000,LDC-46656000,cellBased,Fused,julia,float64,cpu,true,true,2,H100
601.2633115555556,550.277215,0.0,0.0,LDC-46656000,LDC-46656000,faceBased,Fused,julia,float64,cpu,true,true,4,H100
570.8705238888888,511.302359,0.0,0.0,LDC-46656000,LDC-46656000,globalFaceBased,Fused,julia,float64,cpu,true,true,4,H100
896.8058313333333,899.2616675,0.0,0.0,LDC-46656000,LDC-46656000,batchedFace,Fused,julia,float64,cpu,true,true,4,H100
1374.4018395,1494.903046,0.0,0.0,LDC-46656000,LDC-46656000,cellBased,Fused,julia,float64,cpu,true,true,4,H100
384.6721696923077,384.879203,0.0,0.0,LDC-46656000,LDC-46656000,faceBased,Fused,julia,float64,cpu,true,true,8,H100
349.32045773333334,347.028782,0.0,0.0,LDC-46656000,LDC-46656000,globalFaceBased,Fused,julia,float64,cpu,true,true,8,H100
488.829522,489.17069,0.0,0.0,LDC-46656000,LDC-46656000,batchedFace,Fused,julia,float64,cpu,true,true,8,H100
924.065512,912.280767,0.0,0.0,LDC-46656000,LDC-46656000,cellBased,Fused,julia,float64,cpu,true,true,8,H100
232.5323201818182,236.292459,0.0,0.0,LDC-46656000,LDC-46656000,faceBased,Fused,julia,float64,cpu,true,true,16,H100
185.91020014814814,184.920817,0.0,0.0,LDC-46656000,LDC-46656000,globalFaceBased,Fused,julia,float64,cpu,true,true,16,H100
495.183397,494.435534,0.0,0.0,LDC-46656000,LDC-46656000,batchedFace,Fused,julia,float64,cpu,true,true,16,H100
450.33249875,477.9355225,0.0,0.0,LDC-46656000,LDC-46656000,cellBased,Fused,julia,float64,cpu,true,true,16,H100
167.8728875,167.8609835,0.0,0.0,LDC-46656000,LDC-46656000,faceBased,Fused,julia,float64,cpu,true,true,32,H100
174.7697742413793,174.601615,0.0,0.0,LDC-46656000,LDC-46656000,globalFaceBased,Fused,julia,float64,cpu,true,true,32,H100
444.53641575,443.069201,0.0,0.0,LDC-46656000,LDC-46656000,batchedFace,Fused,julia,float64,cpu,true,true,32,H100
338.322371,380.093647,0.0,0.0,LDC-46656000,LDC-46656000,cellBased,Fused,julia,float64,cpu,true,true,32,H100
155.9273293939394,155.457439,0.0,0.0,LDC-46656000,LDC-46656000,faceBased,Fused,julia,float64,cpu,true,true,64,H100
177.7104266551724,177.21168,0.0,0.0,LDC-46656000,LDC-46656000,globalFaceBased,Fused,julia,float64,cpu,true,true,64,H100
283.0811265,282.557825,0.0,0.0,LDC-46656000,LDC-46656000,batchedFace,Fused,julia,float64,cpu,true,true,64,H100
294.36304764705886,299.867248,0.0,0.0,LDC-46656000,LDC-46656000,cellBased,Fused,julia,float64,cpu,true,true,64,H100
140.6985495277778,139.6019855,0.0,0.0,LDC-46656000,LDC-46656000,faceBased,Fused,julia,float64,cpu,true,true,128,H100
144.29882182857145,141.371646,0.0,0.0,LDC-46656000,LDC-46656000,globalFaceBased,Fused,julia,float64,cpu,true,true,128,H100
291.0735247777778,301.09529,0.0,0.0,LDC-46656000,LDC-46656000,batchedFace,Fused,julia,float64,cpu,true,true,128,H100
137.07560594594594,135.810694,0.0,0.0,LDC-46656000,LDC-46656000,cellBased,Fused,julia,float64,cpu,true,true,128,H100
54.569573652173915,54.560629,0.0,0.0,LDC-2744000,LDC-2744000,faceBased,Fused,julia,float64,cpu,true,true,1,H100
56.803418011235955,56.786656,0.0,0.0,LDC-2744000,LDC-2744000,globalFaceBased,Fused,julia,float64,cpu,true,true,1,H100
145.36257134285717,145.223758,0.0,0.0,LDC-2744000,LDC-2744000,cellBased,Fused,julia,float64,cpu,true,true,1,H100
81.0504375483871,85.358803,0.0,0.0,LDC-2744000,LDC-2744000,faceBased,Fused,julia,float64,cpu,true,true,2,H100
72.10953364285714,76.3085725,0.0,0.0,LDC-2744000,LDC-2744000,globalFaceBased,Fused,julia,float64,cpu,true,true,2,H100
95.4105829245283,93.940017,0.0,0.0,LDC-2744000,LDC-2744000,batchedFace,Fused,julia,float64,cpu,true,true,2,H100
149.18161094117647,111.296065,0.0,0.0,LDC-2744000,LDC-2744000,cellBased,Fused,julia,float64,cpu,true,true,2,H100
44.05253519298246,43.4639455,0.0,0.0,LDC-2744000,LDC-2744000,faceBased,Fused,julia,float64,cpu,true,true,4,H100
37.27748909629629,38.041917,0.0,0.0,LDC-2744000,LDC-2744000,globalFaceBased,Fused,julia,float64,cpu,true,true,4,H100
52.10683521875,51.062806,0.0,0.0,LDC-2744000,LDC-2744000,batchedFace,Fused,julia,float64,cpu,true,true,4,H100
120.73870476190476,133.5340795,0.0,0.0,LDC-2744000,LDC-2744000,cellBased,Fused,julia,float64,cpu,true,true,4,H100
24.02818815311005,24.309248,0.0,0.0,LDC-2744000,LDC-2744000,faceBased,Fused,julia,float64,cpu,true,true,8,H100
19.316451096525096,19.208009,0.0,0.0,LDC-2744000,LDC-2744000,globalFaceBased,Fused,julia,float64,cpu,true,true,8,H100
28.70964190857143,28.498076,0.0,0.0,LDC-2744000,LDC-2744000,batchedFace,Fused,julia,float64,cpu,true,true,8,H100
31.710591797468354,23.373177,0.0,0.0,LDC-2744000,LDC-2744000,cellBased,Fused,julia,float64,cpu,true,true,8,H100
14.562791970930231,13.9355385,0.0,0.0,LDC-2744000,LDC-2744000,faceBased,Fused,julia,float64,cpu,true,true,16,H100
12.810775112531969,12.061454,0.0,0.0,LDC-2744000,LDC-2744000,globalFaceBased,Fused,julia,float64,cpu,true,true,16,H100
22.587155693693695,21.897116,0.0,0.0,LDC-2744000,LDC-2744000,batchedFace,Fused,julia,float64,cpu,true,true,16,H100
50.9363594040404,51.995701,0.0,0.0,LDC-2744000,LDC-2744000,cellBased,Fused,julia,float64,cpu,true,true,16,H100
10.442810638830899,10.626282,0.0,0.0,LDC-2744000,LDC-2744000,faceBased,Fused,julia,float64,cpu,true,true,32,H100
8.836319397526502,8.73077,0.0,0.0,LDC-2744000,LDC-2744000,globalFaceBased,Fused,julia,float64,cpu,true,true,32,H100
16.9221964527027,16.8461085,0.0,0.0,LDC-2744000,LDC-2744000,batchedFace,Fused,julia,float64,cpu,true,true,32,H100
19.960984984063746,15.930831,0.0,0.0,LDC-2744000,LDC-2744000,cellBased,Fused,julia,float64,cpu,true,true,32,H100
10.001511132,9.9337275,0.0,0.0,LDC-2744000,LDC-2744000,faceBased,Fused,julia,float64,cpu,true,true,64,H100
9.842621966535432,9.7610625,0.0,0.0,LDC-2744000,LDC-2744000,globalFaceBased,Fused,julia,float64,cpu,true,true,64,H100
22.273195417777778,22.219898,0.0,0.0,LDC-2744000,LDC-2744000,batchedFace,Fused,julia,float64,cpu,true,true,64,H100
13.307296949468086,15.7983125,0.0,0.0,LDC-2744000,LDC-2744000,cellBased,Fused,julia,float64,cpu,true,true,64,H100
23.82978016666667,23.412255,0.0,0.0,LDC-2744000,LDC-2744000,faceBased,Fused,julia,float64,cpu,true,true,128,H100
8.845794463716814,8.641891,0.0,0.0,LDC-2744000,LDC-2744000,globalFaceBased,Fused,julia,float64,cpu,true,true,128,H100
23.211081953703705,21.6794805,0.0,0.0,LDC-2744000,LDC-2744000,batchedFace,Fused,julia,float64,cpu,true,true,128,H100
10.043765034205231,9.77791,0.0,0.0,LDC-2744000,LDC-2744000,cellBased,Fused,julia,float64,cpu,true,true,128,H100
34.45671073287671,34.4388135,0.0,0.0,LDC-1728000,LDC-1728000,faceBased,Fused,julia,float64,cpu,true,true,1,H100
35.81658922857143,35.800802,0.0,0.0,LDC-1728000,LDC-1728000,globalFaceBased,Fused,julia,float64,cpu,true,true,1,H100
96.48096484615384,95.917766,0.0,0.0,LDC-1728000,LDC-1728000,cellBased,Fused,julia,float64,cpu,true,true,1,H100
52.65370781052632,51.746115,0.0,0.0,LDC-1728000,LDC-1728000,faceBased,Fused,julia,float64,cpu,true,true,2,H100
48.195255625,51.03812,0.0,0.0,LDC-1728000,LDC-1728000,globalFaceBased,Fused,julia,float64,cpu,true,true,2,H100
58.214129662790704,57.3245275,0.0,0.0,LDC-1728000,LDC-1728000,batchedFace,Fused,julia,float64,cpu,true,true,2,H100
96.74339394230769,53.0634685,0.0,0.0,LDC-1728000,LDC-1728000,cellBased,Fused,julia,float64,cpu,true,true,2,H100
26.290448356020942,26.800042,0.0,0.0,LDC-1728000,LDC-1728000,faceBased,Fused,julia,float64,cpu,true,true,4,H100
23.712316601895736,23.941268,0.0,0.0,LDC-1728000,LDC-1728000,globalFaceBased,Fused,julia,float64,cpu,true,true,4,H100
32.565019642857145,32.502747,0.0,0.0,LDC-1728000,LDC-1728000,batchedFace,Fused,julia,float64,cpu,true,true,4,H100
37.70068411278196,25.934925,0.0,0.0,LDC-1728000,LDC-1728000,cellBased,Fused,julia,float64,cpu,true,true,4,H100
15.371578634969326,15.1237105,0.0,0.0,LDC-1728000,LDC-1728000,faceBased,Fused,julia,float64,cpu,true,true,8,H100
12.51889474,12.3287245,0.0,0.0,LDC-1728000,LDC-1728000,globalFaceBased,Fused,julia,float64,cpu,true,true,8,H100
17.988147805755396,17.6634795,0.0,0.0,LDC-1728000,LDC-1728000,batchedFace,Fused,julia,float64,cpu,true,true,8,H100
35.47871665492958,39.3370005,0.0,0.0,LDC-1728000,LDC-1728000,cellBased,Fused,julia,float64,cpu,true,true,8,H100
9.69551253488372,9.8659825,0.0,0.0,LDC-1728000,LDC-1728000,faceBased,Fused,julia,float64,cpu,true,true,16,H100
7.9933115,7.9594855,0.0,0.0,LDC-1728000,LDC-1728000,globalFaceBased,Fused,julia,float64,cpu,true,true,16,H100
12.595183027707808,12.300277,0.0,0.0,LDC-1728000,LDC-1728000,batchedFace,Fused,julia,float64,cpu,true,true,16,H100
20.77279037759336,17.959137,0.0,0.0,LDC-1728000,LDC-1728000,cellBased,Fused,julia,float64,cpu,true,true,16,H100
6.674152757009346,6.251188,0.0,0.0,LDC-1728000,LDC-1728000,faceBased,Fused,julia,float64,cpu,true,true,32,H100
7.114172675675675,7.570705,0.0,0.0,LDC-1728000,LDC-1728000,globalFaceBased,Fused,julia,float64,cpu,true,true,32,H100
12.078914514492753,13.0958775,0.0,0.0,LDC-1728000,LDC-1728000,batchedFace,Fused,julia,float64,cpu,true,true,32,H100
5.930160603795967,5.420883,0.0,0.0,LDC-1728000,LDC-1728000,cellBased,Fused,julia,float64,cpu,true,true,32,H100
7.854456119496855,7.8588765,0.0,0.0,LDC-1728000,LDC-1728000,faceBased,Fused,julia,float64,cpu,true,true,64,H100
8.420205902356901,8.4076,0.0,0.0,LDC-1728000,LDC-1728000,globalFaceBased,Fused,julia,float64,cpu,true,true,64,H100
12.265436171568627,11.591492,0.0,0.0,LDC-1728000,LDC-1728000,batchedFace,Fused,julia,float64,cpu,true,true,64,H100
7.768869570762053,5.596066,0.0,0.0,LDC-1728000,LDC-1728000,cellBased,Fused,julia,float64,cpu,true,true,64,H100
8.644202799307958,8.3080825,0.0,0.0,LDC-1728000,LDC-1728000,faceBased,Fused,julia,float64,cpu,true,true,128,H100
22.70564857918552,22.823046,0.0,0.0,LDC-1728000,LDC-1728000,globalFaceBased,Fused,julia,float64,cpu,true,true,128,H100
17.23039836551724,16.6322865,0.0,0.0,LDC-1728000,LDC-1728000,batchedFace,Fused,julia,float64,cpu,true,true,128,H100
8.251688684297521,7.839696,0.0,0.0,LDC-1728000,LDC-1728000,cellBased,Fused,julia,float64,cpu,true,true,128,H100
44.242930850877194,44.219617,0.0,0.0,LDC-2197000,LDC-2197000,faceBased,Fused,julia,float64,cpu,true,true,1,H100
45.928406,45.888074,0.0,0.0,LDC-2197000,LDC-2197000,globalFaceBased,Fused,julia,float64,cpu,true,true,1,H100
118.99837206976744,118.847601,0.0,0.0,LDC-2197000,LDC-2197000,cellBased,Fused,julia,float64,cpu,true,true,1,H100
62.513205725,63.9029035,0.0,0.0,LDC-2197000,LDC-2197000,faceBased,Fused,julia,float64,cpu,true,true,2,H100
61.04058290243903,61.009816,0.0,0.0,LDC-2197000,LDC-2197000,globalFaceBased,Fused,julia,float64,cpu,true,true,2,H100
77.35242026153846,77.802734,0.0,0.0,LDC-2197000,LDC-2197000,batchedFace,Fused,julia,float64,cpu,true,true,2,H100
66.38670213157894,64.532519,0.0,0.0,LDC-2197000,LDC-2197000,cellBased,Fused,julia,float64,cpu,true,true,2,H100
34.113847605442174,35.801184,0.0,0.0,LDC-2197000,LDC-2197000,faceBased,Fused,julia,float64,cpu,true,true,4,H100
31.68629743670886,32.815114,0.0,0.0,LDC-2197000,LDC-2197000,globalFaceBased,Fused,julia,float64,cpu,true,true,4,H100
41.25385117213115,39.97125,0.0,0.0,LDC-2197000,LDC-2197000,batchedFace,Fused,julia,float64,cpu,true,true,4,H100
95.74247871698113,96.923066,0.0,0.0,LDC-2197000,LDC-2197000,cellBased,Fused,julia,float64,cpu,true,true,4,H100
19.506933151750975,18.684793,0.0,0.0,LDC-2197000,LDC-2197000,faceBased,Fused,julia,float64,cpu,true,true,8,H100
16.237003376623377,15.582573,0.0,0.0,LDC-2197000,LDC-2197000,globalFaceBased,Fused,julia,float64,cpu,true,true,8,H100
24.252581806763285,24.145682,0.0,0.0,LDC-2197000,LDC-2197000,batchedFace,Fused,julia,float64,cpu,true,true,8,H100
53.8639492688172,53.904992,0.0,0.0,LDC-2197000,LDC-2197000,cellBased,Fused,julia,float64,cpu,true,true,8,H100
11.996631177458033,12.466336,0.0,0.0,LDC-2197000,LDC-2197000,faceBased,Fused,julia,float64,cpu,true,true,16,H100
9.995458551999999,9.4940625,0.0,0.0,LDC-2197000,LDC-2197000,globalFaceBased,Fused,julia,float64,cpu,true,true,16,H100
15.428520422839506,15.5062225,0.0,0.0,LDC-2197000,LDC-2197000,batchedFace,Fused,julia,float64,cpu,true,true,16,H100
10.616053278131634,10.382266,0.0,0.0,LDC-2197000,LDC-2197000,cellBased,Fused,julia,float64,cpu,true,true,16,H100
8.145121431596092,8.0117905,0.0,0.0,LDC-2197000,LDC-2197000,faceBased,Fused,julia,float64,cpu,true,true,32,H100
7.9457561844197135,7.613641,0.0,0.0,LDC-2197000,LDC-2197000,globalFaceBased,Fused,julia,float64,cpu,true,true,32,H100
16.528178851485148,16.087469,0.0,0.0,LDC-2197000,LDC-2197000,batchedFace,Fused,julia,float64,cpu,true,true,32,H100
14.841976071216617,16.220815,0.0,0.0,LDC-2197000,LDC-2197000,cellBased,Fused,julia,float64,cpu,true,true,32,H100
8.659485802426344,8.547125,0.0,0.0,LDC-2197000,LDC-2197000,faceBased,Fused,julia,float64,cpu,true,true,64,H100
8.014973259615385,8.1804545,0.0,0.0,LDC-2197000,LDC-2197000,globalFaceBased,Fused,julia,float64,cpu,true,true,64,H100
17.488949727272725,19.4991575,0.0,0.0,LDC-2197000,LDC-2197000,batchedFace,Fused,julia,float64,cpu,true,true,64,H100
12.342060459259258,12.786558,0.0,0.0,LDC-2197000,LDC-2197000,cellBased,Fused,julia,float64,cpu,true,true,64,H100
10.829116234273318,10.608727,0.0,0.0,LDC-2197000,LDC-2197000,faceBased,Fused,julia,float64,cpu,true,true,128,H100
13.254239405835545,13.017757,0.0,0.0,LDC-2197000,LDC-2197000,globalFaceBased,Fused,julia,float64,cpu,true,true,128,H100
20.78273391701245,19.903007,0.0,0.0,LDC-2197000,LDC-2197000,batchedFace,Fused,julia,float64,cpu,true,true,128,H100
10.050371374245472,9.735837,0.0,0.0,LDC-2197000,LDC-2197000,cellBased,Fused,julia,float64,cpu,true,true,128,H100
3.3005916079207918,3.300361,0.0,0.0,LDC-216000,LDC-216000,faceBased,Fused,julia,float64,cpu,true,true,1,H100
3.617530879884226,3.612336,0.0,0.0,LDC-216000,LDC-216000,globalFaceBased,Fused,julia,float64,cpu,true,true,1,H100
10.278238178644763,10.2421,0.0,0.0,LDC-216000,LDC-216000,cellBased,Fused,julia,float64,cpu,true,true,1,H100
6.434954671814672,6.378658,0.0,0.0,LDC-216000,LDC-216000,faceBased,Fused,julia,float64,cpu,true,true,2,H100
5.938932798099763,5.9818575,0.0,0.0,LDC-216000,LDC-216000,globalFaceBased,Fused,julia,float64,cpu,true,true,2,H100
5.268645855637513,5.344857,0.0,0.0,LDC-216000,LDC-216000,batchedFace,Fused,julia,float64,cpu,true,true,2,H100
5.417424665222102,4.326354,0.0,0.0,LDC-216000,LDC-216000,cellBased,Fused,julia,float64,cpu,true,true,2,H100
3.513866649332396,3.518893,0.0,0.0,LDC-216000,LDC-216000,faceBased,Fused,julia,float64,cpu,true,true,4,H100
2.9861233100358424,3.005844,0.0,0.0,LDC-216000,LDC-216000,globalFaceBased,Fused,julia,float64,cpu,true,true,4,H100
2.7910705706309322,2.907875,0.0,0.0,LDC-216000,LDC-216000,batchedFace,Fused,julia,float64,cpu,true,true,4,H100
3.099053422814631,1.798444,0.0,0.0,LDC-216000,LDC-216000,cellBased,Fused,julia,float64,cpu,true,true,4,H100
2.0702489635610766,2.050213,0.0,0.0,LDC-216000,LDC-216000,faceBased,Fused,julia,float64,cpu,true,true,8,H100
1.657427568822554,1.649184,0.0,0.0,LDC-216000,LDC-216000,globalFaceBased,Fused,julia,float64,cpu,true,true,8,H100
1.797698414028777,1.8196905,0.0,0.0,LDC-216000,LDC-216000,batchedFace,Fused,julia,float64,cpu,true,true,8,H100
1.6339988355134074,0.9875185,0.0,0.0,LDC-216000,LDC-216000,cellBased,Fused,julia,float64,cpu,true,true,8,H100
1.3563474758414766,1.342118,0.0,0.0,LDC-216000,LDC-216000,faceBased,Fused,julia,float64,cpu,true,true,16,H100
1.1887252393528434,1.184975,0.0,0.0,LDC-216000,LDC-216000,globalFaceBased,Fused,julia,float64,cpu,true,true,16,H100
1.2426012949515046,1.234022,0.0,0.0,LDC-216000,LDC-216000,batchedFace,Fused,julia,float64,cpu,true,true,16,H100
0.5469188287626152,0.549311,0.0,0.0,LDC-216000,LDC-216000,cellBased,Fused,julia,float64,cpu,true,true,16,H100
1.2070946737605803,1.202625,0.0,0.0,LDC-216000,LDC-216000,faceBased,Fused,julia,float64,cpu,true,true,32,H100
1.1643612118031257,1.162973,0.0,0.0,LDC-216000,LDC-216000,globalFaceBased,Fused,julia,float64,cpu,true,true,32,H100
1.311623962700289,1.309841,0.0,0.0,LDC-216000,LDC-216000,batchedFace,Fused,julia,float64,cpu,true,true,32,H100
0.3814314442,0.3664735,0.0,0.0,LDC-216000,LDC-216000,cellBased,Fused,julia,float64,cpu,true,true,32,H100
1.7861973761632068,1.7868525,0.0,0.0,LDC-216000,LDC-216000,faceBased,Fused,julia,float64,cpu,true,true,64,H100
1.2289721144756276,1.2428375,0.0,0.0,LDC-216000,LDC-216000,globalFaceBased,Fused,julia,float64,cpu,true,true,64,H100
1.120174092563469,1.119642,0.0,0.0,LDC-216000,LDC-216000,batchedFace,Fused,julia,float64,cpu,true,true,64,H100
0.20570882019999998,0.215671,0.0,0.0,LDC-216000,LDC-216000,cellBased,Fused,julia,float64,cpu,true,true,64,H100
1.1819382070358926,1.134628,0.0,0.0,LDC-216000,LDC-216000,faceBased,Fused,julia,float64,cpu,true,true,128,H100
0.504322328384013,0.48543,0.0,0.0,LDC-216000,LDC-216000,globalFaceBased,Fused,julia,float64,cpu,true,true,128,H100
1.493649414641464,1.440659,0.0,0.0,LDC-216000,LDC-216000,batchedFace,Fused,julia,float64,cpu,true,true,128,H100
0.1596243665,0.156644,0.0,0.0,LDC-216000,LDC-216000,cellBased,Fused,julia,float64,cpu,true,true,128,H100
100.46735244,100.301786,0.0,0.0,LDC-4913000,LDC-4913000,faceBased,Fused,julia,float64,cpu,true,true,1,H100
104.41715229166667,104.317262,0.0,0.0,LDC-4913000,LDC-4913000,globalFaceBased,Fused,julia,float64,cpu,true,true,1,H100
266.90349031578944,266.728325,0.0,0.0,LDC-4913000,LDC-4913000,cellBased,Fused,julia,float64,cpu,true,true,1,H100
145.0272354857143,147.448054,0.0,0.0,LDC-4913000,LDC-4913000,faceBased,Fused,julia,float64,cpu,true,true,2,H100
133.81244073684212,136.3619865,0.0,0.0,LDC-4913000,LDC-4913000,globalFaceBased,Fused,julia,float64,cpu,true,true,2,H100
180.2894625357143,182.9625195,0.0,0.0,LDC-4913000,LDC-4913000,batchedFace,Fused,julia,float64,cpu,true,true,2,H100
299.7885337647059,422.608155,0.0,0.0,LDC-4913000,LDC-4913000,cellBased,Fused,julia,float64,cpu,true,true,2,H100
74.0402410735294,73.5252135,0.0,0.0,LDC-4913000,LDC-4913000,faceBased,Fused,julia,float64,cpu,true,true,4,H100
66.76179649333334,72.197464,0.0,0.0,LDC-4913000,LDC-4913000,globalFaceBased,Fused,julia,float64,cpu,true,true,4,H100
92.29729438181818,91.72007,0.0,0.0,LDC-4913000,LDC-4913000,batchedFace,Fused,julia,float64,cpu,true,true,4,H100
208.37616629166666,215.5993375,0.0,0.0,LDC-4913000,LDC-4913000,cellBased,Fused,julia,float64,cpu,true,true,4,H100
44.163313333333335,44.321833,0.0,0.0,LDC-4913000,LDC-4913000,faceBased,Fused,julia,float64,cpu,true,true,8,H100
35.58965465957447,34.251346,0.0,0.0,LDC-4913000,LDC-4913000,globalFaceBased,Fused,julia,float64,cpu,true,true,8,H100
56.60872223595506,55.994533,0.0,0.0,LDC-4913000,LDC-4913000,batchedFace,Fused,julia,float64,cpu,true,true,8,H100
102.82254353061225,101.920609,0.0,0.0,LDC-4913000,LDC-4913000,cellBased,Fused,julia,float64,cpu,true,true,8,H100
26.90426208064516,27.2126455,0.0,0.0,LDC-4913000,LDC-4913000,faceBased,Fused,julia,float64,cpu,true,true,16,H100
21.430506089743588,21.356229,0.0,0.0,LDC-4913000,LDC-4913000,globalFaceBased,Fused,julia,float64,cpu,true,true,16,H100
34.356744561643836,34.1261275,0.0,0.0,LDC-4913000,LDC-4913000,batchedFace,Fused,julia,float64,cpu,true,true,16,H100
78.476120609375,79.2949155,0.0,0.0,LDC-4913000,LDC-4913000,cellBased,Fused,julia,float64,cpu,true,true,16,H100
17.087753948805464,16.956777,0.0,0.0,LDC-4913000,LDC-4913000,faceBased,Fused,julia,float64,cpu,true,true,32,H100
15.309712250764527,14.878391,0.0,0.0,LDC-4913000,LDC-4913000,globalFaceBased,Fused,julia,float64,cpu,true,true,32,H100
30.424380024242424,30.445763,0.0,0.0,LDC-4913000,LDC-4913000,batchedFace,Fused,julia,float64,cpu,true,true,32,H100
15.39605818153846,15.161185,0.0,0.0,LDC-4913000,LDC-4913000,cellBased,Fused,julia,float64,cpu,true,true,32,H100
21.786561904347824,21.818177,0.0,0.0,LDC-4913000,LDC-4913000,faceBased,Fused,julia,float64,cpu,true,true,64,H100
19.62007308235294,19.357875,0.0,0.0,LDC-4913000,LDC-4913000,globalFaceBased,Fused,julia,float64,cpu,true,true,64,H100
41.36351250413223,41.315051,0.0,0.0,LDC-4913000,LDC-4913000,batchedFace,Fused,julia,float64,cpu,true,true,64,H100
24.317054922330097,28.937111,0.0,0.0,LDC-4913000,LDC-4913000,cellBased,Fused,julia,float64,cpu,true,true,64,H100
24.74539485148515,21.5899885,0.0,0.0,LDC-4913000,LDC-4913000,faceBased,Fused,julia,float64,cpu,true,true,128,H100
19.147529540229886,18.805482,0.0,0.0,LDC-4913000,LDC-4913000,globalFaceBased,Fused,julia,float64,cpu,true,true,128,H100
42.12447186554622,37.882462,0.0,0.0,LDC-4913000,LDC-4913000,batchedFace,Fused,julia,float64,cpu,true,true,128,H100
18.389663198529412,17.712713,0.0,0.0,LDC-4913000,LDC-4913000,cellBased,Fused,julia,float64,cpu,true,true,128,H100
12.986597412987013,12.982319,0.0,0.0,LDC-1000000,LDC-1000000,faceBased,Fused,julia,float64,cpu,true,true,1,H200
14.025478039215686,14.016783,0.0,0.0,LDC-1000000,LDC-1000000,globalFaceBased,Fused,julia,float64,cpu,true,true,1,H200
92.12376474545455,92.096348,0.0,0.0,LDC-1000000,LDC-1000000,cellBased,Fused,julia,float64,cpu,true,true,1,H200
16.787649345637583,16.7370475,0.0,0.0,LDC-1000000,LDC-1000000,faceBased,Fused,julia,float64,cpu,true,true,2,H200
17.071689870307168,17.007975,0.0,0.0,LDC-1000000,LDC-1000000,globalFaceBased,Fused,julia,float64,cpu,true,true,2,H200
17.666129660777386,17.559293,0.0,0.0,LDC-1000000,LDC-1000000,batchedFace,Fused,julia,float64,cpu,true,true,2,H200
39.04112330232559,38.911131,0.0,0.0,LDC-1000000,LDC-1000000,cellBased,Fused,julia,float64,cpu,true,true,2,H200
10.438994194154487,10.432354,0.0,0.0,LDC-1000000,LDC-1000000,faceBased,Fused,julia,float64,cpu,true,true,4,H200
10.450596791231733,10.178444,0.0,0.0,LDC-1000000,LDC-1000000,globalFaceBased,Fused,julia,float64,cpu,true,true,4,H200
13.325807933510639,13.3486685,0.0,0.0,LDC-1000000,LDC-1000000,batchedFace,Fused,julia,float64,cpu,true,true,4,H200
28.7590619137931,28.742495,0.0,0.0,LDC-1000000,LDC-1000000,cellBased,Fused,julia,float64,cpu,true,true,4,H200
7.149977561428571,7.106817,0.0,0.0,LDC-1000000,LDC-1000000,faceBased,Fused,julia,float64,cpu,true,true,8,H200
6.04226425120773,6.020303,0.0,0.0,LDC-1000000,LDC-1000000,globalFaceBased,Fused,julia,float64,cpu,true,true,8,H200
15.26093394207317,15.239939,0.0,0.0,LDC-1000000,LDC-1000000,batchedFace,Fused,julia,float64,cpu,true,true,8,H200
16.01931997763578,16.001742,0.0,0.0,LDC-1000000,LDC-1000000,cellBased,Fused,julia,float64,cpu,true,true,8,H200
4.493933386343216,4.484026,0.0,0.0,LDC-1000000,LDC-1000000,faceBased,Fused,julia,float64,cpu,true,true,16,H200
4.057917538149351,4.024173,0.0,0.0,LDC-1000000,LDC-1000000,globalFaceBased,Fused,julia,float64,cpu,true,true,16,H200
11.93367229594272,11.966103,0.0,0.0,LDC-1000000,LDC-1000000,batchedFace,Fused,julia,float64,cpu,true,true,16,H200
8.725437350785342,8.577043,0.0,0.0,LDC-1000000,LDC-1000000,cellBased,Fused,julia,float64,cpu,true,true,16,H200
3.0464312413162706,3.034813,0.0,0.0,LDC-1000000,LDC-1000000,faceBased,Fused,julia,float64,cpu,true,true,32,H200
3.119847398627573,3.062481,0.0,0.0,LDC-1000000,LDC-1000000,globalFaceBased,Fused,julia,float64,cpu,true,true,32,H200
7.069111117231638,7.0348325,0.0,0.0,LDC-1000000,LDC-1000000,batchedFace,Fused,julia,float64,cpu,true,true,32,H200
6.436264315315316,6.425424,0.0,0.0,LDC-1000000,LDC-1000000,cellBased,Fused,julia,float64,cpu,true,true,32,H200
2.612229095088819,2.6204675,0.0,0.0,LDC-1000000,LDC-1000000,faceBased,Fused,julia,float64,cpu,true,true,64,H200
1.9602037218517065,1.96375,0.0,0.0,LDC-1000000,LDC-1000000,globalFaceBased,Fused,julia,float64,cpu,true,true,64,H200
3.4918703303072625,3.475649,0.0,0.0,LDC-1000000,LDC-1000000,batchedFace,Fused,julia,float64,cpu,true,true,64,H200
1.7334103479014915,1.731351,0.0,0.0,LDC-1000000,LDC-1000000,cellBased,Fused,julia,float64,cpu,true,true,64,H200
2.069330343141318,2.055586,0.0,0.0,LDC-1000000,LDC-1000000,faceBased,Fused,julia,float64,cpu,true,true,128,H200
1.29389735312419,1.285618,0.0,0.0,LDC-1000000,LDC-1000000,globalFaceBased,Fused,julia,float64,cpu,true,true,128,H200
2.7777471213133,2.77082,0.0,0.0,LDC-1000000,LDC-1000000,batchedFace,Fused,julia,float64,cpu,true,true,128,H200
0.3669489648,0.362559,0.0,0.0,LDC-1000000,LDC-1000000,cellBased,Fused,julia,float64,cpu,true,true,128,H200
4.480106857526882,4.4741215,0.0,0.0,LDC-343000,LDC-343000,faceBased,Fused,julia,float64,cpu,true,true,1,H200
4.905052051030421,4.899297,0.0,0.0,LDC-343000,LDC-343000,globalFaceBased,Fused,julia,float64,cpu,true,true,1,H200
31.20432210559006,31.189174,0.0,0.0,LDC-343000,LDC-343000,cellBased,Fused,julia,float64,cpu,true,true,1,H200
6.492278916990921,6.469715,0.0,0.0,LDC-343000,LDC-343000,faceBased,Fused,julia,float64,cpu,true,true,2,H200
6.530831152741514,6.536592,0.0,0.0,LDC-343000,LDC-343000,globalFaceBased,Fused,julia,float64,cpu,true,true,2,H200
7.2755350334302324,7.2914855,0.0,0.0,LDC-343000,LDC-343000,batchedFace,Fused,julia,float64,cpu,true,true,2,H200
18.32340211721612,18.322563,0.0,0.0,LDC-343000,LDC-343000,cellBased,Fused,julia,float64,cpu,true,true,2,H200
4.210545436868687,4.2231715,0.0,0.0,LDC-343000,LDC-343000,faceBased,Fused,julia,float64,cpu,true,true,4,H200
3.8771009604651163,3.8966225,0.0,0.0,LDC-343000,LDC-343000,globalFaceBased,Fused,julia,float64,cpu,true,true,4,H200
4.693274817073171,4.732988,0.0,0.0,LDC-343000,LDC-343000,batchedFace,Fused,julia,float64,cpu,true,true,4,H200
10.731127665236052,10.73508,0.0,0.0,LDC-343000,LDC-343000,cellBased,Fused,julia,float64,cpu,true,true,4,H200
2.7013700540248515,2.703577,0.0,0.0,LDC-343000,LDC-343000,faceBased,Fused,julia,float64,cpu,true,true,8,H200
2.643848849814913,2.64703,0.0,0.0,LDC-343000,LDC-343000,globalFaceBased,Fused,julia,float64,cpu,true,true,8,H200
5.663249001132503,5.647586,0.0,0.0,LDC-343000,LDC-343000,batchedFace,Fused,julia,float64,cpu,true,true,8,H200
4.725806853497164,4.70214,0.0,0.0,LDC-343000,LDC-343000,cellBased,Fused,julia,float64,cpu,true,true,8,H200
1.8814622107640195,1.892883,0.0,0.0,LDC-343000,LDC-343000,faceBased,Fused,julia,float64,cpu,true,true,16,H200
1.996054813972056,2.003074,0.0,0.0,LDC-343000,LDC-343000,globalFaceBased,Fused,julia,float64,cpu,true,true,16,H200
2.317832158553547,2.337144,0.0,0.0,LDC-343000,LDC-343000,batchedFace,Fused,julia,float64,cpu,true,true,16,H200
3.6843069550478997,3.70193,0.0,0.0,LDC-343000,LDC-343000,cellBased,Fused,julia,float64,cpu,true,true,16,H200
1.376837197245179,1.378711,0.0,0.0,LDC-343000,LDC-343000,faceBased,Fused,julia,float64,cpu,true,true,32,H200
1.5279483677774381,1.535982,0.0,0.0,LDC-343000,LDC-343000,globalFaceBased,Fused,julia,float64,cpu,true,true,32,H200
1.574799120352867,1.566614,0.0,0.0,LDC-343000,LDC-343000,batchedFace,Fused,julia,float64,cpu,true,true,32,H200
0.79076349540994,0.785876,0.0,0.0,LDC-343000,LDC-343000,cellBased,Fused,julia,float64,cpu,true,true,32,H200
1.3034284425887266,1.2922715,0.0,0.0,LDC-343000,LDC-343000,faceBased,Fused,julia,float64,cpu,true,true,64,H200
0.9973733068318019,1.0003005,0.0,0.0,LDC-343000,LDC-343000,globalFaceBased,Fused,julia,float64,cpu,true,true,64,H200
1.6675972249666222,1.6558815,0.0,0.0,LDC-343000,LDC-343000,batchedFace,Fused,julia,float64,cpu,true,true,64,H200
0.1902420575,0.189571,0.0,0.0,LDC-343000,LDC-343000,cellBased,Fused,julia,float64,cpu,true,true,64,H200
1.0118128352272726,1.0083515,0.0,0.0,LDC-343000,LDC-343000,faceBased,Fused,julia,float64,cpu,true,true,128,H200
0.5499536621741051,0.58905,0.0,0.0,LDC-343000,LDC-343000,globalFaceBased,Fused,julia,float64,cpu,true,true,128,H200
1.5168613931935582,1.515995,0.0,0.0,LDC-343000,LDC-343000,batchedFace,Fused,julia,float64,cpu,true,true,128,H200
0.1047511568,0.107318,0.0,0.0,LDC-343000,LDC-343000,cellBased,Fused,julia,float64,cpu,true,true,128,H200
42.467741906779665,42.4557095,0.0,0.0,LDC-3375000,LDC-3375000,faceBased,Fused,julia,float64,cpu,true,true,1,H200
46.08066710091743,46.018914,0.0,0.0,LDC-3375000,LDC-3375000,globalFaceBased,Fused,julia,float64,cpu,true,true,1,H200
305.54677158823534,305.456867,0.0,0.0,LDC-3375000,LDC-3375000,cellBased,Fused,julia,float64,cpu,true,true,1,H200
56.2182645505618,56.046882,0.0,0.0,LDC-3375000,LDC-3375000,faceBased,Fused,julia,float64,cpu,true,true,2,H200
56.75561921348315,56.774071,0.0,0.0,LDC-3375000,LDC-3375000,globalFaceBased,Fused,julia,float64,cpu,true,true,2,H200
58.804525453488374,58.7203625,0.0,0.0,LDC-3375000,LDC-3375000,batchedFace,Fused,julia,float64,cpu,true,true,2,H200
184.34286660714287,184.292868,0.0,0.0,LDC-3375000,LDC-3375000,cellBased,Fused,julia,float64,cpu,true,true,2,H200
30.23426585542169,30.137593,0.0,0.0,LDC-3375000,LDC-3375000,faceBased,Fused,julia,float64,cpu,true,true,4,H200
30.046359874251497,30.014899,0.0,0.0,LDC-3375000,LDC-3375000,globalFaceBased,Fused,julia,float64,cpu,true,true,4,H200
39.79449773809524,39.7964035,0.0,0.0,LDC-3375000,LDC-3375000,batchedFace,Fused,julia,float64,cpu,true,true,4,H200
102.89802714285715,101.715174,0.0,0.0,LDC-3375000,LDC-3375000,cellBased,Fused,julia,float64,cpu,true,true,4,H200
22.4504638206278,22.421508,0.0,0.0,LDC-3375000,LDC-3375000,faceBased,Fused,julia,float64,cpu,true,true,8,H200
18.40527607352941,17.700943,0.0,0.0,LDC-3375000,LDC-3375000,globalFaceBased,Fused,julia,float64,cpu,true,true,8,H200
41.492848719008265,41.367058,0.0,0.0,LDC-3375000,LDC-3375000,batchedFace,Fused,julia,float64,cpu,true,true,8,H200
49.66994496039604,49.585978,0.0,0.0,LDC-3375000,LDC-3375000,cellBased,Fused,julia,float64,cpu,true,true,8,H200
13.877968930747922,13.924666,0.0,0.0,LDC-3375000,LDC-3375000,faceBased,Fused,julia,float64,cpu,true,true,16,H200
11.101972554323725,11.060498,0.0,0.0,LDC-3375000,LDC-3375000,globalFaceBased,Fused,julia,float64,cpu,true,true,16,H200
31.843561974683546,31.8313165,0.0,0.0,LDC-3375000,LDC-3375000,batchedFace,Fused,julia,float64,cpu,true,true,16,H200
31.155360329192547,31.045276,0.0,0.0,LDC-3375000,LDC-3375000,cellBased,Fused,julia,float64,cpu,true,true,16,H200
8.650229532871974,8.111017,0.0,0.0,LDC-3375000,LDC-3375000,faceBased,Fused,julia,float64,cpu,true,true,32,H200
7.211622783861672,7.0573735,0.0,0.0,LDC-3375000,LDC-3375000,globalFaceBased,Fused,julia,float64,cpu,true,true,32,H200
19.14336813740458,19.047284,0.0,0.0,LDC-3375000,LDC-3375000,batchedFace,Fused,julia,float64,cpu,true,true,32,H200
15.654949415625,15.6067585,0.0,0.0,LDC-3375000,LDC-3375000,cellBased,Fused,julia,float64,cpu,true,true,32,H200
8.861115661946902,8.911503,0.0,0.0,LDC-3375000,LDC-3375000,faceBased,Fused,julia,float64,cpu,true,true,64,H200
6.025073732530121,5.997742,0.0,0.0,LDC-3375000,LDC-3375000,globalFaceBased,Fused,julia,float64,cpu,true,true,64,H200
13.98111420670391,13.9736285,0.0,0.0,LDC-3375000,LDC-3375000,batchedFace,Fused,julia,float64,cpu,true,true,64,H200
13.195894007915568,13.194442,0.0,0.0,LDC-3375000,LDC-3375000,cellBased,Fused,julia,float64,cpu,true,true,64,H200
6.35766834522293,6.303818,0.0,0.0,LDC-3375000,LDC-3375000,faceBased,Fused,julia,float64,cpu,true,true,128,H200
4.7591139914204,4.861525,0.0,0.0,LDC-3375000,LDC-3375000,globalFaceBased,Fused,julia,float64,cpu,true,true,128,H200
13.151691255263158,13.129443,0.0,0.0,LDC-3375000,LDC-3375000,batchedFace,Fused,julia,float64,cpu,true,true,128,H200
5.294098882040382,5.317932,0.0,0.0,LDC-3375000,LDC-3375000,cellBased,Fused,julia,float64,cpu,true,true,128,H200
492.2478238181818,492.340586,0.0,0.0,LDC-39304000,LDC-39304000,faceBased,Fused,julia,float64,cpu,true,true,1,H200
524.4963967,524.321988,0.0,0.0,LDC-39304000,LDC-39304000,globalFaceBased,Fused,julia,float64,cpu,true,true,1,H200
3679.3029545,3679.3029545,0.0,0.0,LDC-39304000,LDC-39304000,cellBased,Fused,julia,float64,cpu,true,true,1,H200
628.983909125,621.5417355,0.0,0.0,LDC-39304000,LDC-39304000,faceBased,Fused,julia,float64,cpu,true,true,2,H200
632.77646675,623.531061,0.0,0.0,LDC-39304000,LDC-39304000,globalFaceBased,Fused,julia,float64,cpu,true,true,2,H200
638.2765675,637.6833975,0.0,0.0,LDC-39304000,LDC-39304000,batchedFace,Fused,julia,float64,cpu,true,true,2,H200
2240.397997,2228.028274,0.0,0.0,LDC-39304000,LDC-39304000,cellBased,Fused,julia,float64,cpu,true,true,2,H200
330.4064011875,319.060621,0.0,0.0,LDC-39304000,LDC-39304000,faceBased,Fused,julia,float64,cpu,true,true,4,H200
324.245265125,320.248395,0.0,0.0,LDC-39304000,LDC-39304000,globalFaceBased,Fused,julia,float64,cpu,true,true,4,H200
422.5607825,417.9036525,0.0,0.0,LDC-39304000,LDC-39304000,batchedFace,Fused,julia,float64,cpu,true,true,4,H200
1082.7304934000001,1082.224567,0.0,0.0,LDC-39304000,LDC-39304000,cellBased,Fused,julia,float64,cpu,true,true,4,H200
184.0760907142857,181.6296615,0.0,0.0,LDC-39304000,LDC-39304000,faceBased,Fused,julia,float64,cpu,true,true,8,H200
167.40539146666666,167.4702495,0.0,0.0,LDC-39304000,LDC-39304000,globalFaceBased,Fused,julia,float64,cpu,true,true,8,H200
432.0698063333333,432.000032,0.0,0.0,LDC-39304000,LDC-39304000,batchedFace,Fused,julia,float64,cpu,true,true,8,H200
561.7566048888889,561.694515,0.0,0.0,LDC-39304000,LDC-39304000,cellBased,Fused,julia,float64,cpu,true,true,8,H200
138.9130302162162,138.86811,0.0,0.0,LDC-39304000,LDC-39304000,faceBased,Fused,julia,float64,cpu,true,true,16,H200
110.2000267826087,109.165837,0.0,0.0,LDC-39304000,LDC-39304000,globalFaceBased,Fused,julia,float64,cpu,true,true,16,H200
390.73701061538463,390.159745,0.0,0.0,LDC-39304000,LDC-39304000,batchedFace,Fused,julia,float64,cpu,true,true,16,H200
318.9751158125,318.5386805,0.0,0.0,LDC-39304000,LDC-39304000,cellBased,Fused,julia,float64,cpu,true,true,16,H200
103.14099191836735,102.938795,0.0,0.0,LDC-39304000,LDC-39304000,faceBased,Fused,julia,float64,cpu,true,true,32,H200
57.724586333333335,55.725544,0.0,0.0,LDC-39304000,LDC-39304000,globalFaceBased,Fused,julia,float64,cpu,true,true,32,H200
193.91901453846154,193.52294,0.0,0.0,LDC-39304000,LDC-39304000,batchedFace,Fused,julia,float64,cpu,true,true,32,H200
152.84524578787878,152.675308,0.0,0.0,LDC-39304000,LDC-39304000,cellBased,Fused,julia,float64,cpu,true,true,32,H200
105.20903525,105.319522,0.0,0.0,LDC-39304000,LDC-39304000,faceBased,Fused,julia,float64,cpu,true,true,64,H200
88.47804836842104,88.007007,0.0,0.0,LDC-39304000,LDC-39304000,globalFaceBased,Fused,julia,float64,cpu,true,true,64,H200
330.9035140625,330.674078,0.0,0.0,LDC-39304000,LDC-39304000,batchedFace,Fused,julia,float64,cpu,true,true,64,H200
176.5342543448276,176.55587,0.0,0.0,LDC-39304000,LDC-39304000,cellBased,Fused,julia,float64,cpu,true,true,64,H200
53.4103069893617,50.6346325,0.0,0.0,LDC-39304000,LDC-39304000,faceBased,Fused,julia,float64,cpu,true,true,128,H200
50.818527828282825,50.910176,0.0,0.0,LDC-39304000,LDC-39304000,globalFaceBased,Fused,julia,float64,cpu,true,true,128,H200
114.51337202272727,114.4683345,0.0,0.0,LDC-39304000,LDC-39304000,batchedFace,Fused,julia,float64,cpu,true,true,128,H200
78.325393984375,78.2970825,0.0,0.0,LDC-39304000,LDC-39304000,cellBased,Fused,julia,float64,cpu,true,true,128,H200
6.747919538461538,6.740304,0.0,0.0,LDC-512000,LDC-512000,faceBased,Fused,julia,float64,cpu,true,true,1,H200
7.30199822919708,7.294917,0.0,0.0,LDC-512000,LDC-512000,globalFaceBased,Fused,julia,float64,cpu,true,true,1,H200
47.534554084905665,47.3877705,0.0,0.0,LDC-512000,LDC-512000,cellBased,Fused,julia,float64,cpu,true,true,1,H200
9.327484268656717,9.299049,0.0,0.0,LDC-512000,LDC-512000,faceBased,Fused,julia,float64,cpu,true,true,2,H200
9.360663355140186,9.33938,0.0,0.0,LDC-512000,LDC-512000,globalFaceBased,Fused,julia,float64,cpu,true,true,2,H200
10.620316535031847,10.652967,0.0,0.0,LDC-512000,LDC-512000,batchedFace,Fused,julia,float64,cpu,true,true,2,H200
30.080079580838323,30.042765,0.0,0.0,LDC-512000,LDC-512000,cellBased,Fused,julia,float64,cpu,true,true,2,H200
5.393627110032363,5.391087,0.0,0.0,LDC-512000,LDC-512000,faceBased,Fused,julia,float64,cpu,true,true,4,H200
5.557020417777777,5.555724,0.0,0.0,LDC-512000,LDC-512000,globalFaceBased,Fused,julia,float64,cpu,true,true,4,H200
8.352477318864775,8.373792,0.0,0.0,LDC-512000,LDC-512000,batchedFace,Fused,julia,float64,cpu,true,true,4,H200
14.15825218079096,14.148457,0.0,0.0,LDC-512000,LDC-512000,cellBased,Fused,julia,float64,cpu,true,true,4,H200
3.5795318203292767,3.58305,0.0,0.0,LDC-512000,LDC-512000,faceBased,Fused,julia,float64,cpu,true,true,8,H200
3.5965919942446045,3.5869405,0.0,0.0,LDC-512000,LDC-512000,globalFaceBased,Fused,julia,float64,cpu,true,true,8,H200
8.042640964630225,7.88549,0.0,0.0,LDC-512000,LDC-512000,batchedFace,Fused,julia,float64,cpu,true,true,8,H200
7.273564933139535,7.251367,0.0,0.0,LDC-512000,LDC-512000,cellBased,Fused,julia,float64,cpu,true,true,8,H200
2.2798050123119014,2.280668,0.0,0.0,LDC-512000,LDC-512000,faceBased,Fused,julia,float64,cpu,true,true,16,H200
2.636859933016878,2.6242255,0.0,0.0,LDC-512000,LDC-512000,globalFaceBased,Fused,julia,float64,cpu,true,true,16,H200
4.641869814471243,4.64405,0.0,0.0,LDC-512000,LDC-512000,batchedFace,Fused,julia,float64,cpu,true,true,16,H200
5.042800153225807,5.027057,0.0,0.0,LDC-512000,LDC-512000,cellBased,Fused,julia,float64,cpu,true,true,16,H200
1.7742991064962725,1.768473,0.0,0.0,LDC-512000,LDC-512000,faceBased,Fused,julia,float64,cpu,true,true,32,H200
2.0200819737373736,2.019969,0.0,0.0,LDC-512000,LDC-512000,globalFaceBased,Fused,julia,float64,cpu,true,true,32,H200
2.228016268270945,2.2297275,0.0,0.0,LDC-512000,LDC-512000,batchedFace,Fused,julia,float64,cpu,true,true,32,H200
2.77160813248337,2.7534185,0.0,0.0,LDC-512000,LDC-512000,cellBased,Fused,julia,float64,cpu,true,true,32,H200
1.5734723615748032,1.56973,0.0,0.0,LDC-512000,LDC-512000,faceBased,Fused,julia,float64,cpu,true,true,64,H200
1.138539425575564,1.14117,0.0,0.0,LDC-512000,LDC-512000,globalFaceBased,Fused,julia,float64,cpu,true,true,64,H200
2.0693594285714285,2.064981,0.0,0.0,LDC-512000,LDC-512000,batchedFace,Fused,julia,float64,cpu,true,true,64,H200
0.4895837448,0.484336,0.0,0.0,LDC-512000,LDC-512000,cellBased,Fused,julia,float64,cpu,true,true,64,H200
1.3351635615302302,1.3309715,0.0,0.0,LDC-512000,LDC-512000,faceBased,Fused,julia,float64,cpu,true,true,128,H200
0.8055945730210017,0.810575,0.0,0.0,LDC-512000,LDC-512000,globalFaceBased,Fused,julia,float64,cpu,true,true,128,H200
1.9000934813546424,1.930381,0.0,0.0,LDC-512000,LDC-512000,batchedFace,Fused,julia,float64,cpu,true,true,128,H200
0.15802981340000002,0.157537,0.0,0.0,LDC-512000,LDC-512000,cellBased,Fused,julia,float64,cpu,true,true,128,H200
52.357235770833334,52.32327,0.0,0.0,LDC-4096000,LDC-4096000,faceBased,Fused,julia,float64,cpu,true,true,1,H200
56.07153368888889,55.9927245,0.0,0.0,LDC-4096000,LDC-4096000,globalFaceBased,Fused,julia,float64,cpu,true,true,1,H200
371.9648004285714,371.868827,0.0,0.0,LDC-4096000,LDC-4096000,cellBased,Fused,julia,float64,cpu,true,true,1,H200
68.99771547945205,68.828044,0.0,0.0,LDC-4096000,LDC-4096000,faceBased,Fused,julia,float64,cpu,true,true,2,H200
69.1007185890411,69.005088,0.0,0.0,LDC-4096000,LDC-4096000,globalFaceBased,Fused,julia,float64,cpu,true,true,2,H200
73.92999491176471,73.6848205,0.0,0.0,LDC-4096000,LDC-4096000,batchedFace,Fused,julia,float64,cpu,true,true,2,H200
222.39880386956523,222.229584,0.0,0.0,LDC-4096000,LDC-4096000,cellBased,Fused,julia,float64,cpu,true,true,2,H200
36.885041323529414,36.7806775,0.0,0.0,LDC-4096000,LDC-4096000,faceBased,Fused,julia,float64,cpu,true,true,4,H200
37.13613159259259,37.00043,0.0,0.0,LDC-4096000,LDC-4096000,globalFaceBased,Fused,julia,float64,cpu,true,true,4,H200
50.76687329292929,50.826169,0.0,0.0,LDC-4096000,LDC-4096000,batchedFace,Fused,julia,float64,cpu,true,true,4,H200
118.48514820930232,118.414168,0.0,0.0,LDC-4096000,LDC-4096000,cellBased,Fused,julia,float64,cpu,true,true,4,H200
26.85519222459893,26.864076,0.0,0.0,LDC-4096000,LDC-4096000,faceBased,Fused,julia,float64,cpu,true,true,8,H200
21.08613348739496,21.0035735,0.0,0.0,LDC-4096000,LDC-4096000,globalFaceBased,Fused,julia,float64,cpu,true,true,8,H200
50.5250456969697,48.901462,0.0,0.0,LDC-4096000,LDC-4096000,batchedFace,Fused,julia,float64,cpu,true,true,8,H200
65.4521960909091,64.889265,0.0,0.0,LDC-4096000,LDC-4096000,cellBased,Fused,julia,float64,cpu,true,true,8,H200
16.950171274576274,16.897756,0.0,0.0,LDC-4096000,LDC-4096000,faceBased,Fused,julia,float64,cpu,true,true,16,H200
16.137754651612905,16.190758,0.0,0.0,LDC-4096000,LDC-4096000,globalFaceBased,Fused,julia,float64,cpu,true,true,16,H200
39.47375971653543,39.444192,0.0,0.0,LDC-4096000,LDC-4096000,batchedFace,Fused,julia,float64,cpu,true,true,16,H200
39.85613625396825,39.4717445,0.0,0.0,LDC-4096000,LDC-4096000,cellBased,Fused,julia,float64,cpu,true,true,16,H200
10.181008462321792,10.008519,0.0,0.0,LDC-4096000,LDC-4096000,faceBased,Fused,julia,float64,cpu,true,true,32,H200
9.290399695167286,9.1049755,0.0,0.0,LDC-4096000,LDC-4096000,globalFaceBased,Fused,julia,float64,cpu,true,true,32,H200
25.016746315000002,24.902348,0.0,0.0,LDC-4096000,LDC-4096000,batchedFace,Fused,julia,float64,cpu,true,true,32,H200
20.462528824489794,20.447759,0.0,0.0,LDC-4096000,LDC-4096000,cellBased,Fused,julia,float64,cpu,true,true,32,H200
11.303249984198645,11.195722,0.0,0.0,LDC-4096000,LDC-4096000,faceBased,Fused,julia,float64,cpu,true,true,64,H200
7.457886426229509,7.237767,0.0,0.0,LDC-4096000,LDC-4096000,globalFaceBased,Fused,julia,float64,cpu,true,true,64,H200
30.3466996,31.724151,0.0,0.0,LDC-4096000,LDC-4096000,batchedFace,Fused,julia,float64,cpu,true,true,64,H200
15.7252311918239,15.662191,0.0,0.0,LDC-4096000,LDC-4096000,cellBased,Fused,julia,float64,cpu,true,true,64,H200
7.142586012875537,7.007059,0.0,0.0,LDC-4096000,LDC-4096000,faceBased,Fused,julia,float64,cpu,true,true,128,H200
4.77762202780441,4.844364,0.0,0.0,LDC-4096000,LDC-4096000,globalFaceBased,Fused,julia,float64,cpu,true,true,128,H200
11.03106073289183,10.981677,0.0,0.0,LDC-4096000,LDC-4096000,batchedFace,Fused,julia,float64,cpu,true,true,128,H200
8.145963278955954,8.070042,0.0,0.0,LDC-4096000,LDC-4096000,cellBased,Fused,julia,float64,cpu,true,true,128,H200
9.370287632958801,9.358439,0.0,0.0,LDC-729000,LDC-729000,faceBased,Fused,julia,float64,cpu,true,true,1,H200
10.350118867494823,10.346623,0.0,0.0,LDC-729000,LDC-729000,globalFaceBased,Fused,julia,float64,cpu,true,true,1,H200
67.22043031999999,67.154021,0.0,0.0,LDC-729000,LDC-729000,cellBased,Fused,julia,float64,cpu,true,true,1,H200
12.956178613989637,12.892496,0.0,0.0,LDC-729000,LDC-729000,faceBased,Fused,julia,float64,cpu,true,true,2,H200
13.140262524934384,13.085762,0.0,0.0,LDC-729000,LDC-729000,globalFaceBased,Fused,julia,float64,cpu,true,true,2,H200
13.666958841530056,13.5987025,0.0,0.0,LDC-729000,LDC-729000,batchedFace,Fused,julia,float64,cpu,true,true,2,H200
40.080735144,39.934146,0.0,0.0,LDC-729000,LDC-729000,cellBased,Fused,julia,float64,cpu,true,true,2,H200
7.645154426605505,7.6115855,0.0,0.0,LDC-729000,LDC-729000,faceBased,Fused,julia,float64,cpu,true,true,4,H200
7.489455726047904,7.4977695,0.0,0.0,LDC-729000,LDC-729000,globalFaceBased,Fused,julia,float64,cpu,true,true,4,H200
11.670354566433566,11.627936,0.0,0.0,LDC-729000,LDC-729000,batchedFace,Fused,julia,float64,cpu,true,true,4,H200
19.937635386454183,19.933161,0.0,0.0,LDC-729000,LDC-729000,cellBased,Fused,julia,float64,cpu,true,true,4,H200
5.3004407722457625,5.3032705,0.0,0.0,LDC-729000,LDC-729000,faceBased,Fused,julia,float64,cpu,true,true,8,H200
4.8365995705996125,4.85261,0.0,0.0,LDC-729000,LDC-729000,globalFaceBased,Fused,julia,float64,cpu,true,true,8,H200
12.463707694029852,12.3158725,0.0,0.0,LDC-729000,LDC-729000,batchedFace,Fused,julia,float64,cpu,true,true,8,H200
11.692856955607475,11.695454,0.0,0.0,LDC-729000,LDC-729000,cellBased,Fused,julia,float64,cpu,true,true,8,H200
3.428001555860178,3.432712,0.0,0.0,LDC-729000,LDC-729000,faceBased,Fused,julia,float64,cpu,true,true,16,H200
3.257249067100977,3.306428,0.0,0.0,LDC-729000,LDC-729000,globalFaceBased,Fused,julia,float64,cpu,true,true,16,H200
7.394843429837518,7.398979,0.0,0.0,LDC-729000,LDC-729000,batchedFace,Fused,julia,float64,cpu,true,true,16,H200
7.6654357320061255,7.659727,0.0,0.0,LDC-729000,LDC-729000,cellBased,Fused,julia,float64,cpu,true,true,16,H200
2.4783026975706495,2.47856,0.0,0.0,LDC-729000,LDC-729000,faceBased,Fused,julia,float64,cpu,true,true,32,H200
2.1616365300475575,2.139233,0.0,0.0,LDC-729000,LDC-729000,globalFaceBased,Fused,julia,float64,cpu,true,true,32,H200
3.5887218342898133,3.588181,0.0,0.0,LDC-729000,LDC-729000,batchedFace,Fused,julia,float64,cpu,true,true,32,H200
4.104911608374384,4.0960895,0.0,0.0,LDC-729000,LDC-729000,cellBased,Fused,julia,float64,cpu,true,true,32,H200
2.0998094331932773,2.0992325,0.0,0.0,LDC-729000,LDC-729000,faceBased,Fused,julia,float64,cpu,true,true,64,H200
1.7303803351800553,1.7112945,0.0,0.0,LDC-729000,LDC-729000,globalFaceBased,Fused,julia,float64,cpu,true,true,64,H200
2.6353922098049556,2.630939,0.0,0.0,LDC-729000,LDC-729000,batchedFace,Fused,julia,float64,cpu,true,true,64,H200
1.1664673042970575,1.177705,0.0,0.0,LDC-729000,LDC-729000,cellBased,Fused,julia,float64,cpu,true,true,64,H200
1.7365964368695652,1.734246,0.0,0.0,LDC-729000,LDC-729000,faceBased,Fused,julia,float64,cpu,true,true,128,H200
0.9932417934674368,0.994849,0.0,0.0,LDC-729000,LDC-729000,globalFaceBased,Fused,julia,float64,cpu,true,true,128,H200
2.528289995949367,2.533075,0.0,0.0,LDC-729000,LDC-729000,batchedFace,Fused,julia,float64,cpu,true,true,128,H200
0.2539072569,0.255341,0.0,0.0,LDC-729000,LDC-729000,cellBased,Fused,julia,float64,cpu,true,true,128,H200
16.859048902356903,16.853168,0.0,0.0,LDC-1331000,LDC-1331000,faceBased,Fused,julia,float64,cpu,true,true,1,H200
18.538095766666665,18.5051255,0.0,0.0,LDC-1331000,LDC-1331000,globalFaceBased,Fused,julia,float64,cpu,true,true,1,H200
123.26292124390244,123.133916,0.0,0.0,LDC-1331000,LDC-1331000,cellBased,Fused,julia,float64,cpu,true,true,1,H200
23.633292778301886,23.561898,0.0,0.0,LDC-1331000,LDC-1331000,faceBased,Fused,julia,float64,cpu,true,true,2,H200
24.297860766990294,24.253099,0.0,0.0,LDC-1331000,LDC-1331000,globalFaceBased,Fused,julia,float64,cpu,true,true,2,H200
24.553541534313727,24.5501125,0.0,0.0,LDC-1331000,LDC-1331000,batchedFace,Fused,julia,float64,cpu,true,true,2,H200
72.40084164285715,72.3790335,0.0,0.0,LDC-1331000,LDC-1331000,cellBased,Fused,julia,float64,cpu,true,true,2,H200
13.005415083116883,12.983584,0.0,0.0,LDC-1331000,LDC-1331000,faceBased,Fused,julia,float64,cpu,true,true,4,H200
12.825491699999999,12.7713565,0.0,0.0,LDC-1331000,LDC-1331000,globalFaceBased,Fused,julia,float64,cpu,true,true,4,H200
18.31942478754579,18.317142,0.0,0.0,LDC-1331000,LDC-1331000,batchedFace,Fused,julia,float64,cpu,true,true,4,H200
40.516263177419354,40.485132,0.0,0.0,LDC-1331000,LDC-1331000,cellBased,Fused,julia,float64,cpu,true,true,4,H200
8.925948771836007,8.928755,0.0,0.0,LDC-1331000,LDC-1331000,faceBased,Fused,julia,float64,cpu,true,true,8,H200
7.79157744859813,7.795856,0.0,0.0,LDC-1331000,LDC-1331000,globalFaceBased,Fused,julia,float64,cpu,true,true,8,H200
19.30246690733591,19.323807,0.0,0.0,LDC-1331000,LDC-1331000,batchedFace,Fused,julia,float64,cpu,true,true,8,H200
21.377581777777777,21.3290055,0.0,0.0,LDC-1331000,LDC-1331000,cellBased,Fused,julia,float64,cpu,true,true,8,H200
6.275338716436638,6.303874,0.0,0.0,LDC-1331000,LDC-1331000,faceBased,Fused,julia,float64,cpu,true,true,16,H200
5.546622899113082,5.6337365,0.0,0.0,LDC-1331000,LDC-1331000,globalFaceBased,Fused,julia,float64,cpu,true,true,16,H200
16.09929188102894,16.003589,0.0,0.0,LDC-1331000,LDC-1331000,batchedFace,Fused,julia,float64,cpu,true,true,16,H200
11.336553102040815,11.200991,0.0,0.0,LDC-1331000,LDC-1331000,cellBased,Fused,julia,float64,cpu,true,true,16,H200
4.170904608006672,4.109144,0.0,0.0,LDC-1331000,LDC-1331000,faceBased,Fused,julia,float64,cpu,true,true,32,H200
3.9611380356294537,4.007003,0.0,0.0,LDC-1331000,LDC-1331000,globalFaceBased,Fused,julia,float64,cpu,true,true,32,H200
8.135278170731707,8.097431,0.0,0.0,LDC-1331000,LDC-1331000,batchedFace,Fused,julia,float64,cpu,true,true,32,H200
8.124393517857143,8.129495,0.0,0.0,LDC-1331000,LDC-1331000,cellBased,Fused,julia,float64,cpu,true,true,32,H200
3.1339729623824453,3.105203,0.0,0.0,LDC-1331000,LDC-1331000,faceBased,Fused,julia,float64,cpu,true,true,64,H200
2.943717582449941,2.952898,0.0,0.0,LDC-1331000,LDC-1331000,globalFaceBased,Fused,julia,float64,cpu,true,true,64,H200
4.1212676166529265,4.034941,0.0,0.0,LDC-1331000,LDC-1331000,batchedFace,Fused,julia,float64,cpu,true,true,64,H200
2.2845203638025593,2.28182,0.0,0.0,LDC-1331000,LDC-1331000,cellBased,Fused,julia,float64,cpu,true,true,64,H200
2.7753503335186216,2.785763,0.0,0.0,LDC-1331000,LDC-1331000,faceBased,Fused,julia,float64,cpu,true,true,128,H200
1.9405929657853809,1.99136,0.0,0.0,LDC-1331000,LDC-1331000,globalFaceBased,Fused,julia,float64,cpu,true,true,128,H200
3.264045147347741,3.223645,0.0,0.0,LDC-1331000,LDC-1331000,batchedFace,Fused,julia,float64,cpu,true,true,128,H200
1.0511085016920474,1.049749,0.0,0.0,LDC-1331000,LDC-1331000,cellBased,Fused,julia,float64,cpu,true,true,128,H200
687.177404625,686.414216,0.0,0.0,LDC-54872000,LDC-54872000,faceBased,Fused,julia,float64,cpu,true,true,1,H200
729.2138272857143,729.073295,0.0,0.0,LDC-54872000,LDC-54872000,globalFaceBased,Fused,julia,float64,cpu,true,true,1,H200
4845.2410615,4845.2410615,0.0,0.0,LDC-54872000,LDC-54872000,cellBased,Fused,julia,float64,cpu,true,true,1,H200
875.6812665,866.6669105,0.0,0.0,LDC-54872000,LDC-54872000,faceBased,Fused,julia,float64,cpu,true,true,2,H200
879.1918411666667,869.5935765,0.0,0.0,LDC-54872000,LDC-54872000,globalFaceBased,Fused,julia,float64,cpu,true,true,2,H200
890.3197983333333,888.965362,0.0,0.0,LDC-54872000,LDC-54872000,batchedFace,Fused,julia,float64,cpu,true,true,2,H200
3131.0742265,3131.0742265,0.0,0.0,LDC-54872000,LDC-54872000,cellBased,Fused,julia,float64,cpu,true,true,2,H200
442.3654249166667,442.3419865,0.0,0.0,LDC-54872000,LDC-54872000,faceBased,Fused,julia,float64,cpu,true,true,4,H200
445.34728183333334,445.3175645,0.0,0.0,LDC-54872000,LDC-54872000,globalFaceBased,Fused,julia,float64,cpu,true,true,4,H200
572.5680421111111,572.331258,0.0,0.0,LDC-54872000,LDC-54872000,batchedFace,Fused,julia,float64,cpu,true,true,4,H200
1906.9621523333333,1921.785264,0.0,0.0,LDC-54872000,LDC-54872000,cellBased,Fused,julia,float64,cpu,true,true,4,H200
300.2200594117647,297.947628,0.0,0.0,LDC-54872000,LDC-54872000,faceBased,Fused,julia,float64,cpu,true,true,8,H200
283.1874022777778,282.6472235,0.0,0.0,LDC-54872000,LDC-54872000,globalFaceBased,Fused,julia,float64,cpu,true,true,8,H200
1019.2094668,1019.313672,0.0,0.0,LDC-54872000,LDC-54872000,batchedFace,Fused,julia,float64,cpu,true,true,8,H200
796.0378765714286,793.061236,0.0,0.0,LDC-54872000,LDC-54872000,cellBased,Fused,julia,float64,cpu,true,true,8,H200
165.84951303225807,157.938195,0.0,0.0,LDC-54872000,LDC-54872000,faceBased,Fused,julia,float64,cpu,true,true,16,H200
139.1808527222222,138.682137,0.0,0.0,LDC-54872000,LDC-54872000,globalFaceBased,Fused,julia,float64,cpu,true,true,16,H200
486.850622,488.798637,0.0,0.0,LDC-54872000,LDC-54872000,batchedFace,Fused,julia,float64,cpu,true,true,16,H200
425.8912023333333,425.6720865,0.0,0.0,LDC-54872000,LDC-54872000,cellBased,Fused,julia,float64,cpu,true,true,16,H200
123.7199577804878,123.673738,0.0,0.0,LDC-54872000,LDC-54872000,faceBased,Fused,julia,float64,cpu,true,true,32,H200
122.73616753658536,122.930697,0.0,0.0,LDC-54872000,LDC-54872000,globalFaceBased,Fused,julia,float64,cpu,true,true,32,H200
281.3508494444444,281.198099,0.0,0.0,LDC-54872000,LDC-54872000,batchedFace,Fused,julia,float64,cpu,true,true,32,H200
298.94529188235293,298.292774,0.0,0.0,LDC-54872000,LDC-54872000,cellBased,Fused,julia,float64,cpu,true,true,32,H200
78.496915140625,76.120444,0.0,0.0,LDC-54872000,LDC-54872000,faceBased,Fused,julia,float64,cpu,true,true,64,H200
91.2968048,91.443595,0.0,0.0,LDC-54872000,LDC-54872000,globalFaceBased,Fused,julia,float64,cpu,true,true,64,H200
224.08035791304346,224.016981,0.0,0.0,LDC-54872000,LDC-54872000,batchedFace,Fused,julia,float64,cpu,true,true,64,H200
171.6725607333333,171.70548,0.0,0.0,LDC-54872000,LDC-54872000,cellBased,Fused,julia,float64,cpu,true,true,64,H200
109.91315426086956,109.8281705,0.0,0.0,LDC-54872000,LDC-54872000,faceBased,Fused,julia,float64,cpu,true,true,128,H200
64.8503676025641,64.491145,0.0,0.0,LDC-54872000,LDC-54872000,globalFaceBased,Fused,julia,float64,cpu,true,true,128,H200
172.6359778275862,172.287746,0.0,0.0,LDC-54872000,LDC-54872000,batchedFace,Fused,julia,float64,cpu,true,true,128,H200
115.08252309090909,115.0353675,0.0,0.0,LDC-54872000,LDC-54872000,cellBased,Fused,julia,float64,cpu,true,true,128,H200
411.1618895384616,410.697895,0.0,0.0,LDC-32768000,LDC-32768000,faceBased,Fused,julia,float64,cpu,true,true,1,H200
437.1880358333333,436.8600815,0.0,0.0,LDC-32768000,LDC-32768000,globalFaceBased,Fused,julia,float64,cpu,true,true,1,H200
2927.508542,2927.508542,0.0,0.0,LDC-32768000,LDC-32768000,cellBased,Fused,julia,float64,cpu,true,true,1,H200
528.7032376000001,529.0083535,0.0,0.0,LDC-32768000,LDC-32768000,faceBased,Fused,julia,float64,cpu,true,true,2,H200
526.7263173,526.535001,0.0,0.0,LDC-32768000,LDC-32768000,globalFaceBased,Fused,julia,float64,cpu,true,true,2,H200
534.2988425,533.7143515,0.0,0.0,LDC-32768000,LDC-32768000,batchedFace,Fused,julia,float64,cpu,true,true,2,H200
1858.7911443333332,1858.669273,0.0,0.0,LDC-32768000,LDC-32768000,cellBased,Fused,julia,float64,cpu,true,true,2,H200
282.62846444444443,275.321917,0.0,0.0,LDC-32768000,LDC-32768000,faceBased,Fused,julia,float64,cpu,true,true,4,H200
276.6880357368421,274.818545,0.0,0.0,LDC-32768000,LDC-32768000,globalFaceBased,Fused,julia,float64,cpu,true,true,4,H200
351.1429508,350.29401,0.0,0.0,LDC-32768000,LDC-32768000,batchedFace,Fused,julia,float64,cpu,true,true,4,H200
1028.5004242,1050.583019,0.0,0.0,LDC-32768000,LDC-32768000,cellBased,Fused,julia,float64,cpu,true,true,4,H200
152.37274766666667,152.264788,0.0,0.0,LDC-32768000,LDC-32768000,faceBased,Fused,julia,float64,cpu,true,true,8,H200
148.1137257352941,147.5943335,0.0,0.0,LDC-32768000,LDC-32768000,globalFaceBased,Fused,julia,float64,cpu,true,true,8,H200
367.3122029285714,366.9820115,0.0,0.0,LDC-32768000,LDC-32768000,batchedFace,Fused,julia,float64,cpu,true,true,8,H200
452.7010989166667,452.7761415,0.0,0.0,LDC-32768000,LDC-32768000,cellBased,Fused,julia,float64,cpu,true,true,8,H200
117.23122427906976,117.096299,0.0,0.0,LDC-32768000,LDC-32768000,faceBased,Fused,julia,float64,cpu,true,true,16,H200
90.10576491071429,89.5904175,0.0,0.0,LDC-32768000,LDC-32768000,globalFaceBased,Fused,julia,float64,cpu,true,true,16,H200
317.278512375,317.264404,0.0,0.0,LDC-32768000,LDC-32768000,batchedFace,Fused,julia,float64,cpu,true,true,16,H200
273.3209034736842,273.223221,0.0,0.0,LDC-32768000,LDC-32768000,cellBased,Fused,julia,float64,cpu,true,true,16,H200
70.71937230985915,70.319216,0.0,0.0,LDC-32768000,LDC-32768000,faceBased,Fused,julia,float64,cpu,true,true,32,H200
55.30766434065934,55.0942,0.0,0.0,LDC-32768000,LDC-32768000,globalFaceBased,Fused,julia,float64,cpu,true,true,32,H200
173.58310720689656,172.566943,0.0,0.0,LDC-32768000,LDC-32768000,batchedFace,Fused,julia,float64,cpu,true,true,32,H200
141.4538128888889,141.240779,0.0,0.0,LDC-32768000,LDC-32768000,cellBased,Fused,julia,float64,cpu,true,true,32,H200
96.55760559615383,96.595662,0.0,0.0,LDC-32768000,LDC-32768000,faceBased,Fused,julia,float64,cpu,true,true,64,H200
73.39020124637682,73.31009,0.0,0.0,LDC-32768000,LDC-32768000,globalFaceBased,Fused,julia,float64,cpu,true,true,64,H200
285.3965332777778,285.1284935,0.0,0.0,LDC-32768000,LDC-32768000,batchedFace,Fused,julia,float64,cpu,true,true,64,H200
127.66324145,127.59715,0.0,0.0,LDC-32768000,LDC-32768000,cellBased,Fused,julia,float64,cpu,true,true,64,H200
69.98365366666667,69.8942675,0.0,0.0,LDC-32768000,LDC-32768000,faceBased,Fused,julia,float64,cpu,true,true,128,H200
46.279729527777775,46.3386535,0.0,0.0,LDC-32768000,LDC-32768000,globalFaceBased,Fused,julia,float64,cpu,true,true,128,H200
169.0890139,168.9729805,0.0,0.0,LDC-32768000,LDC-32768000,batchedFace,Fused,julia,float64,cpu,true,true,128,H200
79.61905079365079,79.487564,0.0,0.0,LDC-32768000,LDC-32768000,cellBased,Fused,julia,float64,cpu,true,true,128,H200
802.8478521428572,802.870027,0.0,0.0,LDC-64000000,LDC-64000000,faceBased,Fused,julia,float64,cpu,true,true,1,H200
861.8041316666666,861.741916,0.0,0.0,LDC-64000000,LDC-64000000,globalFaceBased,Fused,julia,float64,cpu,true,true,1,H200
5691.602096,5691.602096,0.0,0.0,LDC-64000000,LDC-64000000,cellBased,Fused,julia,float64,cpu,true,true,1,H200
1032.3479432000001,1022.053058,0.0,0.0,LDC-64000000,LDC-64000000,faceBased,Fused,julia,float64,cpu,true,true,2,H200
1041.4532752,1032.355358,0.0,0.0,LDC-64000000,LDC-64000000,globalFaceBased,Fused,julia,float64,cpu,true,true,2,H200
1031.964272,1028.725645,0.0,0.0,LDC-64000000,LDC-64000000,batchedFace,Fused,julia,float64,cpu,true,true,2,H200
3683.0398925,3683.0398925,0.0,0.0,LDC-64000000,LDC-64000000,cellBased,Fused,julia,float64,cpu,true,true,2,H200
613.598183,613.339782,0.0,0.0,LDC-64000000,LDC-64000000,faceBased,Fused,julia,float64,cpu,true,true,4,H200
614.3224951111112,614.149145,0.0,0.0,LDC-64000000,LDC-64000000,globalFaceBased,Fused,julia,float64,cpu,true,true,4,H200
888.138504,829.5394835,0.0,0.0,LDC-64000000,LDC-64000000,batchedFace,Fused,julia,float64,cpu,true,true,4,H200
1495.1751945,1495.2557425,0.0,0.0,LDC-64000000,LDC-64000000,cellBased,Fused,julia,float64,cpu,true,true,4,H200
353.85357646666665,351.30195,0.0,0.0,LDC-64000000,LDC-64000000,faceBased,Fused,julia,float64,cpu,true,true,8,H200
297.60161964705884,297.51984,0.0,0.0,LDC-64000000,LDC-64000000,globalFaceBased,Fused,julia,float64,cpu,true,true,8,H200
969.5847165,969.7892645,0.0,0.0,LDC-64000000,LDC-64000000,batchedFace,Fused,julia,float64,cpu,true,true,8,H200
945.2795461666666,945.3464015,0.0,0.0,LDC-64000000,LDC-64000000,cellBased,Fused,julia,float64,cpu,true,true,8,H200
215.12209925,249.8417,0.0,0.0,LDC-64000000,LDC-64000000,faceBased,Fused,julia,float64,cpu,true,true,16,H200
188.6857175925926,181.566031,0.0,0.0,LDC-64000000,LDC-64000000,globalFaceBased,Fused,julia,float64,cpu,true,true,16,H200
534.9077933,539.070441,0.0,0.0,LDC-64000000,LDC-64000000,batchedFace,Fused,julia,float64,cpu,true,true,16,H200
377.2388595714286,377.1641505,0.0,0.0,LDC-64000000,LDC-64000000,cellBased,Fused,julia,float64,cpu,true,true,16,H200
169.45991873333332,169.653076,0.0,0.0,LDC-64000000,LDC-64000000,faceBased,Fused,julia,float64,cpu,true,true,32,H200
144.42046611428572,144.103259,0.0,0.0,LDC-64000000,LDC-64000000,globalFaceBased,Fused,julia,float64,cpu,true,true,32,H200
443.94755375,430.618422,0.0,0.0,LDC-64000000,LDC-64000000,batchedFace,Fused,julia,float64,cpu,true,true,32,H200
275.67616905263156,274.464068,0.0,0.0,LDC-64000000,LDC-64000000,cellBased,Fused,julia,float64,cpu,true,true,32,H200
110.91901067391305,110.9742725,0.0,0.0,LDC-64000000,LDC-64000000,faceBased,Fused,julia,float64,cpu,true,true,64,H200
113.86181113636364,113.9948315,0.0,0.0,LDC-64000000,LDC-64000000,globalFaceBased,Fused,julia,float64,cpu,true,true,64,H200
263.38770257894737,263.288279,0.0,0.0,LDC-64000000,LDC-64000000,batchedFace,Fused,julia,float64,cpu,true,true,64,H200
186.15651896296296,186.024489,0.0,0.0,LDC-64000000,LDC-64000000,cellBased,Fused,julia,float64,cpu,true,true,64,H200
120.65951716666667,120.587732,0.0,0.0,LDC-64000000,LDC-64000000,faceBased,Fused,julia,float64,cpu,true,true,128,H200
135.11236947368423,134.992655,0.0,0.0,LDC-64000000,LDC-64000000,globalFaceBased,Fused,julia,float64,cpu,true,true,128,H200
373.56631764285714,373.555045,0.0,0.0,LDC-64000000,LDC-64000000,batchedFace,Fused,julia,float64,cpu,true,true,128,H200
176.68119458620689,171.732894,0.0,0.0,LDC-64000000,LDC-64000000,cellBased,Fused,julia,float64,cpu,true,true,128,H200
0.3223712602,0.321212,0.0,0.0,LDC-27000,LDC-27000,faceBased,Fused,julia,float64,cpu,true,true,1,H200
0.3643522264,0.36344,0.0,0.0,LDC-27000,LDC-27000,globalFaceBased,Fused,julia,float64,cpu,true,true,1,H200
1.0673445768573868,1.051046,0.007678154782237404,0.0,LDC-27000,LDC-27000,cellBased,Fused,julia,float64,cpu,true,true,1,H200
0.8099938240440699,0.809458,0.0,0.0,LDC-27000,LDC-27000,faceBased,Fused,julia,float64,cpu,true,true,2,H200
0.712569182893799,0.712731,0.0,0.0,LDC-27000,LDC-27000,globalFaceBased,Fused,julia,float64,cpu,true,true,2,H200
0.4639197674,0.460844,0.0,0.0,LDC-27000,LDC-27000,batchedFace,Fused,julia,float64,cpu,true,true,2,H200
0.3946967777,0.393101,0.0,0.0,LDC-27000,LDC-27000,cellBased,Fused,julia,float64,cpu,true,true,2,H200
0.5005699630408654,0.5016,0.0,0.0,LDC-27000,LDC-27000,faceBased,Fused,julia,float64,cpu,true,true,4,H200
0.4251716369,0.426557,0.0,0.0,LDC-27000,LDC-27000,globalFaceBased,Fused,julia,float64,cpu,true,true,4,H200
0.319964517,0.32,0.0,0.0,LDC-27000,LDC-27000,batchedFace,Fused,julia,float64,cpu,true,true,4,H200
0.2064792586,0.205693,0.0,0.0,LDC-27000,LDC-27000,cellBased,Fused,julia,float64,cpu,true,true,4,H200
0.36149133110000004,0.36357,0.0,0.0,LDC-27000,LDC-27000,faceBased,Fused,julia,float64,cpu,true,true,8,H200
0.3448586328,0.346086,0.0,0.0,LDC-27000,LDC-27000,globalFaceBased,Fused,julia,float64,cpu,true,true,8,H200
0.29542155709999995,0.297189,0.0,0.0,LDC-27000,LDC-27000,batchedFace,Fused,julia,float64,cpu,true,true,8,H200
0.09790022470000001,0.096983,0.0,0.0,LDC-27000,LDC-27000,cellBased,Fused,julia,float64,cpu,true,true,8,H200
0.3047276472,0.306942,0.0,0.0,LDC-27000,LDC-27000,faceBased,Fused,julia,float64,cpu,true,true,16,H200
0.3075076989,0.309806,0.0,0.0,LDC-27000,LDC-27000,globalFaceBased,Fused,julia,float64,cpu,true,true,16,H200
0.3349220221,0.334405,0.0,0.0,LDC-27000,LDC-27000,batchedFace,Fused,julia,float64,cpu,true,true,16,H200
0.045548825599999995,0.044691,0.0,0.0,LDC-27000,LDC-27000,cellBased,Fused,julia,float64,cpu,true,true,16,H200
0.3906592271,0.390457,0.0,0.0,LDC-27000,LDC-27000,faceBased,Fused,julia,float64,cpu,true,true,32,H200
0.22662869949999997,0.2283495,0.0,0.0,LDC-27000,LDC-27000,globalFaceBased,Fused,julia,float64,cpu,true,true,32,H200
0.4090285063,0.413894,0.0,0.0,LDC-27000,LDC-27000,batchedFace,Fused,julia,float64,cpu,true,true,32,H200
0.0252086305,0.023862,0.0,0.0,LDC-27000,LDC-27000,cellBased,Fused,julia,float64,cpu,true,true,32,H200
0.3294013849,0.3297985,0.0,0.0,LDC-27000,LDC-27000,faceBased,Fused,julia,float64,cpu,true,true,64,H200
0.106403347,0.1050895,0.0,0.0,LDC-27000,LDC-27000,globalFaceBased,Fused,julia,float64,cpu,true,true,64,H200
0.47376232199999996,0.486189,0.0,0.0,LDC-27000,LDC-27000,batchedFace,Fused,julia,float64,cpu,true,true,64,H200
0.0227449009,0.025876,0.0,0.0,LDC-27000,LDC-27000,cellBased,Fused,julia,float64,cpu,true,true,64,H200
0.2756925524,0.277732,0.0,0.0,LDC-27000,LDC-27000,faceBased,Fused,julia,float64,cpu,true,true,128,H200
0.0770035847,0.0796245,0.0,0.0,LDC-27000,LDC-27000,globalFaceBased,Fused,julia,float64,cpu,true,true,128,H200
0.47959207299999995,0.483956,0.0,0.0,LDC-27000,LDC-27000,batchedFace,Fused,julia,float64,cpu,true,true,128,H200
0.027752312999999997,0.029731,0.0,0.0,LDC-27000,LDC-27000,cellBased,Fused,julia,float64,cpu,true,true,128,H200
271.43025315789475,271.468401,0.0,0.0,LDC-21952000,LDC-21952000,faceBased,Fused,julia,float64,cpu,true,true,1,H200
291.24792188888887,290.8732555,0.0,0.0,LDC-21952000,LDC-21952000,globalFaceBased,Fused,julia,float64,cpu,true,true,1,H200
1982.5469223333332,1981.192366,0.0,0.0,LDC-21952000,LDC-21952000,cellBased,Fused,julia,float64,cpu,true,true,1,H200
351.8321902,351.401104,0.0,0.0,LDC-21952000,LDC-21952000,faceBased,Fused,julia,float64,cpu,true,true,2,H200
353.98269960000005,353.973181,0.0,0.0,LDC-21952000,LDC-21952000,globalFaceBased,Fused,julia,float64,cpu,true,true,2,H200
358.24348421428573,358.1496065,0.0,0.0,LDC-21952000,LDC-21952000,batchedFace,Fused,julia,float64,cpu,true,true,2,H200
1299.21975425,1286.3267495,0.0,0.0,LDC-21952000,LDC-21952000,cellBased,Fused,julia,float64,cpu,true,true,2,H200
182.34887257142856,180.700154,0.0,0.0,LDC-21952000,LDC-21952000,faceBased,Fused,julia,float64,cpu,true,true,4,H200
186.6835245185185,186.8657,0.0,0.0,LDC-21952000,LDC-21952000,globalFaceBased,Fused,julia,float64,cpu,true,true,4,H200
257.6613848,251.362723,0.0,0.0,LDC-21952000,LDC-21952000,batchedFace,Fused,julia,float64,cpu,true,true,4,H200
624.288692,621.908506,0.0,0.0,LDC-21952000,LDC-21952000,cellBased,Fused,julia,float64,cpu,true,true,4,H200
95.67059647169812,95.684527,0.0,0.0,LDC-21952000,LDC-21952000,faceBased,Fused,julia,float64,cpu,true,true,8,H200
99.72064901960785,99.730092,0.0,0.0,LDC-21952000,LDC-21952000,globalFaceBased,Fused,julia,float64,cpu,true,true,8,H200
264.31736831578945,264.262312,0.0,0.0,LDC-21952000,LDC-21952000,batchedFace,Fused,julia,float64,cpu,true,true,8,H200
305.86443788235295,305.66287,0.0,0.0,LDC-21952000,LDC-21952000,cellBased,Fused,julia,float64,cpu,true,true,8,H200
78.363263140625,78.305011,0.0,0.0,LDC-21952000,LDC-21952000,faceBased,Fused,julia,float64,cpu,true,true,16,H200
61.731900333333336,60.822221,0.0,0.0,LDC-21952000,LDC-21952000,globalFaceBased,Fused,julia,float64,cpu,true,true,16,H200
203.41828412,201.25659,0.0,0.0,LDC-21952000,LDC-21952000,batchedFace,Fused,julia,float64,cpu,true,true,16,H200
180.25479375,179.8966705,0.0,0.0,LDC-21952000,LDC-21952000,cellBased,Fused,julia,float64,cpu,true,true,16,H200
54.34104444565217,54.288853,0.0,0.0,LDC-21952000,LDC-21952000,faceBased,Fused,julia,float64,cpu,true,true,32,H200
54.23640317204301,54.143303,0.0,0.0,LDC-21952000,LDC-21952000,globalFaceBased,Fused,julia,float64,cpu,true,true,32,H200
117.75890344186047,117.807963,0.0,0.0,LDC-21952000,LDC-21952000,batchedFace,Fused,julia,float64,cpu,true,true,32,H200
108.42189389361702,108.338877,0.0,0.0,LDC-21952000,LDC-21952000,cellBased,Fused,julia,float64,cpu,true,true,32,H200
33.87045870945946,33.7513505,0.0,0.0,LDC-21952000,LDC-21952000,faceBased,Fused,julia,float64,cpu,true,true,64,H200
34.18001308163265,34.16589,0.0,0.0,LDC-21952000,LDC-21952000,globalFaceBased,Fused,julia,float64,cpu,true,true,64,H200
89.43408216071428,89.4088255,0.0,0.0,LDC-21952000,LDC-21952000,batchedFace,Fused,julia,float64,cpu,true,true,64,H200
63.537290101265825,63.530476,0.0,0.0,LDC-21952000,LDC-21952000,cellBased,Fused,julia,float64,cpu,true,true,64,H200
38.022952159090906,37.790959,0.0,0.0,LDC-21952000,LDC-21952000,faceBased,Fused,julia,float64,cpu,true,true,128,H200
27.546705967032967,27.5447985,0.0,0.0,LDC-21952000,LDC-21952000,globalFaceBased,Fused,julia,float64,cpu,true,true,128,H200
60.3938383373494,60.093551,0.0,0.0,LDC-21952000,LDC-21952000,batchedFace,Fused,julia,float64,cpu,true,true,128,H200
42.81100461538462,42.757852,0.0,0.0,LDC-21952000,LDC-21952000,cellBased,Fused,julia,float64,cpu,true,true,128,H200
0.767870117357911,0.767005,0.0,0.0,LDC-64000,LDC-64000,faceBased,Fused,julia,float64,cpu,true,true,1,H200
0.8509304286687096,0.849919,0.0,0.0,LDC-64000,LDC-64000,globalFaceBased,Fused,julia,float64,cpu,true,true,1,H200
3.7759738927492448,3.723483,0.012400095166163142,0.0,LDC-64000,LDC-64000,cellBased,Fused,julia,float64,cpu,true,true,1,H200
1.5537512734617775,1.578732,0.0,0.0,LDC-64000,LDC-64000,faceBased,Fused,julia,float64,cpu,true,true,2,H200
1.4598590694890512,1.44722,0.0,0.0,LDC-64000,LDC-64000,globalFaceBased,Fused,julia,float64,cpu,true,true,2,H200
0.9384729784118642,0.945521,0.0,0.0,LDC-64000,LDC-64000,batchedFace,Fused,julia,float64,cpu,true,true,2,H200
0.9990146888489209,0.99219,0.0,0.0,LDC-64000,LDC-64000,cellBased,Fused,julia,float64,cpu,true,true,2,H200
0.9803303827450981,0.985626,0.0,0.0,LDC-64000,LDC-64000,faceBased,Fused,julia,float64,cpu,true,true,4,H200
0.842415286653185,0.853444,0.0,0.0,LDC-64000,LDC-64000,globalFaceBased,Fused,julia,float64,cpu,true,true,4,H200
0.7039694467605634,0.708019,0.0,0.0,LDC-64000,LDC-64000,batchedFace,Fused,julia,float64,cpu,true,true,4,H200
0.5394269473229706,0.535647,0.0,0.0,LDC-64000,LDC-64000,cellBased,Fused,julia,float64,cpu,true,true,4,H200
0.649741073322933,0.648322,0.0,0.0,LDC-64000,LDC-64000,faceBased,Fused,julia,float64,cpu,true,true,8,H200
0.6504320848626839,0.657865,0.0,0.0,LDC-64000,LDC-64000,globalFaceBased,Fused,julia,float64,cpu,true,true,8,H200
0.5173367753390621,0.515789,0.0,0.0,LDC-64000,LDC-64000,batchedFace,Fused,julia,float64,cpu,true,true,8,H200
0.3536601005,0.3527005,0.0,0.0,LDC-64000,LDC-64000,cellBased,Fused,julia,float64,cpu,true,true,8,H200
0.4914094619,0.490855,0.0,0.0,LDC-64000,LDC-64000,faceBased,Fused,julia,float64,cpu,true,true,16,H200
0.5253187284197245,0.53761,0.0,0.0,LDC-64000,LDC-64000,globalFaceBased,Fused,julia,float64,cpu,true,true,16,H200
0.4982150931,0.4954015,0.0,0.0,LDC-64000,LDC-64000,batchedFace,Fused,julia,float64,cpu,true,true,16,H200
0.1315432746,0.13098,0.0,0.0,LDC-64000,LDC-64000,cellBased,Fused,julia,float64,cpu,true,true,16,H200
0.4611530123,0.4596275,0.0,0.0,LDC-64000,LDC-64000,faceBased,Fused,julia,float64,cpu,true,true,32,H200
0.33216941369999997,0.340443,0.0,0.0,LDC-64000,LDC-64000,globalFaceBased,Fused,julia,float64,cpu,true,true,32,H200
0.5924812042704626,0.603895,0.0,0.0,LDC-64000,LDC-64000,batchedFace,Fused,julia,float64,cpu,true,true,32,H200
0.060309251900000006,0.059112,0.0,0.0,LDC-64000,LDC-64000,cellBased,Fused,julia,float64,cpu,true,true,32,H200
0.47855567460000004,0.477772,0.0,0.0,LDC-64000,LDC-64000,faceBased,Fused,julia,float64,cpu,true,true,64,H200
0.2584396435,0.260499,0.0,0.0,LDC-64000,LDC-64000,globalFaceBased,Fused,julia,float64,cpu,true,true,64,H200
0.6698577272483222,0.6700515,0.0,0.0,LDC-64000,LDC-64000,batchedFace,Fused,julia,float64,cpu,true,true,64,H200
0.0387896477,0.041957,0.0,0.0,LDC-64000,LDC-64000,cellBased,Fused,julia,float64,cpu,true,true,64,H200
0.4454159841,0.446744,0.0,0.0,LDC-64000,LDC-64000,faceBased,Fused,julia,float64,cpu,true,true,128,H200
0.157797834,0.163745,0.0,0.0,LDC-64000,LDC-64000,globalFaceBased,Fused,julia,float64,cpu,true,true,128,H200
0.7145150001433896,0.723355,0.0,0.0,LDC-64000,LDC-64000,batchedFace,Fused,julia,float64,cpu,true,true,128,H200
0.0353315799,0.037923,0.0,0.0,LDC-64000,LDC-64000,cellBased,Fused,julia,float64,cpu,true,true,128,H200
99.20986829411764,99.028464,0.0,0.0,LDC-8000000,LDC-8000000,faceBased,Fused,julia,float64,cpu,true,true,1,H200
106.84392104255319,106.865485,0.0,0.0,LDC-8000000,LDC-8000000,globalFaceBased,Fused,julia,float64,cpu,true,true,1,H200
725.0643848571428,725.173421,0.0,0.0,LDC-8000000,LDC-8000000,cellBased,Fused,julia,float64,cpu,true,true,1,H200
129.58598048717948,129.192079,0.0,0.0,LDC-8000000,LDC-8000000,faceBased,Fused,julia,float64,cpu,true,true,2,H200
130.82940625641027,130.295057,0.0,0.0,LDC-8000000,LDC-8000000,globalFaceBased,Fused,julia,float64,cpu,true,true,2,H200
132.88247260526316,132.8123045,0.0,0.0,LDC-8000000,LDC-8000000,batchedFace,Fused,julia,float64,cpu,true,true,2,H200
465.16631045454545,456.559488,0.0,0.0,LDC-8000000,LDC-8000000,cellBased,Fused,julia,float64,cpu,true,true,2,H200
67.93701866216216,67.85291,0.0,0.0,LDC-8000000,LDC-8000000,faceBased,Fused,julia,float64,cpu,true,true,4,H200
67.54902592,67.471987,0.0,0.0,LDC-8000000,LDC-8000000,globalFaceBased,Fused,julia,float64,cpu,true,true,4,H200
90.00261382142857,89.897741,0.0,0.0,LDC-8000000,LDC-8000000,batchedFace,Fused,julia,float64,cpu,true,true,4,H200
229.90291213636362,227.972873,0.0,0.0,LDC-8000000,LDC-8000000,cellBased,Fused,julia,float64,cpu,true,true,4,H200
47.4728197735849,47.228219,0.0,0.0,LDC-8000000,LDC-8000000,faceBased,Fused,julia,float64,cpu,true,true,8,H200
37.5181409477612,37.270115,0.0,0.0,LDC-8000000,LDC-8000000,globalFaceBased,Fused,julia,float64,cpu,true,true,8,H200
96.89558642307692,96.6610855,0.0,0.0,LDC-8000000,LDC-8000000,batchedFace,Fused,julia,float64,cpu,true,true,8,H200
127.574899225,125.950933,0.0,0.0,LDC-8000000,LDC-8000000,cellBased,Fused,julia,float64,cpu,true,true,8,H200
30.09911019760479,29.977117,0.0,0.0,LDC-8000000,LDC-8000000,faceBased,Fused,julia,float64,cpu,true,true,16,H200
24.031192622009566,24.102487,0.0,0.0,LDC-8000000,LDC-8000000,globalFaceBased,Fused,julia,float64,cpu,true,true,16,H200
78.307104609375,78.0427335,0.0,0.0,LDC-8000000,LDC-8000000,batchedFace,Fused,julia,float64,cpu,true,true,16,H200
70.2390613611111,70.1533055,0.0,0.0,LDC-8000000,LDC-8000000,cellBased,Fused,julia,float64,cpu,true,true,16,H200
24.244596072463768,24.051746,0.0,0.0,LDC-8000000,LDC-8000000,faceBased,Fused,julia,float64,cpu,true,true,32,H200
19.189303183908045,19.422759,0.0,0.0,LDC-8000000,LDC-8000000,globalFaceBased,Fused,julia,float64,cpu,true,true,32,H200
42.38108811016949,42.3316985,0.0,0.0,LDC-8000000,LDC-8000000,batchedFace,Fused,julia,float64,cpu,true,true,32,H200
43.0522836923077,42.977601,0.0,0.0,LDC-8000000,LDC-8000000,cellBased,Fused,julia,float64,cpu,true,true,32,H200
21.80596174347826,22.024268,0.0,0.0,LDC-8000000,LDC-8000000,faceBased,Fused,julia,float64,cpu,true,true,64,H200
12.108267157384988,12.055985,0.0,0.0,LDC-8000000,LDC-8000000,globalFaceBased,Fused,julia,float64,cpu,true,true,64,H200
30.12349309638554,30.07608,0.0,0.0,LDC-8000000,LDC-8000000,batchedFace,Fused,julia,float64,cpu,true,true,64,H200
29.59415483431953,29.580984,0.0,0.0,LDC-8000000,LDC-8000000,cellBased,Fused,julia,float64,cpu,true,true,64,H200
15.011461426426425,14.976173,0.0,0.0,LDC-8000000,LDC-8000000,faceBased,Fused,julia,float64,cpu,true,true,128,H200
10.190597959183675,10.1826985,0.0,0.0,LDC-8000000,LDC-8000000,globalFaceBased,Fused,julia,float64,cpu,true,true,128,H200
31.651905189873418,31.604527,0.0,0.0,LDC-8000000,LDC-8000000,batchedFace,Fused,julia,float64,cpu,true,true,128,H200
16.8939689527027,16.8826045,0.0,0.0,LDC-8000000,LDC-8000000,cellBased,Fused,julia,float64,cpu,true,true,128,H200
0.0122471227,0.012216,0.0,0.0,LDC-1000,LDC-1000,faceBased,Fused,julia,float64,cpu,true,true,1,H200
0.015156675100000001,0.015111,0.0,0.0,LDC-1000,LDC-1000,globalFaceBased,Fused,julia,float64,cpu,true,true,1,H200
0.0356248365,0.034758,0.000449174,0.0,LDC-1000,LDC-1000,cellBased,Fused,julia,float64,cpu,true,true,1,H200
0.0637497623,0.063287,0.0,0.0,LDC-1000,LDC-1000,faceBased,Fused,julia,float64,cpu,true,true,2,H200
0.0431503617,0.042409,0.0,0.0,LDC-1000,LDC-1000,globalFaceBased,Fused,julia,float64,cpu,true,true,2,H200
0.0513662597,0.051101,0.0,0.0,LDC-1000,LDC-1000,batchedFace,Fused,julia,float64,cpu,true,true,2,H200
0.0138498596,0.013829,0.0,0.0,LDC-1000,LDC-1000,cellBased,Fused,julia,float64,cpu,true,true,2,H200
0.0488139058,0.048526,0.0,0.0,LDC-1000,LDC-1000,faceBased,Fused,julia,float64,cpu,true,true,4,H200
0.0378135697,0.037051,0.0,0.0,LDC-1000,LDC-1000,globalFaceBased,Fused,julia,float64,cpu,true,true,4,H200
0.0499398457,0.049739,0.0,0.0,LDC-1000,LDC-1000,batchedFace,Fused,julia,float64,cpu,true,true,4,H200
0.0079495873,0.00778,0.0,0.0,LDC-1000,LDC-1000,cellBased,Fused,julia,float64,cpu,true,true,4,H200
0.0477684706,0.047505,0.0,0.0,LDC-1000,LDC-1000,faceBased,Fused,julia,float64,cpu,true,true,8,H200
0.051030686500000005,0.05098,0.0,0.0,LDC-1000,LDC-1000,globalFaceBased,Fused,julia,float64,cpu,true,true,8,H200
0.052401060799999996,0.0521215,0.0,0.0,LDC-1000,LDC-1000,batchedFace,Fused,julia,float64,cpu,true,true,8,H200
0.006021712,0.005898,0.0,0.0,LDC-1000,LDC-1000,cellBased,Fused,julia,float64,cpu,true,true,8,H200
0.0525806414,0.052392,0.0,0.0,LDC-1000,LDC-1000,faceBased,Fused,julia,float64,cpu,true,true,16,H200
0.0303884757,0.030191,0.0,0.0,LDC-1000,LDC-1000,globalFaceBased,Fused,julia,float64,cpu,true,true,16,H200
0.0590891616,0.058771,0.0,0.0,LDC-1000,LDC-1000,batchedFace,Fused,julia,float64,cpu,true,true,16,H200
0.005514281699999999,0.004907,0.0,0.0,LDC-1000,LDC-1000,cellBased,Fused,julia,float64,cpu,true,true,16,H200
0.051205208,0.051041,0.0,0.0,LDC-1000,LDC-1000,faceBased,Fused,julia,float64,cpu,true,true,32,H200
0.0238676971,0.023502,0.0,0.0,LDC-1000,LDC-1000,globalFaceBased,Fused,julia,float64,cpu,true,true,32,H200
0.0629479667,0.061625,0.0,0.0,LDC-1000,LDC-1000,batchedFace,Fused,julia,float64,cpu,true,true,32,H200
0.0050720618,0.003575,0.0,0.0,LDC-1000,LDC-1000,cellBased,Fused,julia,float64,cpu,true,true,32,H200
0.055931021399999996,0.057739,0.0,0.0,LDC-1000,LDC-1000,faceBased,Fused,julia,float64,cpu,true,true,64,H200
0.0309132134,0.028409,0.0,0.0,LDC-1000,LDC-1000,globalFaceBased,Fused,julia,float64,cpu,true,true,64,H200
0.06821645359999999,0.067142,0.0,0.0,LDC-1000,LDC-1000,batchedFace,Fused,julia,float64,cpu,true,true,64,H200
0.009295725500000001,0.003825,0.0,0.0,LDC-1000,LDC-1000,cellBased,Fused,julia,float64,cpu,true,true,64,H200
0.0609949266,0.062006,0.0,0.0,LDC-1000,LDC-1000,faceBased,Fused,julia,float64,cpu,true,true,128,H200
0.0312319653,0.034402,0.0,0.0,LDC-1000,LDC-1000,globalFaceBased,Fused,julia,float64,cpu,true,true,128,H200
0.1644219326,0.16706,0.0,0.0,LDC-1000,LDC-1000,batchedFace,Fused,julia,float64,cpu,true,true,128,H200
0.021197792,0.024824,0.0,0.0,LDC-1000,LDC-1000,cellBased,Fused,julia,float64,cpu,true,true,128,H200
347.39239260000005,347.260046,0.0,0.0,LDC-27000000,LDC-27000000,faceBased,Fused,julia,float64,cpu,true,true,1,H200
369.81443228571425,369.7871985,0.0,0.0,LDC-27000000,LDC-27000000,globalFaceBased,Fused,julia,float64,cpu,true,true,1,H200
2397.902117,2398.065445,0.0,0.0,LDC-27000000,LDC-27000000,cellBased,Fused,julia,float64,cpu,true,true,1,H200
437.5193873333333,434.708479,0.0,0.0,LDC-27000000,LDC-27000000,faceBased,Fused,julia,float64,cpu,true,true,2,H200
433.8713686666667,433.8367755,0.0,0.0,LDC-27000000,LDC-27000000,globalFaceBased,Fused,julia,float64,cpu,true,true,2,H200
457.87477072727273,457.72873,0.0,0.0,LDC-27000000,LDC-27000000,batchedFace,Fused,julia,float64,cpu,true,true,2,H200
1677.2336593333332,1704.859213,0.0,0.0,LDC-27000000,LDC-27000000,cellBased,Fused,julia,float64,cpu,true,true,2,H200
224.38395547826087,224.265553,0.0,0.0,LDC-27000000,LDC-27000000,faceBased,Fused,julia,float64,cpu,true,true,4,H200
224.0535273478261,221.656935,0.0,0.0,LDC-27000000,LDC-27000000,globalFaceBased,Fused,julia,float64,cpu,true,true,4,H200
289.57161766666667,289.700213,0.0,0.0,LDC-27000000,LDC-27000000,batchedFace,Fused,julia,float64,cpu,true,true,4,H200
753.3011028571428,752.933363,0.0,0.0,LDC-27000000,LDC-27000000,cellBased,Fused,julia,float64,cpu,true,true,4,H200
137.3699049189189,136.522897,0.0,0.0,LDC-27000000,LDC-27000000,faceBased,Fused,julia,float64,cpu,true,true,8,H200
117.69228404651163,117.410667,0.0,0.0,LDC-27000000,LDC-27000000,globalFaceBased,Fused,julia,float64,cpu,true,true,8,H200
326.0568715625,325.844888,0.0,0.0,LDC-27000000,LDC-27000000,batchedFace,Fused,julia,float64,cpu,true,true,8,H200
403.76350346153845,403.651191,0.0,0.0,LDC-27000000,LDC-27000000,cellBased,Fused,julia,float64,cpu,true,true,8,H200
94.94529133962264,94.37519,0.0,0.0,LDC-27000000,LDC-27000000,faceBased,Fused,julia,float64,cpu,true,true,16,H200
67.61333417567567,65.223795,0.0,0.0,LDC-27000000,LDC-27000000,globalFaceBased,Fused,julia,float64,cpu,true,true,16,H200
240.73885309523808,240.62075,0.0,0.0,LDC-27000000,LDC-27000000,batchedFace,Fused,julia,float64,cpu,true,true,16,H200
209.50719358333333,209.4405405,0.0,0.0,LDC-27000000,LDC-27000000,cellBased,Fused,julia,float64,cpu,true,true,16,H200
73.52245441176471,72.9686835,0.0,0.0,LDC-27000000,LDC-27000000,faceBased,Fused,julia,float64,cpu,true,true,32,H200
52.723475831578945,52.456127,0.0,0.0,LDC-27000000,LDC-27000000,globalFaceBased,Fused,julia,float64,cpu,true,true,32,H200
136.85790754054054,136.70015,0.0,0.0,LDC-27000000,LDC-27000000,batchedFace,Fused,julia,float64,cpu,true,true,32,H200
116.60490079069768,116.574656,0.0,0.0,LDC-27000000,LDC-27000000,cellBased,Fused,julia,float64,cpu,true,true,32,H200
75.15263368656716,74.987661,0.0,0.0,LDC-27000000,LDC-27000000,faceBased,Fused,julia,float64,cpu,true,true,64,H200
41.209025450819674,40.8683525,0.0,0.0,LDC-27000000,LDC-27000000,globalFaceBased,Fused,julia,float64,cpu,true,true,64,H200
96.0830396981132,96.531186,0.0,0.0,LDC-27000000,LDC-27000000,batchedFace,Fused,julia,float64,cpu,true,true,64,H200
75.25674371641792,75.020676,0.0,0.0,LDC-27000000,LDC-27000000,cellBased,Fused,julia,float64,cpu,true,true,64,H200
44.12663643859649,44.021795,0.0,0.0,LDC-27000000,LDC-27000000,faceBased,Fused,julia,float64,cpu,true,true,128,H200
47.297224858490566,47.024215,0.0,0.0,LDC-27000000,LDC-27000000,globalFaceBased,Fused,julia,float64,cpu,true,true,128,H200
118.277296,117.080512,0.0,0.0,LDC-27000000,LDC-27000000,batchedFace,Fused,julia,float64,cpu,true,true,128,H200
53.57416231914893,53.4117215,0.0,0.0,LDC-27000000,LDC-27000000,cellBased,Fused,julia,float64,cpu,true,true,128,H200
0.1012258125,0.100598,0.0,0.0,LDC-8000,LDC-8000,faceBased,Fused,julia,float64,cpu,true,true,1,H200
0.115517035,0.114908,0.0,0.0,LDC-8000,LDC-8000,globalFaceBased,Fused,julia,float64,cpu,true,true,1,H200
0.34076238309999995,0.336092,0.0028799668999999997,0.0,LDC-8000,LDC-8000,cellBased,Fused,julia,float64,cpu,true,true,1,H200
0.2862866397,0.286094,0.0,0.0,LDC-8000,LDC-8000,faceBased,Fused,julia,float64,cpu,true,true,2,H200
0.24408120490000002,0.2430395,0.0,0.0,LDC-8000,LDC-8000,globalFaceBased,Fused,julia,float64,cpu,true,true,2,H200
0.1590073166,0.1588085,0.0,0.0,LDC-8000,LDC-8000,batchedFace,Fused,julia,float64,cpu,true,true,2,H200
0.12373895789999999,0.1234,0.0,0.0,LDC-8000,LDC-8000,cellBased,Fused,julia,float64,cpu,true,true,2,H200
0.0976312108,0.097224,0.0,0.0,LDC-8000,LDC-8000,faceBased,Fused,julia,float64,cpu,true,true,4,H200
0.0919066134,0.091657,0.0,0.0,LDC-8000,LDC-8000,globalFaceBased,Fused,julia,float64,cpu,true,true,4,H200
0.0615533741,0.060954,0.0,0.0,LDC-8000,LDC-8000,batchedFace,Fused,julia,float64,cpu,true,true,4,H200
0.052320676700000006,0.051561,0.0,0.0,LDC-8000,LDC-8000,cellBased,Fused,julia,float64,cpu,true,true,4,H200
0.14503109409999998,0.1450145,0.0,0.0,LDC-8000,LDC-8000,faceBased,Fused,julia,float64,cpu,true,true,8,H200
0.1413769526,0.141064,0.0,0.0,LDC-8000,LDC-8000,globalFaceBased,Fused,julia,float64,cpu,true,true,8,H200
0.1486243508,0.1491405,0.0,0.0,LDC-8000,LDC-8000,batchedFace,Fused,julia,float64,cpu,true,true,8,H200
0.0256992344,0.025415,0.0,0.0,LDC-8000,LDC-8000,cellBased,Fused,julia,float64,cpu,true,true,8,H200
0.1389332895,0.13817,0.0,0.0,LDC-8000,LDC-8000,faceBased,Fused,julia,float64,cpu,true,true,16,H200
0.11618008710000001,0.1162045,0.0,0.0,LDC-8000,LDC-8000,globalFaceBased,Fused,julia,float64,cpu,true,true,16,H200
0.1727224873,0.1736385,0.0,0.0,LDC-8000,LDC-8000,batchedFace,Fused,julia,float64,cpu,true,true,16,H200
0.0158455086,0.015261,0.0,0.0,LDC-8000,LDC-8000,cellBased,Fused,julia,float64,cpu,true,true,16,H200
0.1516148782,0.151548,0.0,0.0,LDC-8000,LDC-8000,faceBased,Fused,julia,float64,cpu,true,true,32,H200
0.0731851471,0.072991,0.0,0.0,LDC-8000,LDC-8000,globalFaceBased,Fused,julia,float64,cpu,true,true,32,H200
0.1914766605,0.191884,0.0,0.0,LDC-8000,LDC-8000,batchedFace,Fused,julia,float64,cpu,true,true,32,H200
0.0111273776,0.009664,0.0,0.0,LDC-8000,LDC-8000,cellBased,Fused,julia,float64,cpu,true,true,32,H200
0.15086305,0.1513835,0.0,0.0,LDC-8000,LDC-8000,faceBased,Fused,julia,float64,cpu,true,true,64,H200
0.0529307558,0.050599,0.0,0.0,LDC-8000,LDC-8000,globalFaceBased,Fused,julia,float64,cpu,true,true,64,H200
0.2164681587,0.211431,0.0,0.0,LDC-8000,LDC-8000,batchedFace,Fused,julia,float64,cpu,true,true,64,H200
0.0137062507,0.0084715,0.0,0.0,LDC-8000,LDC-8000,cellBased,Fused,julia,float64,cpu,true,true,64,H200
0.131342874,0.13108,0.0,0.0,LDC-8000,LDC-8000,faceBased,Fused,julia,float64,cpu,true,true,128,H200
0.0633638234,0.06543,0.0,0.0,LDC-8000,LDC-8000,globalFaceBased,Fused,julia,float64,cpu,true,true,128,H200
0.2639093629,0.264003,0.0,0.0,LDC-8000,LDC-8000,batchedFace,Fused,julia,float64,cpu,true,true,128,H200
0.0143505383,0.010144,0.0,0.0,LDC-8000,LDC-8000,cellBased,Fused,julia,float64,cpu,true,true,128,H200
72.6193623478261,72.535999,0.0,0.0,LDC-5832000,LDC-5832000,faceBased,Fused,julia,float64,cpu,true,true,1,H200
78.587230921875,78.39946,0.0,0.0,LDC-5832000,LDC-5832000,globalFaceBased,Fused,julia,float64,cpu,true,true,1,H200
524.8836312,524.554323,0.0,0.0,LDC-5832000,LDC-5832000,cellBased,Fused,julia,float64,cpu,true,true,1,H200
96.06393743396227,95.496984,0.0,0.0,LDC-5832000,LDC-5832000,faceBased,Fused,julia,float64,cpu,true,true,2,H200
95.65784101886793,95.344464,0.0,0.0,LDC-5832000,LDC-5832000,globalFaceBased,Fused,julia,float64,cpu,true,true,2,H200
99.5816584509804,99.493552,0.0,0.0,LDC-5832000,LDC-5832000,batchedFace,Fused,julia,float64,cpu,true,true,2,H200
339.71851039999996,339.15828,0.0,0.0,LDC-5832000,LDC-5832000,cellBased,Fused,julia,float64,cpu,true,true,2,H200
50.04784388,49.7733125,0.0,0.0,LDC-5832000,LDC-5832000,faceBased,Fused,julia,float64,cpu,true,true,4,H200
49.82019556435644,49.896196,0.0,0.0,LDC-5832000,LDC-5832000,globalFaceBased,Fused,julia,float64,cpu,true,true,4,H200
66.83029072,66.633259,0.0,0.0,LDC-5832000,LDC-5832000,batchedFace,Fused,julia,float64,cpu,true,true,4,H200
170.42784863333333,170.3947275,0.0,0.0,LDC-5832000,LDC-5832000,cellBased,Fused,julia,float64,cpu,true,true,4,H200
35.73865360714286,35.405481,0.0,0.0,LDC-5832000,LDC-5832000,faceBased,Fused,julia,float64,cpu,true,true,8,H200
28.154416337078654,28.0121105,0.0,0.0,LDC-5832000,LDC-5832000,globalFaceBased,Fused,julia,float64,cpu,true,true,8,H200
68.16655727027027,67.941009,0.0,0.0,LDC-5832000,LDC-5832000,batchedFace,Fused,julia,float64,cpu,true,true,8,H200
93.3017495,93.0541365,0.0,0.0,LDC-5832000,LDC-5832000,cellBased,Fused,julia,float64,cpu,true,true,8,H200
22.390813964285712,22.2759595,0.0,0.0,LDC-5832000,LDC-5832000,faceBased,Fused,julia,float64,cpu,true,true,16,H200
19.237871303846156,19.23463,0.0,0.0,LDC-5832000,LDC-5832000,globalFaceBased,Fused,julia,float64,cpu,true,true,16,H200
62.633731875,64.0677715,0.0,0.0,LDC-5832000,LDC-5832000,batchedFace,Fused,julia,float64,cpu,true,true,16,H200
53.40445411702128,53.3482695,0.0,0.0,LDC-5832000,LDC-5832000,cellBased,Fused,julia,float64,cpu,true,true,16,H200
17.284368537931037,17.210616,0.0,0.0,LDC-5832000,LDC-5832000,faceBased,Fused,julia,float64,cpu,true,true,32,H200
11.247060422471911,11.166671,0.0,0.0,LDC-5832000,LDC-5832000,globalFaceBased,Fused,julia,float64,cpu,true,true,32,H200
32.046872243589746,31.978572,0.0,0.0,LDC-5832000,LDC-5832000,batchedFace,Fused,julia,float64,cpu,true,true,32,H200
29.46776754117647,29.391613,0.0,0.0,LDC-5832000,LDC-5832000,cellBased,Fused,julia,float64,cpu,true,true,32,H200
12.656764901265822,12.582369,0.0,0.0,LDC-5832000,LDC-5832000,faceBased,Fused,julia,float64,cpu,true,true,64,H200
11.114494008888888,11.175113,0.0,0.0,LDC-5832000,LDC-5832000,globalFaceBased,Fused,julia,float64,cpu,true,true,64,H200
22.89261477625571,22.720206,0.0,0.0,LDC-5832000,LDC-5832000,batchedFace,Fused,julia,float64,cpu,true,true,64,H200
21.00935994957983,20.8568825,0.0,0.0,LDC-5832000,LDC-5832000,cellBased,Fused,julia,float64,cpu,true,true,64,H200
10.047812712273643,9.983424,0.0,0.0,LDC-5832000,LDC-5832000,faceBased,Fused,julia,float64,cpu,true,true,128,H200
6.2171896500622665,6.139066,0.0,0.0,LDC-5832000,LDC-5832000,globalFaceBased,Fused,julia,float64,cpu,true,true,128,H200
26.912031903225806,27.923554,0.0,0.0,LDC-5832000,LDC-5832000,batchedFace,Fused,julia,float64,cpu,true,true,128,H200
15.398436729230768,15.37452,0.0,0.0,LDC-5832000,LDC-5832000,cellBased,Fused,julia,float64,cpu,true,true,128,H200
217.998736,217.850246,0.0,0.0,LDC-17576000,LDC-17576000,faceBased,Fused,julia,float64,cpu,true,true,1,H200
233.2322895909091,233.253811,0.0,0.0,LDC-17576000,LDC-17576000,globalFaceBased,Fused,julia,float64,cpu,true,true,1,H200
1609.05588475,1605.5424185,0.0,0.0,LDC-17576000,LDC-17576000,cellBased,Fused,julia,float64,cpu,true,true,1,H200
146.0915934,145.701258,0.0,0.0,LDC-17576000,LDC-17576000,faceBased,Fused,julia,float64,cpu,true,true,4,H200
144.3307258,143.892801,0.0,0.0,LDC-17576000,LDC-17576000,globalFaceBased,Fused,julia,float64,cpu,true,true,4,H200
237.86918468181818,237.6076875,0.0,0.0,LDC-17576000,LDC-17576000,batchedFace,Fused,julia,float64,cpu,true,true,4,H200
484.52038527272725,484.382907,0.0,0.0,LDC-17576000,LDC-17576000,cellBased,Fused,julia,float64,cpu,true,true,4,H200
97.3615819423077,97.1414425,0.0,0.0,LDC-17576000,LDC-17576000,faceBased,Fused,julia,float64,cpu,true,true,8,H200
80.1339276984127,79.626818,0.0,0.0,LDC-17576000,LDC-17576000,globalFaceBased,Fused,julia,float64,cpu,true,true,8,H200
235.2258545,233.597148,0.0,0.0,LDC-17576000,LDC-17576000,batchedFace,Fused,julia,float64,cpu,true,true,8,H200
262.04483295,259.6911245,0.0,0.0,LDC-17576000,LDC-17576000,cellBased,Fused,julia,float64,cpu,true,true,8,H200
57.46862052873563,57.112147,0.0,0.0,LDC-17576000,LDC-17576000,faceBased,Fused,julia,float64,cpu,true,true,16,H200
50.78557591919192,50.743936,0.0,0.0,LDC-17576000,LDC-17576000,globalFaceBased,Fused,julia,float64,cpu,true,true,16,H200
173.88393237931035,173.801109,0.0,0.0,LDC-17576000,LDC-17576000,batchedFace,Fused,julia,float64,cpu,true,true,16,H200
143.57057474285713,143.393108,0.0,0.0,LDC-17576000,LDC-17576000,cellBased,Fused,julia,float64,cpu,true,true,16,H200
50.93438935353535,50.60194,0.0,0.0,LDC-17576000,LDC-17576000,faceBased,Fused,julia,float64,cpu,true,true,32,H200
34.93640364583334,35.1094335,0.0,0.0,LDC-17576000,LDC-17576000,globalFaceBased,Fused,julia,float64,cpu,true,true,32,H200
92.49651549090909,92.631879,0.0,0.0,LDC-17576000,LDC-17576000,batchedFace,Fused,julia,float64,cpu,true,true,32,H200
85.495794,85.465241,0.0,0.0,LDC-17576000,LDC-17576000,cellBased,Fused,julia,float64,cpu,true,true,32,H200
49.47113805882353,49.292755,0.0,0.0,LDC-17576000,LDC-17576000,faceBased,Fused,julia,float64,cpu,true,true,64,H200
38.3520437480916,38.235188,0.0,0.0,LDC-17576000,LDC-17576000,globalFaceBased,Fused,julia,float64,cpu,true,true,64,H200
147.08437420588234,152.254329,0.0,0.0,LDC-17576000,LDC-17576000,batchedFace,Fused,julia,float64,cpu,true,true,64,H200
54.04984324731183,52.784674,0.0,0.0,LDC-17576000,LDC-17576000,cellBased,Fused,julia,float64,cpu,true,true,64,H200
31.32556105,31.265676,0.0,0.0,LDC-17576000,LDC-17576000,faceBased,Fused,julia,float64,cpu,true,true,128,H200
33.0913280794702,33.009449,0.0,0.0,LDC-17576000,LDC-17576000,globalFaceBased,Fused,julia,float64,cpu,true,true,128,H200
90.25958233928571,88.156828,0.0,0.0,LDC-17576000,LDC-17576000,batchedFace,Fused,julia,float64,cpu,true,true,128,H200
34.33556428082192,34.3448315,0.0,0.0,LDC-17576000,LDC-17576000,cellBased,Fused,julia,float64,cpu,true,true,128,H200
172.98270593103447,172.987883,0.0,0.0,LDC-13824000,LDC-13824000,faceBased,Fused,julia,float64,cpu,true,true,1,H200
184.5969560357143,184.4670285,0.0,0.0,LDC-13824000,LDC-13824000,globalFaceBased,Fused,julia,float64,cpu,true,true,1,H200
1235.6417746,1236.433502,0.0,0.0,LDC-13824000,LDC-13824000,cellBased,Fused,julia,float64,cpu,true,true,1,H200
223.86735260869565,223.126884,0.0,0.0,LDC-13824000,LDC-13824000,faceBased,Fused,julia,float64,cpu,true,true,2,H200
224.1208374347826,224.01841,0.0,0.0,LDC-13824000,LDC-13824000,globalFaceBased,Fused,julia,float64,cpu,true,true,2,H200
245.11938342857144,244.78029,0.0,0.0,LDC-13824000,LDC-13824000,batchedFace,Fused,julia,float64,cpu,true,true,2,H200
807.9809181428571,798.941126,0.0,0.0,LDC-13824000,LDC-13824000,cellBased,Fused,julia,float64,cpu,true,true,2,H200
118.74268088372094,117.080676,0.0,0.0,LDC-13824000,LDC-13824000,faceBased,Fused,julia,float64,cpu,true,true,4,H200
117.61422253488372,117.33757,0.0,0.0,LDC-13824000,LDC-13824000,globalFaceBased,Fused,julia,float64,cpu,true,true,4,H200
156.73677609375,156.090263,0.0,0.0,LDC-13824000,LDC-13824000,batchedFace,Fused,julia,float64,cpu,true,true,4,H200
402.9712361538461,393.928089,0.0,0.0,LDC-13824000,LDC-13824000,cellBased,Fused,julia,float64,cpu,true,true,4,H200
72.42111748571429,72.0602965,0.0,0.0,LDC-13824000,LDC-13824000,faceBased,Fused,julia,float64,cpu,true,true,8,H200
71.04641807042253,71.017402,0.0,0.0,LDC-13824000,LDC-13824000,globalFaceBased,Fused,julia,float64,cpu,true,true,8,H200
170.8738245,179.642462,0.0,0.0,LDC-13824000,LDC-13824000,batchedFace,Fused,julia,float64,cpu,true,true,8,H200
163.5734262580645,151.455953,0.0,0.0,LDC-13824000,LDC-13824000,cellBased,Fused,julia,float64,cpu,true,true,8,H200
52.4021725,52.318239,0.0,0.0,LDC-13824000,LDC-13824000,faceBased,Fused,julia,float64,cpu,true,true,16,H200
37.523505649253735,37.0511775,0.0,0.0,LDC-13824000,LDC-13824000,globalFaceBased,Fused,julia,float64,cpu,true,true,16,H200
131.03430687179485,130.99809,0.0,0.0,LDC-13824000,LDC-13824000,batchedFace,Fused,julia,float64,cpu,true,true,16,H200
112.28859397777778,112.193183,0.0,0.0,LDC-13824000,LDC-13824000,cellBased,Fused,julia,float64,cpu,true,true,16,H200
41.94896283333333,41.9173865,0.0,0.0,LDC-13824000,LDC-13824000,faceBased,Fused,julia,float64,cpu,true,true,32,H200
28.84057466091954,28.6149125,0.0,0.0,LDC-13824000,LDC-13824000,globalFaceBased,Fused,julia,float64,cpu,true,true,32,H200
72.22091742857144,72.1420035,0.0,0.0,LDC-13824000,LDC-13824000,batchedFace,Fused,julia,float64,cpu,true,true,32,H200
62.272843382716054,62.174117,0.0,0.0,LDC-13824000,LDC-13824000,cellBased,Fused,julia,float64,cpu,true,true,32,H200
41.29303594262295,41.080356,0.0,0.0,LDC-13824000,LDC-13824000,faceBased,Fused,julia,float64,cpu,true,true,64,H200
29.5623817,29.454668,0.0,0.0,LDC-13824000,LDC-13824000,globalFaceBased,Fused,julia,float64,cpu,true,true,64,H200
123.0816587804878,122.475758,0.0,0.0,LDC-13824000,LDC-13824000,batchedFace,Fused,julia,float64,cpu,true,true,64,H200
67.71929051351351,67.809664,0.0,0.0,LDC-13824000,LDC-13824000,cellBased,Fused,julia,float64,cpu,true,true,64,H200
29.06256187790698,29.1851715,0.0,0.0,LDC-13824000,LDC-13824000,faceBased,Fused,julia,float64,cpu,true,true,128,H200
17.34385971875,17.1947735,0.0,0.0,LDC-13824000,LDC-13824000,globalFaceBased,Fused,julia,float64,cpu,true,true,128,H200
68.90153605479452,72.828323,0.0,0.0,LDC-13824000,LDC-13824000,batchedFace,Fused,julia,float64,cpu,true,true,128,H200
26.875978698924733,26.7441645,0.0,0.0,LDC-13824000,LDC-13824000,cellBased,Fused,julia,float64,cpu,true,true,128,H200
1.5480706283679158,1.545586,0.0,0.0,LDC-125000,LDC-125000,faceBased,Fused,julia,float64,cpu,true,true,1,H200
1.6976481222826088,1.695462,0.0,0.0,LDC-125000,LDC-125000,globalFaceBased,Fused,julia,float64,cpu,true,true,1,H200
11.569917360277136,11.525725,0.0,0.0,LDC-125000,LDC-125000,cellBased,Fused,julia,float64,cpu,true,true,1,H200
2.9281500339578455,2.9473295,0.0,0.0,LDC-125000,LDC-125000,faceBased,Fused,julia,float64,cpu,true,true,2,H200
2.6660340804904052,2.659904,0.0,0.0,LDC-125000,LDC-125000,globalFaceBased,Fused,julia,float64,cpu,true,true,2,H200
1.7512246227670751,1.754113,0.0,0.0,LDC-125000,LDC-125000,batchedFace,Fused,julia,float64,cpu,true,true,2,H200
3.9764566041335456,3.9346725,0.0,0.0,LDC-125000,LDC-125000,cellBased,Fused,julia,float64,cpu,true,true,2,H200
1.7374035493398192,1.7419015,0.0,0.0,LDC-125000,LDC-125000,faceBased,Fused,julia,float64,cpu,true,true,4,H200
1.5038766872180451,1.51957,0.0,0.0,LDC-125000,LDC-125000,globalFaceBased,Fused,julia,float64,cpu,true,true,4,H200
1.3440219731182796,1.345326,0.0,0.0,LDC-125000,LDC-125000,batchedFace,Fused,julia,float64,cpu,true,true,4,H200
2.9388248278495888,2.932744,0.0,0.0,LDC-125000,LDC-125000,cellBased,Fused,julia,float64,cpu,true,true,4,H200
1.1259466603603603,1.125498,0.0,0.0,LDC-125000,LDC-125000,faceBased,Fused,julia,float64,cpu,true,true,8,H200
1.1129994956579825,1.129945,0.0,0.0,LDC-125000,LDC-125000,globalFaceBased,Fused,julia,float64,cpu,true,true,8,H200
0.9843458276880662,1.0049775,0.0,0.0,LDC-125000,LDC-125000,batchedFace,Fused,julia,float64,cpu,true,true,8,H200
3.2787135586885245,3.294061,0.0,0.0,LDC-125000,LDC-125000,cellBased,Fused,julia,float64,cpu,true,true,8,H200
0.840937956587582,0.841668,0.0,0.0,LDC-125000,LDC-125000,faceBased,Fused,julia,float64,cpu,true,true,16,H200
0.9404239343367826,0.963215,0.0,0.0,LDC-125000,LDC-125000,globalFaceBased,Fused,julia,float64,cpu,true,true,16,H200
0.807395197092084,0.8045665,0.0,0.0,LDC-125000,LDC-125000,batchedFace,Fused,julia,float64,cpu,true,true,16,H200
0.3214183142,0.3266345,0.0,0.0,LDC-125000,LDC-125000,cellBased,Fused,julia,float64,cpu,true,true,16,H200
0.7261779646750981,0.726529,0.0,0.0,LDC-125000,LDC-125000,faceBased,Fused,julia,float64,cpu,true,true,32,H200
0.6791363971988034,0.680726,0.0,0.0,LDC-125000,LDC-125000,globalFaceBased,Fused,julia,float64,cpu,true,true,32,H200
0.8427888744939271,0.843686,0.0,0.0,LDC-125000,LDC-125000,batchedFace,Fused,julia,float64,cpu,true,true,32,H200
0.1327007032,0.131121,0.0,0.0,LDC-125000,LDC-125000,cellBased,Fused,julia,float64,cpu,true,true,32,H200
0.7515231588376995,0.75573,0.0,0.0,LDC-125000,LDC-125000,faceBased,Fused,julia,float64,cpu,true,true,64,H200
0.36482529849999995,0.370099,0.0,0.0,LDC-125000,LDC-125000,globalFaceBased,Fused,julia,float64,cpu,true,true,64,H200
0.9968893789179476,1.003971,0.0,0.0,LDC-125000,LDC-125000,batchedFace,Fused,julia,float64,cpu,true,true,64,H200
0.06796651540000001,0.070707,0.0,0.0,LDC-125000,LDC-125000,cellBased,Fused,julia,float64,cpu,true,true,64,H200
0.6365215417944785,0.637166,0.0,0.0,LDC-125000,LDC-125000,faceBased,Fused,julia,float64,cpu,true,true,128,H200
0.23685620999999998,0.2439005,0.0,0.0,LDC-125000,LDC-125000,globalFaceBased,Fused,julia,float64,cpu,true,true,128,H200
0.9016287327305605,0.901179,0.0,0.0,LDC-125000,LDC-125000,batchedFace,Fused,julia,float64,cpu,true,true,128,H200
0.0495000306,0.0506,0.0,0.0,LDC-125000,LDC-125000,cellBased,Fused,julia,float64,cpu,true,true,128,H200
132.94097642105262,132.87751,0.0,0.0,LDC-10648000,LDC-10648000,faceBased,Fused,julia,float64,cpu,true,true,1,H200
143.4875562285714,143.438883,0.0,0.0,LDC-10648000,LDC-10648000,globalFaceBased,Fused,julia,float64,cpu,true,true,1,H200
962.4692531666666,960.5050125,0.0,0.0,LDC-10648000,LDC-10648000,cellBased,Fused,julia,float64,cpu,true,true,1,H200
172.22539940000001,171.6582515,0.0,0.0,LDC-10648000,LDC-10648000,faceBased,Fused,julia,float64,cpu,true,true,2,H200
172.13395306666666,171.8595785,0.0,0.0,LDC-10648000,LDC-10648000,globalFaceBased,Fused,julia,float64,cpu,true,true,2,H200
178.23775996551726,178.079545,0.0,0.0,LDC-10648000,LDC-10648000,batchedFace,Fused,julia,float64,cpu,true,true,2,H200
604.81203,607.225484,0.0,0.0,LDC-10648000,LDC-10648000,cellBased,Fused,julia,float64,cpu,true,true,2,H200
89.98206339285714,89.769181,0.0,0.0,LDC-10648000,LDC-10648000,faceBased,Fused,julia,float64,cpu,true,true,4,H200
89.44751083928571,89.303956,0.0,0.0,LDC-10648000,LDC-10648000,globalFaceBased,Fused,julia,float64,cpu,true,true,4,H200
120.16102428571428,120.1331145,0.0,0.0,LDC-10648000,LDC-10648000,batchedFace,Fused,julia,float64,cpu,true,true,4,H200
396.04150076923077,395.89487,0.0,0.0,LDC-10648000,LDC-10648000,cellBased,Fused,julia,float64,cpu,true,true,4,H200
50.723538090909095,50.068333,0.0,0.0,LDC-10648000,LDC-10648000,faceBased,Fused,julia,float64,cpu,true,true,8,H200
48.11394865384615,48.061423,0.0,0.0,LDC-10648000,LDC-10648000,globalFaceBased,Fused,julia,float64,cpu,true,true,8,H200
123.89369812195122,123.211269,0.0,0.0,LDC-10648000,LDC-10648000,batchedFace,Fused,julia,float64,cpu,true,true,8,H200
159.9174551875,159.815581,0.0,0.0,LDC-10648000,LDC-10648000,cellBased,Fused,julia,float64,cpu,true,true,8,H200
36.957599823529414,37.0235185,0.0,0.0,LDC-10648000,LDC-10648000,faceBased,Fused,julia,float64,cpu,true,true,16,H200
28.983669537572254,28.91096,0.0,0.0,LDC-10648000,LDC-10648000,globalFaceBased,Fused,julia,float64,cpu,true,true,16,H200
92.19705370909091,92.071293,0.0,0.0,LDC-10648000,LDC-10648000,batchedFace,Fused,julia,float64,cpu,true,true,16,H200
92.82762416666667,92.4145745,0.0,0.0,LDC-10648000,LDC-10648000,cellBased,Fused,julia,float64,cpu,true,true,16,H200
31.639308226415093,31.589143,0.0,0.0,LDC-10648000,LDC-10648000,faceBased,Fused,julia,float64,cpu,true,true,32,H200
23.615763665094338,23.4820815,0.0,0.0,LDC-10648000,LDC-10648000,globalFaceBased,Fused,julia,float64,cpu,true,true,32,H200
69.08031771232876,65.731279,0.0,0.0,LDC-10648000,LDC-10648000,batchedFace,Fused,julia,float64,cpu,true,true,32,H200
49.83644610891089,49.058334,0.0,0.0,LDC-10648000,LDC-10648000,cellBased,Fused,julia,float64,cpu,true,true,32,H200
25.517462413265307,23.956269,0.0,0.0,LDC-10648000,LDC-10648000,faceBased,Fused,julia,float64,cpu,true,true,64,H200
19.58616123828125,19.6274795,0.0,0.0,LDC-10648000,LDC-10648000,globalFaceBased,Fused,julia,float64,cpu,true,true,64,H200
45.24853320720721,45.025998,0.0,0.0,LDC-10648000,LDC-10648000,batchedFace,Fused,julia,float64,cpu,true,true,64,H200
39.068086796875,39.1997885,0.0,0.0,LDC-10648000,LDC-10648000,cellBased,Fused,julia,float64,cpu,true,true,64,H200
19.262660296153847,19.577561,0.0,0.0,LDC-10648000,LDC-10648000,faceBased,Fused,julia,float64,cpu,true,true,128,H200
12.282261380835381,12.274104,0.0,0.0,LDC-10648000,LDC-10648000,globalFaceBased,Fused,julia,float64,cpu,true,true,128,H200
27.412939256830605,27.207095,0.0,0.0,LDC-10648000,LDC-10648000,batchedFace,Fused,julia,float64,cpu,true,true,128,H200
22.56813674774775,22.5553015,0.0,0.0,LDC-10648000,LDC-10648000,cellBased,Fused,julia,float64,cpu,true,true,128,H200
84.95858983050847,84.884046,0.0,0.0,LDC-6859000,LDC-6859000,faceBased,Fused,julia,float64,cpu,true,true,1,H200
91.76533176363637,91.576932,0.0,0.0,LDC-6859000,LDC-6859000,globalFaceBased,Fused,julia,float64,cpu,true,true,1,H200
620.9654438888888,620.712968,0.0,0.0,LDC-6859000,LDC-6859000,cellBased,Fused,julia,float64,cpu,true,true,1,H200
111.29075682222222,110.955089,0.0,0.0,LDC-6859000,LDC-6859000,faceBased,Fused,julia,float64,cpu,true,true,2,H200
111.86741293333334,111.775928,0.0,0.0,LDC-6859000,LDC-6859000,globalFaceBased,Fused,julia,float64,cpu,true,true,2,H200
125.79207985,125.49487,0.0,0.0,LDC-6859000,LDC-6859000,batchedFace,Fused,julia,float64,cpu,true,true,2,H200
392.55188407692305,392.641634,0.0,0.0,LDC-6859000,LDC-6859000,cellBased,Fused,julia,float64,cpu,true,true,2,H200
58.860316952941176,58.165672,0.0,0.0,LDC-6859000,LDC-6859000,faceBased,Fused,julia,float64,cpu,true,true,4,H200
58.25650415116279,58.2180095,0.0,0.0,LDC-6859000,LDC-6859000,globalFaceBased,Fused,julia,float64,cpu,true,true,4,H200
79.206053671875,77.8279195,0.0,0.0,LDC-6859000,LDC-6859000,batchedFace,Fused,julia,float64,cpu,true,true,4,H200
202.38601316,202.097854,0.0,0.0,LDC-6859000,LDC-6859000,cellBased,Fused,julia,float64,cpu,true,true,4,H200
41.217388942622954,41.0045655,0.0,0.0,LDC-6859000,LDC-6859000,faceBased,Fused,julia,float64,cpu,true,true,8,H200
33.04822878289474,32.829525,0.0,0.0,LDC-6859000,LDC-6859000,globalFaceBased,Fused,julia,float64,cpu,true,true,8,H200
82.46909160655738,82.445701,0.0,0.0,LDC-6859000,LDC-6859000,batchedFace,Fused,julia,float64,cpu,true,true,8,H200
105.780518,105.122585,0.0,0.0,LDC-6859000,LDC-6859000,cellBased,Fused,julia,float64,cpu,true,true,8,H200
29.02033924855491,29.007322,0.0,0.0,LDC-6859000,LDC-6859000,faceBased,Fused,julia,float64,cpu,true,true,16,H200
29.36228418128655,29.026949,0.0,0.0,LDC-6859000,LDC-6859000,globalFaceBased,Fused,julia,float64,cpu,true,true,16,H200
63.14775665,65.0038285,0.0,0.0,LDC-6859000,LDC-6859000,batchedFace,Fused,julia,float64,cpu,true,true,16,H200
44.93928744642857,44.852864,0.0,0.0,LDC-6859000,LDC-6859000,cellBased,Fused,julia,float64,cpu,true,true,16,H200
18.26713873357664,18.21417,0.0,0.0,LDC-6859000,LDC-6859000,faceBased,Fused,julia,float64,cpu,true,true,32,H200
13.0869417513089,13.008074,0.0,0.0,LDC-6859000,LDC-6859000,globalFaceBased,Fused,julia,float64,cpu,true,true,32,H200
37.27354366666666,37.099384,0.0,0.0,LDC-6859000,LDC-6859000,batchedFace,Fused,julia,float64,cpu,true,true,32,H200
36.62288726277372,36.555285,0.0,0.0,LDC-6859000,LDC-6859000,cellBased,Fused,julia,float64,cpu,true,true,32,H200
20.624458851851852,20.58784,0.0,0.0,LDC-6859000,LDC-6859000,faceBased,Fused,julia,float64,cpu,true,true,64,H200
11.312877300904978,10.417535,0.0,0.0,LDC-6859000,LDC-6859000,globalFaceBased,Fused,julia,float64,cpu,true,true,64,H200
26.56359246031746,26.264939,0.0,0.0,LDC-6859000,LDC-6859000,batchedFace,Fused,julia,float64,cpu,true,true,64,H200
19.762006134387352,19.755015,0.0,0.0,LDC-6859000,LDC-6859000,cellBased,Fused,julia,float64,cpu,true,true,64,H200
11.32143454648526,11.139523,0.0,0.0,LDC-6859000,LDC-6859000,faceBased,Fused,julia,float64,cpu,true,true,128,H200
9.032109515370706,8.98533,0.0,0.0,LDC-6859000,LDC-6859000,globalFaceBased,Fused,julia,float64,cpu,true,true,128,H200
17.572152494736844,17.505851,0.0,0.0,LDC-6859000,LDC-6859000,batchedFace,Fused,julia,float64,cpu,true,true,128,H200
13.92775868523677,14.595798,0.0,0.0,LDC-6859000,LDC-6859000,cellBased,Fused,julia,float64,cpu,true,true,128,H200
582.7879911111112,582.669201,0.0,0.0,LDC-46656000,LDC-46656000,faceBased,Fused,julia,float64,cpu,true,true,1,H200
622.838104,622.705905,0.0,0.0,LDC-46656000,LDC-46656000,globalFaceBased,Fused,julia,float64,cpu,true,true,1,H200
4115.963069,4115.963069,0.0,0.0,LDC-46656000,LDC-46656000,cellBased,Fused,julia,float64,cpu,true,true,1,H200
747.1227828571429,740.655922,0.0,0.0,LDC-46656000,LDC-46656000,faceBased,Fused,julia,float64,cpu,true,true,2,H200
745.9596342857143,745.996698,0.0,0.0,LDC-46656000,LDC-46656000,globalFaceBased,Fused,julia,float64,cpu,true,true,2,H200
756.8118997142857,757.119619,0.0,0.0,LDC-46656000,LDC-46656000,batchedFace,Fused,julia,float64,cpu,true,true,2,H200
2643.989789,2643.989789,0.0,0.0,LDC-46656000,LDC-46656000,cellBased,Fused,julia,float64,cpu,true,true,2,H200
381.2602939285714,377.844565,0.0,0.0,LDC-46656000,LDC-46656000,faceBased,Fused,julia,float64,cpu,true,true,4,H200
387.11811084615385,383.322796,0.0,0.0,LDC-46656000,LDC-46656000,globalFaceBased,Fused,julia,float64,cpu,true,true,4,H200
487.326869,485.551301,0.0,0.0,LDC-46656000,LDC-46656000,batchedFace,Fused,julia,float64,cpu,true,true,4,H200
1822.7711616666668,1823.809678,0.0,0.0,LDC-46656000,LDC-46656000,cellBased,Fused,julia,float64,cpu,true,true,4,H200
