case,cells,time_ns,strategy,executor,julia_or_neon,threads,node
LDC_N10,1000,2056,Face-Based,CPU-Parallel,NeoN,1,gpu-nvidia-h100
LDC_N10,1000,1486,Face-Based,CPU-Parallel,NeoN,1,gpu-nvidia-h100
LDC_N10,1000,1454,Face-Based,CPU-Parallel,NeoN,1,gpu-nvidia-h100
LDC_N10,1000,884,Face-Based,CPU-Parallel,NeoN + Julia,1,gpu-nvidia-h100
LDC_N10,1000,536,Face-Based,CPU-Parallel,NeoN + Julia,1,gpu-nvidia-h100
LDC_N10,1000,514,Face-Based,CPU-Parallel,NeoN + Julia,1,gpu-nvidia-h100
LDC_N10,1000,1396,Face-Based,CPU-Parallel,NeoN,2,gpu-nvidia-h100
LDC_N10,1000,965,Face-Based,CPU-Parallel,NeoN,2,gpu-nvidia-h100
LDC_N10,1000,952,Face-Based,CPU-Parallel,NeoN,2,gpu-nvidia-h100
LDC_N10,1000,884,Face-Based,CPU-Parallel,NeoN + Julia,2,gpu-nvidia-h100
LDC_N10,1000,451,Face-Based,CPU-Parallel,NeoN + Julia,2,gpu-nvidia-h100
LDC_N10,1000,400,Face-Based,CPU-Parallel,NeoN + Julia,2,gpu-nvidia-h100
LDC_N10,1000,962,Face-Based,CPU-Parallel,NeoN,4,gpu-nvidia-h100
LDC_N10,1000,611,Face-Based,CPU-Parallel,NeoN,4,gpu-nvidia-h100
LDC_N10,1000,584,Face-Based,CPU-Parallel,NeoN,4,gpu-nvidia-h100
LDC_N10,1000,730,Face-Based,CPU-Parallel,NeoN + Julia,4,gpu-nvidia-h100
LDC_N10,1000,323,Face-Based,CPU-Parallel,NeoN + Julia,4,gpu-nvidia-h100
LDC_N10,1000,289,Face-Based,CPU-Parallel,NeoN + Julia,4,gpu-nvidia-h100
LDC_N10,1000,959,Face-Based,CPU-Parallel,NeoN,8,gpu-nvidia-h100
LDC_N10,1000,565,Face-Based,CPU-Parallel,NeoN,8,gpu-nvidia-h100
LDC_N10,1000,548,Face-Based,CPU-Parallel,NeoN,8,gpu-nvidia-h100
LDC_N10,1000,714,Face-Based,CPU-Parallel,NeoN + Julia,8,gpu-nvidia-h100
LDC_N10,1000,290,Face-Based,CPU-Parallel,NeoN + Julia,8,gpu-nvidia-h100
LDC_N10,1000,257,Face-Based,CPU-Parallel,NeoN + Julia,8,gpu-nvidia-h100
LDC_N10,1000,779,Face-Based,CPU-Parallel,NeoN,16,gpu-nvidia-h100
LDC_N10,1000,363,Face-Based,CPU-Parallel,NeoN,16,gpu-nvidia-h100
LDC_N10,1000,342,Face-Based,CPU-Parallel,NeoN,16,gpu-nvidia-h100
LDC_N10,1000,871,Face-Based,CPU-Parallel,NeoN + Julia,16,gpu-nvidia-h100
LDC_N10,1000,281,Face-Based,CPU-Parallel,NeoN + Julia,16,gpu-nvidia-h100
LDC_N10,1000,330,Face-Based,CPU-Parallel,NeoN + Julia,16,gpu-nvidia-h100
LDC_N10,1000,884,Face-Based,CPU-Parallel,NeoN,32,gpu-nvidia-h100
LDC_N10,1000,325,Face-Based,CPU-Parallel,NeoN,32,gpu-nvidia-h100
LDC_N10,1000,312,Face-Based,CPU-Parallel,NeoN,32,gpu-nvidia-h100
LDC_N10,1000,788,Face-Based,CPU-Parallel,NeoN + Julia,32,gpu-nvidia-h100
LDC_N10,1000,266,Face-Based,CPU-Parallel,NeoN + Julia,32,gpu-nvidia-h100
LDC_N10,1000,252,Face-Based,CPU-Parallel,NeoN + Julia,32,gpu-nvidia-h100
LDC_N10,1000,803,Face-Based,CPU-Parallel,NeoN,64,gpu-nvidia-h100
LDC_N10,1000,347,Face-Based,CPU-Parallel,NeoN,64,gpu-nvidia-h100
LDC_N10,1000,341,Face-Based,CPU-Parallel,NeoN,64,gpu-nvidia-h100
LDC_N10,1000,14919,Face-Based,CPU-Parallel,NeoN + Julia,64,gpu-nvidia-h100
LDC_N10,1000,16115,Face-Based,CPU-Parallel,NeoN + Julia,64,gpu-nvidia-h100
LDC_N10,1000,260,Face-Based,CPU-Parallel,NeoN + Julia,64,gpu-nvidia-h100
LDC_N10,1000,34204,Face-Based,CPU-Parallel,NeoN,128,gpu-nvidia-h100
LDC_N10,1000,11421,Face-Based,CPU-Parallel,NeoN,128,gpu-nvidia-h100
LDC_N10,1000,482,Face-Based,CPU-Parallel,NeoN,128,gpu-nvidia-h100
LDC_N10,1000,21218,Face-Based,CPU-Parallel,NeoN + Julia,128,gpu-nvidia-h100
LDC_N10,1000,25786,Face-Based,CPU-Parallel,NeoN + Julia,128,gpu-nvidia-h100
LDC_N10,1000,23949,Face-Based,CPU-Parallel,NeoN + Julia,128,gpu-nvidia-h100
LDC_N20,8000,11310,Face-Based,CPU-Parallel,NeoN,1,gpu-nvidia-h100
LDC_N20,8000,10856,Face-Based,CPU-Parallel,NeoN,1,gpu-nvidia-h100
LDC_N20,8000,10861,Face-Based,CPU-Parallel,NeoN,1,gpu-nvidia-h100
LDC_N20,8000,3189,Face-Based,CPU-Parallel,NeoN + Julia,1,gpu-nvidia-h100
LDC_N20,8000,2912,Face-Based,CPU-Parallel,NeoN + Julia,1,gpu-nvidia-h100
LDC_N20,8000,2939,Face-Based,CPU-Parallel,NeoN + Julia,1,gpu-nvidia-h100
LDC_N20,8000,7112,Face-Based,CPU-Parallel,NeoN,2,gpu-nvidia-h100
LDC_N20,8000,6527,Face-Based,CPU-Parallel,NeoN,2,gpu-nvidia-h100
LDC_N20,8000,6524,Face-Based,CPU-Parallel,NeoN,2,gpu-nvidia-h100
LDC_N20,8000,2531,Face-Based,CPU-Parallel,NeoN + Julia,2,gpu-nvidia-h100
LDC_N20,8000,1508,Face-Based,CPU-Parallel,NeoN + Julia,2,gpu-nvidia-h100
LDC_N20,8000,1489,Face-Based,CPU-Parallel,NeoN + Julia,2,gpu-nvidia-h100
LDC_N20,8000,5488,Face-Based,CPU-Parallel,NeoN,4,gpu-nvidia-h100
LDC_N20,8000,4972,Face-Based,CPU-Parallel,NeoN,4,gpu-nvidia-h100
LDC_N20,8000,5013,Face-Based,CPU-Parallel,NeoN,4,gpu-nvidia-h100
LDC_N20,8000,1844,Face-Based,CPU-Parallel,NeoN + Julia,4,gpu-nvidia-h100
LDC_N20,8000,1056,Face-Based,CPU-Parallel,NeoN + Julia,4,gpu-nvidia-h100
LDC_N20,8000,997,Face-Based,CPU-Parallel,NeoN + Julia,4,gpu-nvidia-h100
LDC_N20,8000,3050,Face-Based,CPU-Parallel,NeoN,8,gpu-nvidia-h100
LDC_N20,8000,2707,Face-Based,CPU-Parallel,NeoN,8,gpu-nvidia-h100
LDC_N20,8000,2667,Face-Based,CPU-Parallel,NeoN,8,gpu-nvidia-h100
LDC_N20,8000,1168,Face-Based,CPU-Parallel,NeoN + Julia,8,gpu-nvidia-h100
LDC_N20,8000,816,Face-Based,CPU-Parallel,NeoN + Julia,8,gpu-nvidia-h100
LDC_N20,8000,655,Face-Based,CPU-Parallel,NeoN + Julia,8,gpu-nvidia-h100
LDC_N20,8000,1917,Face-Based,CPU-Parallel,NeoN,16,gpu-nvidia-h100
LDC_N20,8000,1550,Face-Based,CPU-Parallel,NeoN,16,gpu-nvidia-h100
LDC_N20,8000,1513,Face-Based,CPU-Parallel,NeoN,16,gpu-nvidia-h100
LDC_N20,8000,1084,Face-Based,CPU-Parallel,NeoN + Julia,16,gpu-nvidia-h100
LDC_N20,8000,558,Face-Based,CPU-Parallel,NeoN + Julia,16,gpu-nvidia-h100
LDC_N20,8000,480,Face-Based,CPU-Parallel,NeoN + Julia,16,gpu-nvidia-h100
LDC_N20,8000,1561,Face-Based,CPU-Parallel,NeoN,32,gpu-nvidia-h100
LDC_N20,8000,1141,Face-Based,CPU-Parallel,NeoN,32,gpu-nvidia-h100
LDC_N20,8000,1125,Face-Based,CPU-Parallel,NeoN,32,gpu-nvidia-h100
LDC_N20,8000,5024,Face-Based,CPU-Parallel,NeoN + Julia,32,gpu-nvidia-h100
LDC_N20,8000,387,Face-Based,CPU-Parallel,NeoN + Julia,32,gpu-nvidia-h100
LDC_N20,8000,352,Face-Based,CPU-Parallel,NeoN + Julia,32,gpu-nvidia-h100
LDC_N20,8000,1437,Face-Based,CPU-Parallel,NeoN,64,gpu-nvidia-h100
LDC_N20,8000,856,Face-Based,CPU-Parallel,NeoN,64,gpu-nvidia-h100
LDC_N20,8000,839,Face-Based,CPU-Parallel,NeoN,64,gpu-nvidia-h100
LDC_N20,8000,9799,Face-Based,CPU-Parallel,NeoN + Julia,64,gpu-nvidia-h100
LDC_N20,8000,14568,Face-Based,CPU-Parallel,NeoN + Julia,64,gpu-nvidia-h100
LDC_N20,8000,23233,Face-Based,CPU-Parallel,NeoN + Julia,64,gpu-nvidia-h100
LDC_N20,8000,1255,Face-Based,CPU-Parallel,NeoN,128,gpu-nvidia-h100
LDC_N20,8000,841,Face-Based,CPU-Parallel,NeoN,128,gpu-nvidia-h100
LDC_N20,8000,725,Face-Based,CPU-Parallel,NeoN,128,gpu-nvidia-h100
LDC_N20,8000,19350,Face-Based,CPU-Parallel,NeoN + Julia,128,gpu-nvidia-h100
LDC_N20,8000,25775,Face-Based,CPU-Parallel,NeoN + Julia,128,gpu-nvidia-h100
LDC_N20,8000,26827,Face-Based,CPU-Parallel,NeoN + Julia,128,gpu-nvidia-h100
LDC_N30,27000,37305,Face-Based,CPU-Parallel,NeoN,1,gpu-nvidia-h100
LDC_N30,27000,35952,Face-Based,CPU-Parallel,NeoN,1,gpu-nvidia-h100
LDC_N30,27000,35858,Face-Based,CPU-Parallel,NeoN,1,gpu-nvidia-h100
LDC_N30,27000,44624,Face-Based,CPU-Parallel,NeoN + Julia,1,gpu-nvidia-h100
LDC_N30,27000,9353,Face-Based,CPU-Parallel,NeoN + Julia,1,gpu-nvidia-h100
LDC_N30,27000,132525,Face-Based,CPU-Parallel,NeoN + Julia,1,gpu-nvidia-h100
LDC_N30,27000,24317,Face-Based,CPU-Parallel,NeoN,2,gpu-nvidia-h100
LDC_N30,27000,23466,Face-Based,CPU-Parallel,NeoN,2,gpu-nvidia-h100
LDC_N30,27000,23442,Face-Based,CPU-Parallel,NeoN,2,gpu-nvidia-h100
LDC_N30,27000,5580,Face-Based,CPU-Parallel,NeoN + Julia,2,gpu-nvidia-h100
LDC_N30,27000,3952,Face-Based,CPU-Parallel,NeoN + Julia,2,gpu-nvidia-h100
LDC_N30,27000,4145,Face-Based,CPU-Parallel,NeoN + Julia,2,gpu-nvidia-h100
LDC_N30,27000,13592,Face-Based,CPU-Parallel,NeoN,4,gpu-nvidia-h100
LDC_N30,27000,12995,Face-Based,CPU-Parallel,NeoN,4,gpu-nvidia-h100
LDC_N30,27000,13130,Face-Based,CPU-Parallel,NeoN,4,gpu-nvidia-h100
LDC_N30,27000,3539,Face-Based,CPU-Parallel,NeoN + Julia,4,gpu-nvidia-h100
LDC_N30,27000,2207,Face-Based,CPU-Parallel,NeoN + Julia,4,gpu-nvidia-h100
LDC_N30,27000,2261,Face-Based,CPU-Parallel,NeoN + Julia,4,gpu-nvidia-h100
LDC_N30,27000,8999,Face-Based,CPU-Parallel,NeoN,8,gpu-nvidia-h100
LDC_N30,27000,8234,Face-Based,CPU-Parallel,NeoN,8,gpu-nvidia-h100
LDC_N30,27000,8229,Face-Based,CPU-Parallel,NeoN,8,gpu-nvidia-h100
LDC_N30,27000,2390,Face-Based,CPU-Parallel,NeoN + Julia,8,gpu-nvidia-h100
LDC_N30,27000,1531,Face-Based,CPU-Parallel,NeoN + Julia,8,gpu-nvidia-h100
LDC_N30,27000,1342,Face-Based,CPU-Parallel,NeoN + Julia,8,gpu-nvidia-h100
LDC_N30,27000,5017,Face-Based,CPU-Parallel,NeoN,16,gpu-nvidia-h100
LDC_N30,27000,4651,Face-Based,CPU-Parallel,NeoN,16,gpu-nvidia-h100
LDC_N30,27000,4589,Face-Based,CPU-Parallel,NeoN,16,gpu-nvidia-h100
LDC_N30,27000,25783,Face-Based,CPU-Parallel,NeoN + Julia,16,gpu-nvidia-h100
LDC_N30,27000,1409,Face-Based,CPU-Parallel,NeoN + Julia,16,gpu-nvidia-h100
LDC_N30,27000,907,Face-Based,CPU-Parallel,NeoN + Julia,16,gpu-nvidia-h100
LDC_N30,27000,3297,Face-Based,CPU-Parallel,NeoN,32,gpu-nvidia-h100
LDC_N30,27000,2876,Face-Based,CPU-Parallel,NeoN,32,gpu-nvidia-h100
LDC_N30,27000,2986,Face-Based,CPU-Parallel,NeoN,32,gpu-nvidia-h100
LDC_N30,27000,5568,Face-Based,CPU-Parallel,NeoN + Julia,32,gpu-nvidia-h100
LDC_N30,27000,5452,Face-Based,CPU-Parallel,NeoN + Julia,32,gpu-nvidia-h100
LDC_N30,27000,829,Face-Based,CPU-Parallel,NeoN + Julia,32,gpu-nvidia-h100
LDC_N30,27000,2276,Face-Based,CPU-Parallel,NeoN,64,gpu-nvidia-h100
LDC_N30,27000,4015,Face-Based,CPU-Parallel,NeoN,64,gpu-nvidia-h100
LDC_N30,27000,1829,Face-Based,CPU-Parallel,NeoN,64,gpu-nvidia-h100
LDC_N30,27000,15355,Face-Based,CPU-Parallel,NeoN + Julia,64,gpu-nvidia-h100
LDC_N30,27000,17716,Face-Based,CPU-Parallel,NeoN + Julia,64,gpu-nvidia-h100
LDC_N30,27000,630,Face-Based,CPU-Parallel,NeoN + Julia,64,gpu-nvidia-h100
LDC_N30,27000,2153,Face-Based,CPU-Parallel,NeoN,128,gpu-nvidia-h100
LDC_N30,27000,1470,Face-Based,CPU-Parallel,NeoN,128,gpu-nvidia-h100
LDC_N30,27000,1407,Face-Based,CPU-Parallel,NeoN,128,gpu-nvidia-h100
LDC_N30,27000,20507,Face-Based,CPU-Parallel,NeoN + Julia,128,gpu-nvidia-h100
LDC_N30,27000,35410,Face-Based,CPU-Parallel,NeoN + Julia,128,gpu-nvidia-h100
LDC_N30,27000,20290,Face-Based,CPU-Parallel,NeoN + Julia,128,gpu-nvidia-h100
LDC_N40,64000,87410,Face-Based,CPU-Parallel,NeoN,1,gpu-nvidia-h100
LDC_N40,64000,84480,Face-Based,CPU-Parallel,NeoN,1,gpu-nvidia-h100
LDC_N40,64000,84455,Face-Based,CPU-Parallel,NeoN,1,gpu-nvidia-h100
LDC_N40,64000,143215,Face-Based,CPU-Parallel,NeoN + Julia,1,gpu-nvidia-h100
LDC_N40,64000,22021,Face-Based,CPU-Parallel,NeoN + Julia,1,gpu-nvidia-h100
LDC_N40,64000,19911,Face-Based,CPU-Parallel,NeoN + Julia,1,gpu-nvidia-h100
LDC_N40,64000,52200,Face-Based,CPU-Parallel,NeoN,2,gpu-nvidia-h100
LDC_N40,64000,51135,Face-Based,CPU-Parallel,NeoN,2,gpu-nvidia-h100
LDC_N40,64000,51132,Face-Based,CPU-Parallel,NeoN,2,gpu-nvidia-h100
LDC_N40,64000,10549,Face-Based,CPU-Parallel,NeoN + Julia,2,gpu-nvidia-h100
LDC_N40,64000,8963,Face-Based,CPU-Parallel,NeoN + Julia,2,gpu-nvidia-h100
LDC_N40,64000,9378,Face-Based,CPU-Parallel,NeoN + Julia,2,gpu-nvidia-h100
LDC_N40,64000,29296,Face-Based,CPU-Parallel,NeoN,4,gpu-nvidia-h100
LDC_N40,64000,28664,Face-Based,CPU-Parallel,NeoN,4,gpu-nvidia-h100
LDC_N40,64000,28459,Face-Based,CPU-Parallel,NeoN,4,gpu-nvidia-h100
LDC_N40,64000,6299,Face-Based,CPU-Parallel,NeoN + Julia,4,gpu-nvidia-h100
LDC_N40,64000,4499,Face-Based,CPU-Parallel,NeoN + Julia,4,gpu-nvidia-h100
LDC_N40,64000,4811,Face-Based,CPU-Parallel,NeoN + Julia,4,gpu-nvidia-h100
LDC_N40,64000,18245,Face-Based,CPU-Parallel,NeoN,8,gpu-nvidia-h100
LDC_N40,64000,18162,Face-Based,CPU-Parallel,NeoN,8,gpu-nvidia-h100
LDC_N40,64000,17871,Face-Based,CPU-Parallel,NeoN,8,gpu-nvidia-h100
LDC_N40,64000,4391,Face-Based,CPU-Parallel,NeoN + Julia,8,gpu-nvidia-h100
LDC_N40,64000,2691,Face-Based,CPU-Parallel,NeoN + Julia,8,gpu-nvidia-h100
LDC_N40,64000,2964,Face-Based,CPU-Parallel,NeoN + Julia,8,gpu-nvidia-h100
LDC_N40,64000,10189,Face-Based,CPU-Parallel,NeoN,16,gpu-nvidia-h100
LDC_N40,64000,9626,Face-Based,CPU-Parallel,NeoN,16,gpu-nvidia-h100
LDC_N40,64000,9508,Face-Based,CPU-Parallel,NeoN,16,gpu-nvidia-h100
LDC_N40,64000,3104,Face-Based,CPU-Parallel,NeoN + Julia,16,gpu-nvidia-h100
LDC_N40,64000,1772,Face-Based,CPU-Parallel,NeoN + Julia,16,gpu-nvidia-h100
LDC_N40,64000,1727,Face-Based,CPU-Parallel,NeoN + Julia,16,gpu-nvidia-h100
LDC_N40,64000,8392,Face-Based,CPU-Parallel,NeoN,32,gpu-nvidia-h100
LDC_N40,64000,5604,Face-Based,CPU-Parallel,NeoN,32,gpu-nvidia-h100
LDC_N40,64000,5407,Face-Based,CPU-Parallel,NeoN,32,gpu-nvidia-h100
LDC_N40,64000,6144,Face-Based,CPU-Parallel,NeoN + Julia,32,gpu-nvidia-h100
LDC_N40,64000,1494,Face-Based,CPU-Parallel,NeoN + Julia,32,gpu-nvidia-h100
LDC_N40,64000,1171,Face-Based,CPU-Parallel,NeoN + Julia,32,gpu-nvidia-h100
LDC_N40,64000,3913,Face-Based,CPU-Parallel,NeoN,64,gpu-nvidia-h100
LDC_N40,64000,3427,Face-Based,CPU-Parallel,NeoN,64,gpu-nvidia-h100
LDC_N40,64000,3386,Face-Based,CPU-Parallel,NeoN,64,gpu-nvidia-h100
LDC_N40,64000,5896,Face-Based,CPU-Parallel,NeoN + Julia,64,gpu-nvidia-h100
LDC_N40,64000,15312,Face-Based,CPU-Parallel,NeoN + Julia,64,gpu-nvidia-h100
LDC_N40,64000,9741,Face-Based,CPU-Parallel,NeoN + Julia,64,gpu-nvidia-h100
LDC_N40,64000,9779,Face-Based,CPU-Parallel,NeoN,128,gpu-nvidia-h100
LDC_N40,64000,2876,Face-Based,CPU-Parallel,NeoN,128,gpu-nvidia-h100
LDC_N40,64000,2809,Face-Based,CPU-Parallel,NeoN,128,gpu-nvidia-h100
LDC_N40,64000,15847,Face-Based,CPU-Parallel,NeoN + Julia,128,gpu-nvidia-h100
LDC_N40,64000,32252,Face-Based,CPU-Parallel,NeoN + Julia,128,gpu-nvidia-h100
LDC_N40,64000,24460,Face-Based,CPU-Parallel,NeoN + Julia,128,gpu-nvidia-h100
LDC_N50,125000,169672,Face-Based,CPU-Parallel,NeoN,1,gpu-nvidia-h100
LDC_N50,125000,166139,Face-Based,CPU-Parallel,NeoN,1,gpu-nvidia-h100
LDC_N50,125000,165316,Face-Based,CPU-Parallel,NeoN,1,gpu-nvidia-h100
LDC_N50,125000,39923,Face-Based,CPU-Parallel,NeoN + Julia,1,gpu-nvidia-h100
LDC_N50,125000,38642,Face-Based,CPU-Parallel,NeoN + Julia,1,gpu-nvidia-h100
LDC_N50,125000,41398,Face-Based,CPU-Parallel,NeoN + Julia,1,gpu-nvidia-h100
LDC_N50,125000,107688,Face-Based,CPU-Parallel,NeoN,2,gpu-nvidia-h100
LDC_N50,125000,102834,Face-Based,CPU-Parallel,NeoN,2,gpu-nvidia-h100
LDC_N50,125000,104511,Face-Based,CPU-Parallel,NeoN,2,gpu-nvidia-h100
LDC_N50,125000,18057,Face-Based,CPU-Parallel,NeoN + Julia,2,gpu-nvidia-h100
LDC_N50,125000,16608,Face-Based,CPU-Parallel,NeoN + Julia,2,gpu-nvidia-h100
LDC_N50,125000,152844,Face-Based,CPU-Parallel,NeoN + Julia,2,gpu-nvidia-h100
LDC_N50,125000,61059,Face-Based,CPU-Parallel,NeoN,4,gpu-nvidia-h100
LDC_N50,125000,57862,Face-Based,CPU-Parallel,NeoN,4,gpu-nvidia-h100
LDC_N50,125000,59437,Face-Based,CPU-Parallel,NeoN,4,gpu-nvidia-h100
LDC_N50,125000,10787,Face-Based,CPU-Parallel,NeoN + Julia,4,gpu-nvidia-h100
LDC_N50,125000,9016,Face-Based,CPU-Parallel,NeoN + Julia,4,gpu-nvidia-h100
LDC_N50,125000,8508,Face-Based,CPU-Parallel,NeoN + Julia,4,gpu-nvidia-h100
LDC_N50,125000,39312,Face-Based,CPU-Parallel,NeoN,8,gpu-nvidia-h100
LDC_N50,125000,36802,Face-Based,CPU-Parallel,NeoN,8,gpu-nvidia-h100
LDC_N50,125000,36640,Face-Based,CPU-Parallel,NeoN,8,gpu-nvidia-h100
LDC_N50,125000,6891,Face-Based,CPU-Parallel,NeoN + Julia,8,gpu-nvidia-h100
LDC_N50,125000,5247,Face-Based,CPU-Parallel,NeoN + Julia,8,gpu-nvidia-h100
LDC_N50,125000,5491,Face-Based,CPU-Parallel,NeoN + Julia,8,gpu-nvidia-h100
LDC_N50,125000,24470,Face-Based,CPU-Parallel,NeoN,16,gpu-nvidia-h100
LDC_N50,125000,20230,Face-Based,CPU-Parallel,NeoN,16,gpu-nvidia-h100
LDC_N50,125000,19828,Face-Based,CPU-Parallel,NeoN,16,gpu-nvidia-h100
LDC_N50,125000,4622,Face-Based,CPU-Parallel,NeoN + Julia,16,gpu-nvidia-h100
LDC_N50,125000,3259,Face-Based,CPU-Parallel,NeoN + Julia,16,gpu-nvidia-h100
LDC_N50,125000,27314,Face-Based,CPU-Parallel,NeoN + Julia,16,gpu-nvidia-h100
LDC_N50,125000,11627,Face-Based,CPU-Parallel,NeoN,32,gpu-nvidia-h100
LDC_N50,125000,10917,Face-Based,CPU-Parallel,NeoN,32,gpu-nvidia-h100
LDC_N50,125000,11023,Face-Based,CPU-Parallel,NeoN,32,gpu-nvidia-h100
LDC_N50,125000,7367,Face-Based,CPU-Parallel,NeoN + Julia,32,gpu-nvidia-h100
LDC_N50,125000,6661,Face-Based,CPU-Parallel,NeoN + Julia,32,gpu-nvidia-h100
LDC_N50,125000,2187,Face-Based,CPU-Parallel,NeoN + Julia,32,gpu-nvidia-h100
LDC_N50,125000,8242,Face-Based,CPU-Parallel,NeoN,64,gpu-nvidia-h100
LDC_N50,125000,7603,Face-Based,CPU-Parallel,NeoN,64,gpu-nvidia-h100
LDC_N50,125000,7585,Face-Based,CPU-Parallel,NeoN,64,gpu-nvidia-h100
LDC_N50,125000,20621,Face-Based,CPU-Parallel,NeoN + Julia,64,gpu-nvidia-h100
LDC_N50,125000,1499,Face-Based,CPU-Parallel,NeoN + Julia,64,gpu-nvidia-h100
LDC_N50,125000,1312,Face-Based,CPU-Parallel,NeoN + Julia,64,gpu-nvidia-h100
LDC_N50,125000,16586,Face-Based,CPU-Parallel,NeoN,128,gpu-nvidia-h100
LDC_N50,125000,5261,Face-Based,CPU-Parallel,NeoN,128,gpu-nvidia-h100
LDC_N50,125000,5008,Face-Based,CPU-Parallel,NeoN,128,gpu-nvidia-h100
LDC_N50,125000,24298,Face-Based,CPU-Parallel,NeoN + Julia,128,gpu-nvidia-h100
LDC_N50,125000,25083,Face-Based,CPU-Parallel,NeoN + Julia,128,gpu-nvidia-h100
LDC_N50,125000,28159,Face-Based,CPU-Parallel,NeoN + Julia,128,gpu-nvidia-h100
LDC_N60,216000,287461,Face-Based,CPU-Parallel,NeoN,1,gpu-nvidia-h100
LDC_N60,216000,281226,Face-Based,CPU-Parallel,NeoN,1,gpu-nvidia-h100
LDC_N60,216000,281691,Face-Based,CPU-Parallel,NeoN,1,gpu-nvidia-h100
LDC_N60,216000,65999,Face-Based,CPU-Parallel,NeoN + Julia,1,gpu-nvidia-h100
LDC_N60,216000,67173,Face-Based,CPU-Parallel,NeoN + Julia,1,gpu-nvidia-h100
LDC_N60,216000,65049,Face-Based,CPU-Parallel,NeoN + Julia,1,gpu-nvidia-h100
LDC_N60,216000,176348,Face-Based,CPU-Parallel,NeoN,2,gpu-nvidia-h100
LDC_N60,216000,172065,Face-Based,CPU-Parallel,NeoN,2,gpu-nvidia-h100
LDC_N60,216000,174180,Face-Based,CPU-Parallel,NeoN,2,gpu-nvidia-h100
LDC_N60,216000,29893,Face-Based,CPU-Parallel,NeoN + Julia,2,gpu-nvidia-h100
LDC_N60,216000,151982,Face-Based,CPU-Parallel,NeoN + Julia,2,gpu-nvidia-h100
LDC_N60,216000,27749,Face-Based,CPU-Parallel,NeoN + Julia,2,gpu-nvidia-h100
LDC_N60,216000,100058,Face-Based,CPU-Parallel,NeoN,4,gpu-nvidia-h100
LDC_N60,216000,98713,Face-Based,CPU-Parallel,NeoN,4,gpu-nvidia-h100
LDC_N60,216000,99082,Face-Based,CPU-Parallel,NeoN,4,gpu-nvidia-h100
LDC_N60,216000,17140,Face-Based,CPU-Parallel,NeoN + Julia,4,gpu-nvidia-h100
LDC_N60,216000,15594,Face-Based,CPU-Parallel,NeoN + Julia,4,gpu-nvidia-h100
LDC_N60,216000,14139,Face-Based,CPU-Parallel,NeoN + Julia,4,gpu-nvidia-h100
LDC_N60,216000,70273,Face-Based,CPU-Parallel,NeoN,8,gpu-nvidia-h100
LDC_N60,216000,66288,Face-Based,CPU-Parallel,NeoN,8,gpu-nvidia-h100
LDC_N60,216000,66250,Face-Based,CPU-Parallel,NeoN,8,gpu-nvidia-h100
LDC_N60,216000,10618,Face-Based,CPU-Parallel,NeoN + Julia,8,gpu-nvidia-h100
LDC_N60,216000,7596,Face-Based,CPU-Parallel,NeoN + Julia,8,gpu-nvidia-h100
LDC_N60,216000,8919,Face-Based,CPU-Parallel,NeoN + Julia,8,gpu-nvidia-h100
LDC_N60,216000,34028,Face-Based,CPU-Parallel,NeoN,16,gpu-nvidia-h100
LDC_N60,216000,37331,Face-Based,CPU-Parallel,NeoN,16,gpu-nvidia-h100
LDC_N60,216000,33290,Face-Based,CPU-Parallel,NeoN,16,gpu-nvidia-h100
LDC_N60,216000,6376,Face-Based,CPU-Parallel,NeoN + Julia,16,gpu-nvidia-h100
LDC_N60,216000,4686,Face-Based,CPU-Parallel,NeoN + Julia,16,gpu-nvidia-h100
LDC_N60,216000,14635,Face-Based,CPU-Parallel,NeoN + Julia,16,gpu-nvidia-h100
LDC_N60,216000,19012,Face-Based,CPU-Parallel,NeoN,32,gpu-nvidia-h100
LDC_N60,216000,19618,Face-Based,CPU-Parallel,NeoN,32,gpu-nvidia-h100
LDC_N60,216000,18144,Face-Based,CPU-Parallel,NeoN,32,gpu-nvidia-h100
LDC_N60,216000,4249,Face-Based,CPU-Parallel,NeoN + Julia,32,gpu-nvidia-h100
LDC_N60,216000,3105,Face-Based,CPU-Parallel,NeoN + Julia,32,gpu-nvidia-h100
LDC_N60,216000,2766,Face-Based,CPU-Parallel,NeoN + Julia,32,gpu-nvidia-h100
LDC_N60,216000,13496,Face-Based,CPU-Parallel,NeoN,64,gpu-nvidia-h100
LDC_N60,216000,13739,Face-Based,CPU-Parallel,NeoN,64,gpu-nvidia-h100
LDC_N60,216000,12596,Face-Based,CPU-Parallel,NeoN,64,gpu-nvidia-h100
LDC_N60,216000,21669,Face-Based,CPU-Parallel,NeoN + Julia,64,gpu-nvidia-h100
LDC_N60,216000,20994,Face-Based,CPU-Parallel,NeoN + Julia,64,gpu-nvidia-h100
LDC_N60,216000,17158,Face-Based,CPU-Parallel,NeoN + Julia,64,gpu-nvidia-h100
LDC_N60,216000,9173,Face-Based,CPU-Parallel,NeoN,128,gpu-nvidia-h100
LDC_N60,216000,8319,Face-Based,CPU-Parallel,NeoN,128,gpu-nvidia-h100
LDC_N60,216000,8091,Face-Based,CPU-Parallel,NeoN,128,gpu-nvidia-h100
LDC_N60,216000,21633,Face-Based,CPU-Parallel,NeoN + Julia,128,gpu-nvidia-h100
LDC_N60,216000,24187,Face-Based,CPU-Parallel,NeoN + Julia,128,gpu-nvidia-h100
LDC_N60,216000,27506,Face-Based,CPU-Parallel,NeoN + Julia,128,gpu-nvidia-h100
LDC_N70,343000,465516,Face-Based,CPU-Parallel,NeoN,1,gpu-nvidia-h100
LDC_N70,343000,454279,Face-Based,CPU-Parallel,NeoN,1,gpu-nvidia-h100
LDC_N70,343000,461005,Face-Based,CPU-Parallel,NeoN,1,gpu-nvidia-h100
LDC_N70,343000,104365,Face-Based,CPU-Parallel,NeoN + Julia,1,gpu-nvidia-h100
LDC_N70,343000,104884,Face-Based,CPU-Parallel,NeoN + Julia,1,gpu-nvidia-h100
LDC_N70,343000,105734,Face-Based,CPU-Parallel,NeoN + Julia,1,gpu-nvidia-h100
LDC_N70,343000,299628,Face-Based,CPU-Parallel,NeoN,2,gpu-nvidia-h100
LDC_N70,343000,290107,Face-Based,CPU-Parallel,NeoN,2,gpu-nvidia-h100
LDC_N70,343000,294956,Face-Based,CPU-Parallel,NeoN,2,gpu-nvidia-h100
LDC_N70,343000,175769,Face-Based,CPU-Parallel,NeoN + Julia,2,gpu-nvidia-h100
LDC_N70,343000,44620,Face-Based,CPU-Parallel,NeoN + Julia,2,gpu-nvidia-h100
LDC_N70,343000,44134,Face-Based,CPU-Parallel,NeoN + Julia,2,gpu-nvidia-h100
LDC_N70,343000,162721,Face-Based,CPU-Parallel,NeoN,4,gpu-nvidia-h100
LDC_N70,343000,159669,Face-Based,CPU-Parallel,NeoN,4,gpu-nvidia-h100
LDC_N70,343000,159478,Face-Based,CPU-Parallel,NeoN,4,gpu-nvidia-h100
LDC_N70,343000,24978,Face-Based,CPU-Parallel,NeoN + Julia,4,gpu-nvidia-h100
LDC_N70,343000,21756,Face-Based,CPU-Parallel,NeoN + Julia,4,gpu-nvidia-h100
LDC_N70,343000,23174,Face-Based,CPU-Parallel,NeoN + Julia,4,gpu-nvidia-h100
LDC_N70,343000,100994,Face-Based,CPU-Parallel,NeoN,8,gpu-nvidia-h100
LDC_N70,343000,98485,Face-Based,CPU-Parallel,NeoN,8,gpu-nvidia-h100
LDC_N70,343000,96585,Face-Based,CPU-Parallel,NeoN,8,gpu-nvidia-h100
LDC_N70,343000,15691,Face-Based,CPU-Parallel,NeoN + Julia,8,gpu-nvidia-h100
LDC_N70,343000,11617,Face-Based,CPU-Parallel,NeoN + Julia,8,gpu-nvidia-h100
LDC_N70,343000,13663,Face-Based,CPU-Parallel,NeoN + Julia,8,gpu-nvidia-h100
LDC_N70,343000,59546,Face-Based,CPU-Parallel,NeoN,16,gpu-nvidia-h100
LDC_N70,343000,57906,Face-Based,CPU-Parallel,NeoN,16,gpu-nvidia-h100
LDC_N70,343000,52387,Face-Based,CPU-Parallel,NeoN,16,gpu-nvidia-h100
LDC_N70,343000,7978,Face-Based,CPU-Parallel,NeoN + Julia,16,gpu-nvidia-h100
LDC_N70,343000,7956,Face-Based,CPU-Parallel,NeoN + Julia,16,gpu-nvidia-h100
LDC_N70,343000,17475,Face-Based,CPU-Parallel,NeoN + Julia,16,gpu-nvidia-h100
LDC_N70,343000,29850,Face-Based,CPU-Parallel,NeoN,32,gpu-nvidia-h100
LDC_N70,343000,29105,Face-Based,CPU-Parallel,NeoN,32,gpu-nvidia-h100
LDC_N70,343000,28633,Face-Based,CPU-Parallel,NeoN,32,gpu-nvidia-h100
LDC_N70,343000,10425,Face-Based,CPU-Parallel,NeoN + Julia,32,gpu-nvidia-h100
LDC_N70,343000,5336,Face-Based,CPU-Parallel,NeoN + Julia,32,gpu-nvidia-h100
LDC_N70,343000,11025,Face-Based,CPU-Parallel,NeoN + Julia,32,gpu-nvidia-h100
LDC_N70,343000,20409,Face-Based,CPU-Parallel,NeoN,64,gpu-nvidia-h100
LDC_N70,343000,19612,Face-Based,CPU-Parallel,NeoN,64,gpu-nvidia-h100
LDC_N70,343000,19537,Face-Based,CPU-Parallel,NeoN,64,gpu-nvidia-h100
LDC_N70,343000,22019,Face-Based,CPU-Parallel,NeoN + Julia,64,gpu-nvidia-h100
LDC_N70,343000,42876,Face-Based,CPU-Parallel,NeoN + Julia,64,gpu-nvidia-h100
LDC_N70,343000,4256,Face-Based,CPU-Parallel,NeoN + Julia,64,gpu-nvidia-h100
LDC_N70,343000,12932,Face-Based,CPU-Parallel,NeoN,128,gpu-nvidia-h100
LDC_N70,343000,12170,Face-Based,CPU-Parallel,NeoN,128,gpu-nvidia-h100
LDC_N70,343000,12104,Face-Based,CPU-Parallel,NeoN,128,gpu-nvidia-h100
LDC_N70,343000,31097,Face-Based,CPU-Parallel,NeoN + Julia,128,gpu-nvidia-h100
LDC_N70,343000,27163,Face-Based,CPU-Parallel,NeoN + Julia,128,gpu-nvidia-h100
LDC_N70,343000,22853,Face-Based,CPU-Parallel,NeoN + Julia,128,gpu-nvidia-h100
LDC_N80,512000,681786,Face-Based,CPU-Parallel,NeoN,1,gpu-nvidia-h100
LDC_N80,512000,675840,Face-Based,CPU-Parallel,NeoN,1,gpu-nvidia-h100
LDC_N80,512000,665796,Face-Based,CPU-Parallel,NeoN,1,gpu-nvidia-h100
LDC_N80,512000,152738,Face-Based,CPU-Parallel,NeoN + Julia,1,gpu-nvidia-h100
LDC_N80,512000,155299,Face-Based,CPU-Parallel,NeoN + Julia,1,gpu-nvidia-h100
LDC_N80,512000,152171,Face-Based,CPU-Parallel,NeoN + Julia,1,gpu-nvidia-h100
LDC_N80,512000,401728,Face-Based,CPU-Parallel,NeoN,2,gpu-nvidia-h100
LDC_N80,512000,398888,Face-Based,CPU-Parallel,NeoN,2,gpu-nvidia-h100
LDC_N80,512000,399160,Face-Based,CPU-Parallel,NeoN,2,gpu-nvidia-h100
LDC_N80,512000,64289,Face-Based,CPU-Parallel,NeoN + Julia,2,gpu-nvidia-h100
LDC_N80,512000,67913,Face-Based,CPU-Parallel,NeoN + Julia,2,gpu-nvidia-h100
LDC_N80,512000,64314,Face-Based,CPU-Parallel,NeoN + Julia,2,gpu-nvidia-h100
LDC_N80,512000,226489,Face-Based,CPU-Parallel,NeoN,4,gpu-nvidia-h100
LDC_N80,512000,230522,Face-Based,CPU-Parallel,NeoN,4,gpu-nvidia-h100
LDC_N80,512000,227822,Face-Based,CPU-Parallel,NeoN,4,gpu-nvidia-h100
LDC_N80,512000,35285,Face-Based,CPU-Parallel,NeoN + Julia,4,gpu-nvidia-h100
LDC_N80,512000,33031,Face-Based,CPU-Parallel,NeoN + Julia,4,gpu-nvidia-h100
LDC_N80,512000,32708,Face-Based,CPU-Parallel,NeoN + Julia,4,gpu-nvidia-h100
LDC_N80,512000,138751,Face-Based,CPU-Parallel,NeoN,8,gpu-nvidia-h100
LDC_N80,512000,139040,Face-Based,CPU-Parallel,NeoN,8,gpu-nvidia-h100
LDC_N80,512000,137696,Face-Based,CPU-Parallel,NeoN,8,gpu-nvidia-h100
LDC_N80,512000,22392,Face-Based,CPU-Parallel,NeoN + Julia,8,gpu-nvidia-h100
LDC_N80,512000,20939,Face-Based,CPU-Parallel,NeoN + Julia,8,gpu-nvidia-h100
LDC_N80,512000,20726,Face-Based,CPU-Parallel,NeoN + Julia,8,gpu-nvidia-h100
LDC_N80,512000,73512,Face-Based,CPU-Parallel,NeoN,16,gpu-nvidia-h100
LDC_N80,512000,74325,Face-Based,CPU-Parallel,NeoN,16,gpu-nvidia-h100
LDC_N80,512000,72657,Face-Based,CPU-Parallel,NeoN,16,gpu-nvidia-h100
LDC_N80,512000,12157,Face-Based,CPU-Parallel,NeoN + Julia,16,gpu-nvidia-h100
LDC_N80,512000,10994,Face-Based,CPU-Parallel,NeoN + Julia,16,gpu-nvidia-h100
LDC_N80,512000,17104,Face-Based,CPU-Parallel,NeoN + Julia,16,gpu-nvidia-h100
LDC_N80,512000,40895,Face-Based,CPU-Parallel,NeoN,32,gpu-nvidia-h100
LDC_N80,512000,40078,Face-Based,CPU-Parallel,NeoN,32,gpu-nvidia-h100
LDC_N80,512000,40483,Face-Based,CPU-Parallel,NeoN,32,gpu-nvidia-h100
LDC_N80,512000,12526,Face-Based,CPU-Parallel,NeoN + Julia,32,gpu-nvidia-h100
LDC_N80,512000,6974,Face-Based,CPU-Parallel,NeoN + Julia,32,gpu-nvidia-h100
LDC_N80,512000,13269,Face-Based,CPU-Parallel,NeoN + Julia,32,gpu-nvidia-h100
LDC_N80,512000,27868,Face-Based,CPU-Parallel,NeoN,64,gpu-nvidia-h100
LDC_N80,512000,27268,Face-Based,CPU-Parallel,NeoN,64,gpu-nvidia-h100
LDC_N80,512000,36722,Face-Based,CPU-Parallel,NeoN,64,gpu-nvidia-h100
LDC_N80,512000,13800,Face-Based,CPU-Parallel,NeoN + Julia,64,gpu-nvidia-h100
LDC_N80,512000,22008,Face-Based,CPU-Parallel,NeoN + Julia,64,gpu-nvidia-h100
LDC_N80,512000,4892,Face-Based,CPU-Parallel,NeoN + Julia,64,gpu-nvidia-h100
LDC_N80,512000,18571,Face-Based,CPU-Parallel,NeoN,128,gpu-nvidia-h100
LDC_N80,512000,17530,Face-Based,CPU-Parallel,NeoN,128,gpu-nvidia-h100
LDC_N80,512000,17413,Face-Based,CPU-Parallel,NeoN,128,gpu-nvidia-h100
LDC_N80,512000,33336,Face-Based,CPU-Parallel,NeoN + Julia,128,gpu-nvidia-h100
LDC_N80,512000,31498,Face-Based,CPU-Parallel,NeoN + Julia,128,gpu-nvidia-h100
LDC_N80,512000,27178,Face-Based,CPU-Parallel,NeoN + Julia,128,gpu-nvidia-h100
LDC_N90,729000,961985,Face-Based,CPU-Parallel,NeoN,1,gpu-nvidia-h100
LDC_N90,729000,945339,Face-Based,CPU-Parallel,NeoN,1,gpu-nvidia-h100
LDC_N90,729000,933777,Face-Based,CPU-Parallel,NeoN,1,gpu-nvidia-h100
LDC_N90,729000,216609,Face-Based,CPU-Parallel,NeoN + Julia,1,gpu-nvidia-h100
LDC_N90,729000,218426,Face-Based,CPU-Parallel,NeoN + Julia,1,gpu-nvidia-h100
LDC_N90,729000,213698,Face-Based,CPU-Parallel,NeoN + Julia,1,gpu-nvidia-h100
LDC_N90,729000,758835,Face-Based,CPU-Parallel,NeoN,2,gpu-nvidia-h100
LDC_N90,729000,747066,Face-Based,CPU-Parallel,NeoN,2,gpu-nvidia-h100
LDC_N90,729000,745319,Face-Based,CPU-Parallel,NeoN,2,gpu-nvidia-h100
LDC_N90,729000,93140,Face-Based,CPU-Parallel,NeoN + Julia,2,gpu-nvidia-h100
LDC_N90,729000,92690,Face-Based,CPU-Parallel,NeoN + Julia,2,gpu-nvidia-h100
LDC_N90,729000,91877,Face-Based,CPU-Parallel,NeoN + Julia,2,gpu-nvidia-h100
LDC_N90,729000,345422,Face-Based,CPU-Parallel,NeoN,4,gpu-nvidia-h100
LDC_N90,729000,334883,Face-Based,CPU-Parallel,NeoN,4,gpu-nvidia-h100
LDC_N90,729000,339352,Face-Based,CPU-Parallel,NeoN,4,gpu-nvidia-h100
LDC_N90,729000,50541,Face-Based,CPU-Parallel,NeoN + Julia,4,gpu-nvidia-h100
LDC_N90,729000,49931,Face-Based,CPU-Parallel,NeoN + Julia,4,gpu-nvidia-h100
LDC_N90,729000,50085,Face-Based,CPU-Parallel,NeoN + Julia,4,gpu-nvidia-h100
LDC_N90,729000,209433,Face-Based,CPU-Parallel,NeoN,8,gpu-nvidia-h100
LDC_N90,729000,212493,Face-Based,CPU-Parallel,NeoN,8,gpu-nvidia-h100
LDC_N90,729000,201917,Face-Based,CPU-Parallel,NeoN,8,gpu-nvidia-h100
LDC_N90,729000,29213,Face-Based,CPU-Parallel,NeoN + Julia,8,gpu-nvidia-h100
LDC_N90,729000,35004,Face-Based,CPU-Parallel,NeoN + Julia,8,gpu-nvidia-h100
LDC_N90,729000,27387,Face-Based,CPU-Parallel,NeoN + Julia,8,gpu-nvidia-h100
LDC_N90,729000,117441,Face-Based,CPU-Parallel,NeoN,16,gpu-nvidia-h100
LDC_N90,729000,113518,Face-Based,CPU-Parallel,NeoN,16,gpu-nvidia-h100
LDC_N90,729000,112280,Face-Based,CPU-Parallel,NeoN,16,gpu-nvidia-h100
LDC_N90,729000,16103,Face-Based,CPU-Parallel,NeoN + Julia,16,gpu-nvidia-h100
LDC_N90,729000,14709,Face-Based,CPU-Parallel,NeoN + Julia,16,gpu-nvidia-h100
LDC_N90,729000,35434,Face-Based,CPU-Parallel,NeoN + Julia,16,gpu-nvidia-h100
LDC_N90,729000,60261,Face-Based,CPU-Parallel,NeoN,32,gpu-nvidia-h100
LDC_N90,729000,59964,Face-Based,CPU-Parallel,NeoN,32,gpu-nvidia-h100
LDC_N90,729000,59010,Face-Based,CPU-Parallel,NeoN,32,gpu-nvidia-h100
LDC_N90,729000,13116,Face-Based,CPU-Parallel,NeoN + Julia,32,gpu-nvidia-h100
LDC_N90,729000,8673,Face-Based,CPU-Parallel,NeoN + Julia,32,gpu-nvidia-h100
LDC_N90,729000,27775,Face-Based,CPU-Parallel,NeoN + Julia,32,gpu-nvidia-h100
LDC_N90,729000,38843,Face-Based,CPU-Parallel,NeoN,64,gpu-nvidia-h100
LDC_N90,729000,37404,Face-Based,CPU-Parallel,NeoN,64,gpu-nvidia-h100
LDC_N90,729000,37655,Face-Based,CPU-Parallel,NeoN,64,gpu-nvidia-h100
LDC_N90,729000,42597,Face-Based,CPU-Parallel,NeoN + Julia,64,gpu-nvidia-h100
LDC_N90,729000,20087,Face-Based,CPU-Parallel,NeoN + Julia,64,gpu-nvidia-h100
LDC_N90,729000,22627,Face-Based,CPU-Parallel,NeoN + Julia,64,gpu-nvidia-h100
LDC_N90,729000,26462,Face-Based,CPU-Parallel,NeoN,128,gpu-nvidia-h100
LDC_N90,729000,25544,Face-Based,CPU-Parallel,NeoN,128,gpu-nvidia-h100
LDC_N90,729000,24554,Face-Based,CPU-Parallel,NeoN,128,gpu-nvidia-h100
LDC_N90,729000,23932,Face-Based,CPU-Parallel,NeoN + Julia,128,gpu-nvidia-h100
LDC_N90,729000,27719,Face-Based,CPU-Parallel,NeoN + Julia,128,gpu-nvidia-h100
LDC_N90,729000,27496,Face-Based,CPU-Parallel,NeoN + Julia,128,gpu-nvidia-h100
LDC_N100,1000000,1308469,Face-Based,CPU-Parallel,NeoN,1,gpu-nvidia-h100
LDC_N100,1000000,1329869,Face-Based,CPU-Parallel,NeoN,1,gpu-nvidia-h100
LDC_N100,1000000,1298776,Face-Based,CPU-Parallel,NeoN,1,gpu-nvidia-h100
LDC_N100,1000000,296408,Face-Based,CPU-Parallel,NeoN + Julia,1,gpu-nvidia-h100
LDC_N100,1000000,302353,Face-Based,CPU-Parallel,NeoN + Julia,1,gpu-nvidia-h100
LDC_N100,1000000,298799,Face-Based,CPU-Parallel,NeoN + Julia,1,gpu-nvidia-h100
LDC_N100,1000000,841543,Face-Based,CPU-Parallel,NeoN,2,gpu-nvidia-h100
LDC_N100,1000000,827483,Face-Based,CPU-Parallel,NeoN,2,gpu-nvidia-h100
LDC_N100,1000000,826216,Face-Based,CPU-Parallel,NeoN,2,gpu-nvidia-h100
LDC_N100,1000000,122225,Face-Based,CPU-Parallel,NeoN + Julia,2,gpu-nvidia-h100
LDC_N100,1000000,122119,Face-Based,CPU-Parallel,NeoN + Julia,2,gpu-nvidia-h100
LDC_N100,1000000,123308,Face-Based,CPU-Parallel,NeoN + Julia,2,gpu-nvidia-h100
LDC_N100,1000000,462861,Face-Based,CPU-Parallel,NeoN,4,gpu-nvidia-h100
LDC_N100,1000000,463234,Face-Based,CPU-Parallel,NeoN,4,gpu-nvidia-h100
LDC_N100,1000000,462182,Face-Based,CPU-Parallel,NeoN,4,gpu-nvidia-h100
LDC_N100,1000000,64556,Face-Based,CPU-Parallel,NeoN + Julia,4,gpu-nvidia-h100
LDC_N100,1000000,63804,Face-Based,CPU-Parallel,NeoN + Julia,4,gpu-nvidia-h100
LDC_N100,1000000,71814,Face-Based,CPU-Parallel,NeoN + Julia,4,gpu-nvidia-h100
LDC_N100,1000000,288842,Face-Based,CPU-Parallel,NeoN,8,gpu-nvidia-h100
LDC_N100,1000000,290268,Face-Based,CPU-Parallel,NeoN,8,gpu-nvidia-h100
LDC_N100,1000000,291857,Face-Based,CPU-Parallel,NeoN,8,gpu-nvidia-h100
LDC_N100,1000000,42258,Face-Based,CPU-Parallel,NeoN + Julia,8,gpu-nvidia-h100
LDC_N100,1000000,33552,Face-Based,CPU-Parallel,NeoN + Julia,8,gpu-nvidia-h100
LDC_N100,1000000,32193,Face-Based,CPU-Parallel,NeoN + Julia,8,gpu-nvidia-h100
LDC_N100,1000000,165025,Face-Based,CPU-Parallel,NeoN,16,gpu-nvidia-h100
LDC_N100,1000000,157451,Face-Based,CPU-Parallel,NeoN,16,gpu-nvidia-h100
LDC_N100,1000000,158818,Face-Based,CPU-Parallel,NeoN,16,gpu-nvidia-h100
LDC_N100,1000000,21246,Face-Based,CPU-Parallel,NeoN + Julia,16,gpu-nvidia-h100
LDC_N100,1000000,20488,Face-Based,CPU-Parallel,NeoN + Julia,16,gpu-nvidia-h100
LDC_N100,1000000,42287,Face-Based,CPU-Parallel,NeoN + Julia,16,gpu-nvidia-h100
LDC_N100,1000000,83764,Face-Based,CPU-Parallel,NeoN,32,gpu-nvidia-h100
LDC_N100,1000000,82778,Face-Based,CPU-Parallel,NeoN,32,gpu-nvidia-h100
LDC_N100,1000000,82930,Face-Based,CPU-Parallel,NeoN,32,gpu-nvidia-h100
LDC_N100,1000000,22113,Face-Based,CPU-Parallel,NeoN + Julia,32,gpu-nvidia-h100
LDC_N100,1000000,11098,Face-Based,CPU-Parallel,NeoN + Julia,32,gpu-nvidia-h100
LDC_N100,1000000,29746,Face-Based,CPU-Parallel,NeoN + Julia,32,gpu-nvidia-h100
LDC_N100,1000000,64521,Face-Based,CPU-Parallel,NeoN,64,gpu-nvidia-h100
LDC_N100,1000000,51453,Face-Based,CPU-Parallel,NeoN,64,gpu-nvidia-h100
LDC_N100,1000000,51408,Face-Based,CPU-Parallel,NeoN,64,gpu-nvidia-h100
LDC_N100,1000000,28310,Face-Based,CPU-Parallel,NeoN + Julia,64,gpu-nvidia-h100
LDC_N100,1000000,22982,Face-Based,CPU-Parallel,NeoN + Julia,64,gpu-nvidia-h100
LDC_N100,1000000,25579,Face-Based,CPU-Parallel,NeoN + Julia,64,gpu-nvidia-h100
LDC_N100,1000000,34461,Face-Based,CPU-Parallel,NeoN,128,gpu-nvidia-h100
LDC_N100,1000000,32276,Face-Based,CPU-Parallel,NeoN,128,gpu-nvidia-h100
LDC_N100,1000000,32078,Face-Based,CPU-Parallel,NeoN,128,gpu-nvidia-h100
LDC_N100,1000000,49701,Face-Based,CPU-Parallel,NeoN + Julia,128,gpu-nvidia-h100
LDC_N100,1000000,26262,Face-Based,CPU-Parallel,NeoN + Julia,128,gpu-nvidia-h100
LDC_N100,1000000,50878,Face-Based,CPU-Parallel,NeoN + Julia,128,gpu-nvidia-h100
LDC_N110,1331000,1744899,Face-Based,CPU-Parallel,NeoN,1,gpu-nvidia-h100
LDC_N110,1331000,1733240,Face-Based,CPU-Parallel,NeoN,1,gpu-nvidia-h100
LDC_N110,1331000,1729146,Face-Based,CPU-Parallel,NeoN,1,gpu-nvidia-h100
LDC_N110,1331000,389552,Face-Based,CPU-Parallel,NeoN + Julia,1,gpu-nvidia-h100
LDC_N110,1331000,389515,Face-Based,CPU-Parallel,NeoN + Julia,1,gpu-nvidia-h100
LDC_N110,1331000,390485,Face-Based,CPU-Parallel,NeoN + Julia,1,gpu-nvidia-h100
LDC_N110,1331000,1078140,Face-Based,CPU-Parallel,NeoN,2,gpu-nvidia-h100
LDC_N110,1331000,1066425,Face-Based,CPU-Parallel,NeoN,2,gpu-nvidia-h100
LDC_N110,1331000,1053598,Face-Based,CPU-Parallel,NeoN,2,gpu-nvidia-h100
LDC_N110,1331000,161082,Face-Based,CPU-Parallel,NeoN + Julia,2,gpu-nvidia-h100
LDC_N110,1331000,161389,Face-Based,CPU-Parallel,NeoN + Julia,2,gpu-nvidia-h100
LDC_N110,1331000,162088,Face-Based,CPU-Parallel,NeoN + Julia,2,gpu-nvidia-h100
LDC_N110,1331000,602834,Face-Based,CPU-Parallel,NeoN,4,gpu-nvidia-h100
LDC_N110,1331000,601922,Face-Based,CPU-Parallel,NeoN,4,gpu-nvidia-h100
LDC_N110,1331000,601671,Face-Based,CPU-Parallel,NeoN,4,gpu-nvidia-h100
LDC_N110,1331000,84086,Face-Based,CPU-Parallel,NeoN + Julia,4,gpu-nvidia-h100
LDC_N110,1331000,83169,Face-Based,CPU-Parallel,NeoN + Julia,4,gpu-nvidia-h100
LDC_N110,1331000,89595,Face-Based,CPU-Parallel,NeoN + Julia,4,gpu-nvidia-h100
LDC_N110,1331000,379572,Face-Based,CPU-Parallel,NeoN,8,gpu-nvidia-h100
LDC_N110,1331000,373122,Face-Based,CPU-Parallel,NeoN,8,gpu-nvidia-h100
LDC_N110,1331000,378631,Face-Based,CPU-Parallel,NeoN,8,gpu-nvidia-h100
LDC_N110,1331000,55447,Face-Based,CPU-Parallel,NeoN + Julia,8,gpu-nvidia-h100
LDC_N110,1331000,43935,Face-Based,CPU-Parallel,NeoN + Julia,8,gpu-nvidia-h100
LDC_N110,1331000,65302,Face-Based,CPU-Parallel,NeoN + Julia,8,gpu-nvidia-h100
LDC_N110,1331000,210296,Face-Based,CPU-Parallel,NeoN,16,gpu-nvidia-h100
LDC_N110,1331000,204172,Face-Based,CPU-Parallel,NeoN,16,gpu-nvidia-h100
LDC_N110,1331000,206709,Face-Based,CPU-Parallel,NeoN,16,gpu-nvidia-h100
LDC_N110,1331000,29313,Face-Based,CPU-Parallel,NeoN + Julia,16,gpu-nvidia-h100
LDC_N110,1331000,50970,Face-Based,CPU-Parallel,NeoN + Julia,16,gpu-nvidia-h100
LDC_N110,1331000,29206,Face-Based,CPU-Parallel,NeoN + Julia,16,gpu-nvidia-h100
LDC_N110,1331000,108852,Face-Based,CPU-Parallel,NeoN,32,gpu-nvidia-h100
LDC_N110,1331000,108306,Face-Based,CPU-Parallel,NeoN,32,gpu-nvidia-h100
LDC_N110,1331000,106903,Face-Based,CPU-Parallel,NeoN,32,gpu-nvidia-h100
LDC_N110,1331000,19213,Face-Based,CPU-Parallel,NeoN + Julia,32,gpu-nvidia-h100
LDC_N110,1331000,18816,Face-Based,CPU-Parallel,NeoN + Julia,32,gpu-nvidia-h100
LDC_N110,1331000,14711,Face-Based,CPU-Parallel,NeoN + Julia,32,gpu-nvidia-h100
LDC_N110,1331000,67115,Face-Based,CPU-Parallel,NeoN,64,gpu-nvidia-h100
LDC_N110,1331000,66412,Face-Based,CPU-Parallel,NeoN,64,gpu-nvidia-h100
LDC_N110,1331000,66070,Face-Based,CPU-Parallel,NeoN,64,gpu-nvidia-h100
LDC_N110,1331000,21463,Face-Based,CPU-Parallel,NeoN + Julia,64,gpu-nvidia-h100
LDC_N110,1331000,23932,Face-Based,CPU-Parallel,NeoN + Julia,64,gpu-nvidia-h100
LDC_N110,1331000,17709,Face-Based,CPU-Parallel,NeoN + Julia,64,gpu-nvidia-h100
LDC_N110,1331000,69537,Face-Based,CPU-Parallel,NeoN,128,gpu-nvidia-h100
LDC_N110,1331000,43799,Face-Based,CPU-Parallel,NeoN,128,gpu-nvidia-h100
LDC_N110,1331000,42276,Face-Based,CPU-Parallel,NeoN,128,gpu-nvidia-h100
LDC_N110,1331000,32029,Face-Based,CPU-Parallel,NeoN + Julia,128,gpu-nvidia-h100
LDC_N110,1331000,31552,Face-Based,CPU-Parallel,NeoN + Julia,128,gpu-nvidia-h100
LDC_N110,1331000,28135,Face-Based,CPU-Parallel,NeoN + Julia,128,gpu-nvidia-h100
LDC_N120,1728000,2260293,Face-Based,CPU-Parallel,NeoN,1,gpu-nvidia-h100
LDC_N120,1728000,2239302,Face-Based,CPU-Parallel,NeoN,1,gpu-nvidia-h100
LDC_N120,1728000,2233357,Face-Based,CPU-Parallel,NeoN,1,gpu-nvidia-h100
LDC_N120,1728000,516817,Face-Based,CPU-Parallel,NeoN + Julia,1,gpu-nvidia-h100
LDC_N120,1728000,516066,Face-Based,CPU-Parallel,NeoN + Julia,1,gpu-nvidia-h100
LDC_N120,1728000,514827,Face-Based,CPU-Parallel,NeoN + Julia,1,gpu-nvidia-h100
LDC_N120,1728000,1422759,Face-Based,CPU-Parallel,NeoN,2,gpu-nvidia-h100
LDC_N120,1728000,1429125,Face-Based,CPU-Parallel,NeoN,2,gpu-nvidia-h100
LDC_N120,1728000,1454680,Face-Based,CPU-Parallel,NeoN,2,gpu-nvidia-h100
LDC_N120,1728000,208780,Face-Based,CPU-Parallel,NeoN + Julia,2,gpu-nvidia-h100
LDC_N120,1728000,209190,Face-Based,CPU-Parallel,NeoN + Julia,2,gpu-nvidia-h100
LDC_N120,1728000,211843,Face-Based,CPU-Parallel,NeoN + Julia,2,gpu-nvidia-h100
LDC_N120,1728000,813701,Face-Based,CPU-Parallel,NeoN,4,gpu-nvidia-h100
LDC_N120,1728000,817698,Face-Based,CPU-Parallel,NeoN,4,gpu-nvidia-h100
LDC_N120,1728000,815290,Face-Based,CPU-Parallel,NeoN,4,gpu-nvidia-h100
LDC_N120,1728000,132999,Face-Based,CPU-Parallel,NeoN + Julia,4,gpu-nvidia-h100
LDC_N120,1728000,109291,Face-Based,CPU-Parallel,NeoN + Julia,4,gpu-nvidia-h100
LDC_N120,1728000,107073,Face-Based,CPU-Parallel,NeoN + Julia,4,gpu-nvidia-h100
LDC_N120,1728000,516894,Face-Based,CPU-Parallel,NeoN,8,gpu-nvidia-h100
LDC_N120,1728000,502030,Face-Based,CPU-Parallel,NeoN,8,gpu-nvidia-h100
LDC_N120,1728000,524606,Face-Based,CPU-Parallel,NeoN,8,gpu-nvidia-h100
LDC_N120,1728000,58697,Face-Based,CPU-Parallel,NeoN + Julia,8,gpu-nvidia-h100
LDC_N120,1728000,59059,Face-Based,CPU-Parallel,NeoN + Julia,8,gpu-nvidia-h100
LDC_N120,1728000,64109,Face-Based,CPU-Parallel,NeoN + Julia,8,gpu-nvidia-h100
LDC_N120,1728000,270767,Face-Based,CPU-Parallel,NeoN,16,gpu-nvidia-h100
LDC_N120,1728000,274369,Face-Based,CPU-Parallel,NeoN,16,gpu-nvidia-h100
LDC_N120,1728000,271672,Face-Based,CPU-Parallel,NeoN,16,gpu-nvidia-h100
LDC_N120,1728000,39568,Face-Based,CPU-Parallel,NeoN + Julia,16,gpu-nvidia-h100
LDC_N120,1728000,51381,Face-Based,CPU-Parallel,NeoN + Julia,16,gpu-nvidia-h100
LDC_N120,1728000,32599,Face-Based,CPU-Parallel,NeoN + Julia,16,gpu-nvidia-h100
LDC_N120,1728000,140435,Face-Based,CPU-Parallel,NeoN,32,gpu-nvidia-h100
LDC_N120,1728000,139957,Face-Based,CPU-Parallel,NeoN,32,gpu-nvidia-h100
LDC_N120,1728000,139902,Face-Based,CPU-Parallel,NeoN,32,gpu-nvidia-h100
LDC_N120,1728000,40240,Face-Based,CPU-Parallel,NeoN + Julia,32,gpu-nvidia-h100
LDC_N120,1728000,20118,Face-Based,CPU-Parallel,NeoN + Julia,32,gpu-nvidia-h100
LDC_N120,1728000,20339,Face-Based,CPU-Parallel,NeoN + Julia,32,gpu-nvidia-h100
LDC_N120,1728000,86053,Face-Based,CPU-Parallel,NeoN,64,gpu-nvidia-h100
LDC_N120,1728000,85300,Face-Based,CPU-Parallel,NeoN,64,gpu-nvidia-h100
LDC_N120,1728000,84496,Face-Based,CPU-Parallel,NeoN,64,gpu-nvidia-h100
LDC_N120,1728000,20815,Face-Based,CPU-Parallel,NeoN + Julia,64,gpu-nvidia-h100
LDC_N120,1728000,29936,Face-Based,CPU-Parallel,NeoN + Julia,64,gpu-nvidia-h100
LDC_N120,1728000,42930,Face-Based,CPU-Parallel,NeoN + Julia,64,gpu-nvidia-h100
LDC_N120,1728000,59522,Face-Based,CPU-Parallel,NeoN,128,gpu-nvidia-h100
LDC_N120,1728000,59381,Face-Based,CPU-Parallel,NeoN,128,gpu-nvidia-h100
LDC_N120,1728000,59115,Face-Based,CPU-Parallel,NeoN,128,gpu-nvidia-h100
LDC_N120,1728000,55981,Face-Based,CPU-Parallel,NeoN + Julia,128,gpu-nvidia-h100
LDC_N120,1728000,31352,Face-Based,CPU-Parallel,NeoN + Julia,128,gpu-nvidia-h100
LDC_N120,1728000,51492,Face-Based,CPU-Parallel,NeoN + Julia,128,gpu-nvidia-h100
LDC_N130,2197000,3112364,Face-Based,CPU-Parallel,NeoN,1,gpu-nvidia-h100
LDC_N130,2197000,3059516,Face-Based,CPU-Parallel,NeoN,1,gpu-nvidia-h100
LDC_N130,2197000,3058962,Face-Based,CPU-Parallel,NeoN,1,gpu-nvidia-h100
LDC_N130,2197000,648297,Face-Based,CPU-Parallel,NeoN + Julia,1,gpu-nvidia-h100
LDC_N130,2197000,649523,Face-Based,CPU-Parallel,NeoN + Julia,1,gpu-nvidia-h100
LDC_N130,2197000,645828,Face-Based,CPU-Parallel,NeoN + Julia,1,gpu-nvidia-h100
LDC_N130,2197000,1894310,Face-Based,CPU-Parallel,NeoN,2,gpu-nvidia-h100
LDC_N130,2197000,1905864,Face-Based,CPU-Parallel,NeoN,2,gpu-nvidia-h100
LDC_N130,2197000,1898881,Face-Based,CPU-Parallel,NeoN,2,gpu-nvidia-h100
LDC_N130,2197000,267575,Face-Based,CPU-Parallel,NeoN + Julia,2,gpu-nvidia-h100
LDC_N130,2197000,267476,Face-Based,CPU-Parallel,NeoN + Julia,2,gpu-nvidia-h100
LDC_N130,2197000,276903,Face-Based,CPU-Parallel,NeoN + Julia,2,gpu-nvidia-h100
LDC_N130,2197000,1036677,Face-Based,CPU-Parallel,NeoN,4,gpu-nvidia-h100
LDC_N130,2197000,1043526,Face-Based,CPU-Parallel,NeoN,4,gpu-nvidia-h100
LDC_N130,2197000,1048840,Face-Based,CPU-Parallel,NeoN,4,gpu-nvidia-h100
LDC_N130,2197000,136240,Face-Based,CPU-Parallel,NeoN + Julia,4,gpu-nvidia-h100
LDC_N130,2197000,142781,Face-Based,CPU-Parallel,NeoN + Julia,4,gpu-nvidia-h100
LDC_N130,2197000,134169,Face-Based,CPU-Parallel,NeoN + Julia,4,gpu-nvidia-h100
LDC_N130,2197000,653110,Face-Based,CPU-Parallel,NeoN,8,gpu-nvidia-h100
LDC_N130,2197000,660675,Face-Based,CPU-Parallel,NeoN,8,gpu-nvidia-h100
LDC_N130,2197000,656999,Face-Based,CPU-Parallel,NeoN,8,gpu-nvidia-h100
LDC_N130,2197000,72960,Face-Based,CPU-Parallel,NeoN + Julia,8,gpu-nvidia-h100
LDC_N130,2197000,78925,Face-Based,CPU-Parallel,NeoN + Julia,8,gpu-nvidia-h100
LDC_N130,2197000,90326,Face-Based,CPU-Parallel,NeoN + Julia,8,gpu-nvidia-h100
LDC_N130,2197000,358388,Face-Based,CPU-Parallel,NeoN,16,gpu-nvidia-h100
LDC_N130,2197000,361431,Face-Based,CPU-Parallel,NeoN,16,gpu-nvidia-h100
LDC_N130,2197000,361457,Face-Based,CPU-Parallel,NeoN,16,gpu-nvidia-h100
LDC_N130,2197000,47105,Face-Based,CPU-Parallel,NeoN + Julia,16,gpu-nvidia-h100
LDC_N130,2197000,42332,Face-Based,CPU-Parallel,NeoN + Julia,16,gpu-nvidia-h100
LDC_N130,2197000,39789,Face-Based,CPU-Parallel,NeoN + Julia,16,gpu-nvidia-h100
LDC_N130,2197000,186824,Face-Based,CPU-Parallel,NeoN,32,gpu-nvidia-h100
LDC_N130,2197000,188993,Face-Based,CPU-Parallel,NeoN,32,gpu-nvidia-h100
LDC_N130,2197000,185154,Face-Based,CPU-Parallel,NeoN,32,gpu-nvidia-h100
LDC_N130,2197000,29284,Face-Based,CPU-Parallel,NeoN + Julia,32,gpu-nvidia-h100
LDC_N130,2197000,39433,Face-Based,CPU-Parallel,NeoN + Julia,32,gpu-nvidia-h100
LDC_N130,2197000,23309,Face-Based,CPU-Parallel,NeoN + Julia,32,gpu-nvidia-h100
LDC_N130,2197000,113505,Face-Based,CPU-Parallel,NeoN,64,gpu-nvidia-h100
LDC_N130,2197000,111374,Face-Based,CPU-Parallel,NeoN,64,gpu-nvidia-h100
LDC_N130,2197000,109216,Face-Based,CPU-Parallel,NeoN,64,gpu-nvidia-h100
LDC_N130,2197000,29972,Face-Based,CPU-Parallel,NeoN + Julia,64,gpu-nvidia-h100
LDC_N130,2197000,54668,Face-Based,CPU-Parallel,NeoN + Julia,64,gpu-nvidia-h100
LDC_N130,2197000,19764,Face-Based,CPU-Parallel,NeoN + Julia,64,gpu-nvidia-h100
LDC_N130,2197000,74571,Face-Based,CPU-Parallel,NeoN,128,gpu-nvidia-h100
LDC_N130,2197000,73639,Face-Based,CPU-Parallel,NeoN,128,gpu-nvidia-h100
LDC_N130,2197000,73338,Face-Based,CPU-Parallel,NeoN,128,gpu-nvidia-h100
LDC_N130,2197000,53914,Face-Based,CPU-Parallel,NeoN + Julia,128,gpu-nvidia-h100
LDC_N130,2197000,51430,Face-Based,CPU-Parallel,NeoN + Julia,128,gpu-nvidia-h100
LDC_N130,2197000,45696,Face-Based,CPU-Parallel,NeoN + Julia,128,gpu-nvidia-h100
LDC_N140,2744000,3614132,Face-Based,CPU-Parallel,NeoN,1,gpu-nvidia-h100
LDC_N140,2744000,3573515,Face-Based,CPU-Parallel,NeoN,1,gpu-nvidia-h100
LDC_N140,2744000,3563853,Face-Based,CPU-Parallel,NeoN,1,gpu-nvidia-h100
LDC_N140,2744000,798621,Face-Based,CPU-Parallel,NeoN + Julia,1,gpu-nvidia-h100
LDC_N140,2744000,799867,Face-Based,CPU-Parallel,NeoN + Julia,1,gpu-nvidia-h100
LDC_N140,2744000,801269,Face-Based,CPU-Parallel,NeoN + Julia,1,gpu-nvidia-h100
LDC_N140,2744000,2322171,Face-Based,CPU-Parallel,NeoN,2,gpu-nvidia-h100
LDC_N140,2744000,2340267,Face-Based,CPU-Parallel,NeoN,2,gpu-nvidia-h100
LDC_N140,2744000,2338008,Face-Based,CPU-Parallel,NeoN,2,gpu-nvidia-h100
LDC_N140,2744000,329314,Face-Based,CPU-Parallel,NeoN + Julia,2,gpu-nvidia-h100
LDC_N140,2744000,338688,Face-Based,CPU-Parallel,NeoN + Julia,2,gpu-nvidia-h100
LDC_N140,2744000,330872,Face-Based,CPU-Parallel,NeoN + Julia,2,gpu-nvidia-h100
LDC_N140,2744000,1261958,Face-Based,CPU-Parallel,NeoN,4,gpu-nvidia-h100
LDC_N140,2744000,1263638,Face-Based,CPU-Parallel,NeoN,4,gpu-nvidia-h100
LDC_N140,2744000,1277392,Face-Based,CPU-Parallel,NeoN,4,gpu-nvidia-h100
LDC_N140,2744000,181159,Face-Based,CPU-Parallel,NeoN + Julia,4,gpu-nvidia-h100
LDC_N140,2744000,167958,Face-Based,CPU-Parallel,NeoN + Julia,4,gpu-nvidia-h100
LDC_N140,2744000,176705,Face-Based,CPU-Parallel,NeoN + Julia,4,gpu-nvidia-h100
LDC_N140,2744000,802509,Face-Based,CPU-Parallel,NeoN,8,gpu-nvidia-h100
LDC_N140,2744000,772114,Face-Based,CPU-Parallel,NeoN,8,gpu-nvidia-h100
LDC_N140,2744000,811626,Face-Based,CPU-Parallel,NeoN,8,gpu-nvidia-h100
LDC_N140,2744000,115453,Face-Based,CPU-Parallel,NeoN + Julia,8,gpu-nvidia-h100
LDC_N140,2744000,92944,Face-Based,CPU-Parallel,NeoN + Julia,8,gpu-nvidia-h100
LDC_N140,2744000,93489,Face-Based,CPU-Parallel,NeoN + Julia,8,gpu-nvidia-h100
LDC_N140,2744000,431070,Face-Based,CPU-Parallel,NeoN,16,gpu-nvidia-h100
LDC_N140,2744000,432148,Face-Based,CPU-Parallel,NeoN,16,gpu-nvidia-h100
LDC_N140,2744000,432716,Face-Based,CPU-Parallel,NeoN,16,gpu-nvidia-h100
LDC_N140,2744000,67065,Face-Based,CPU-Parallel,NeoN + Julia,16,gpu-nvidia-h100
LDC_N140,2744000,62676,Face-Based,CPU-Parallel,NeoN + Julia,16,gpu-nvidia-h100
LDC_N140,2744000,46697,Face-Based,CPU-Parallel,NeoN + Julia,16,gpu-nvidia-h100
LDC_N140,2744000,226730,Face-Based,CPU-Parallel,NeoN,32,gpu-nvidia-h100
LDC_N140,2744000,225782,Face-Based,CPU-Parallel,NeoN,32,gpu-nvidia-h100
LDC_N140,2744000,222257,Face-Based,CPU-Parallel,NeoN,32,gpu-nvidia-h100
LDC_N140,2744000,37941,Face-Based,CPU-Parallel,NeoN + Julia,32,gpu-nvidia-h100
LDC_N140,2744000,47151,Face-Based,CPU-Parallel,NeoN + Julia,32,gpu-nvidia-h100
LDC_N140,2744000,32253,Face-Based,CPU-Parallel,NeoN + Julia,32,gpu-nvidia-h100
LDC_N140,2744000,134808,Face-Based,CPU-Parallel,NeoN,64,gpu-nvidia-h100
LDC_N140,2744000,132933,Face-Based,CPU-Parallel,NeoN,64,gpu-nvidia-h100
LDC_N140,2744000,132519,Face-Based,CPU-Parallel,NeoN,64,gpu-nvidia-h100
LDC_N140,2744000,33214,Face-Based,CPU-Parallel,NeoN + Julia,64,gpu-nvidia-h100
LDC_N140,2744000,51549,Face-Based,CPU-Parallel,NeoN + Julia,64,gpu-nvidia-h100
LDC_N140,2744000,19534,Face-Based,CPU-Parallel,NeoN + Julia,64,gpu-nvidia-h100
LDC_N140,2744000,88375,Face-Based,CPU-Parallel,NeoN,128,gpu-nvidia-h100
LDC_N140,2744000,87648,Face-Based,CPU-Parallel,NeoN,128,gpu-nvidia-h100
LDC_N140,2744000,87455,Face-Based,CPU-Parallel,NeoN,128,gpu-nvidia-h100
LDC_N140,2744000,57372,Face-Based,CPU-Parallel,NeoN + Julia,128,gpu-nvidia-h100
LDC_N140,2744000,41111,Face-Based,CPU-Parallel,NeoN + Julia,128,gpu-nvidia-h100
LDC_N140,2744000,56059,Face-Based,CPU-Parallel,NeoN + Julia,128,gpu-nvidia-h100
LDC_N150,3375000,4386341,Face-Based,CPU-Parallel,NeoN,1,gpu-nvidia-h100
LDC_N150,3375000,4326471,Face-Based,CPU-Parallel,NeoN,1,gpu-nvidia-h100
LDC_N150,3375000,4324113,Face-Based,CPU-Parallel,NeoN,1,gpu-nvidia-h100
LDC_N150,3375000,990033,Face-Based,CPU-Parallel,NeoN + Julia,1,gpu-nvidia-h100
LDC_N150,3375000,992913,Face-Based,CPU-Parallel,NeoN + Julia,1,gpu-nvidia-h100
LDC_N150,3375000,987482,Face-Based,CPU-Parallel,NeoN + Julia,1,gpu-nvidia-h100
LDC_N150,3375000,2781078,Face-Based,CPU-Parallel,NeoN,2,gpu-nvidia-h100
LDC_N150,3375000,2755304,Face-Based,CPU-Parallel,NeoN,2,gpu-nvidia-h100
LDC_N150,3375000,2744057,Face-Based,CPU-Parallel,NeoN,2,gpu-nvidia-h100
LDC_N150,3375000,409383,Face-Based,CPU-Parallel,NeoN + Julia,2,gpu-nvidia-h100
LDC_N150,3375000,418707,Face-Based,CPU-Parallel,NeoN + Julia,2,gpu-nvidia-h100
LDC_N150,3375000,408601,Face-Based,CPU-Parallel,NeoN + Julia,2,gpu-nvidia-h100
LDC_N150,3375000,1556055,Face-Based,CPU-Parallel,NeoN,4,gpu-nvidia-h100
LDC_N150,3375000,1542540,Face-Based,CPU-Parallel,NeoN,4,gpu-nvidia-h100
LDC_N150,3375000,1589085,Face-Based,CPU-Parallel,NeoN,4,gpu-nvidia-h100
LDC_N150,3375000,216014,Face-Based,CPU-Parallel,NeoN + Julia,4,gpu-nvidia-h100
LDC_N150,3375000,213098,Face-Based,CPU-Parallel,NeoN + Julia,4,gpu-nvidia-h100
LDC_N150,3375000,206267,Face-Based,CPU-Parallel,NeoN + Julia,4,gpu-nvidia-h100
LDC_N150,3375000,1007741,Face-Based,CPU-Parallel,NeoN,8,gpu-nvidia-h100
LDC_N150,3375000,1004134,Face-Based,CPU-Parallel,NeoN,8,gpu-nvidia-h100
LDC_N150,3375000,1019916,Face-Based,CPU-Parallel,NeoN,8,gpu-nvidia-h100
LDC_N150,3375000,113052,Face-Based,CPU-Parallel,NeoN + Julia,8,gpu-nvidia-h100
LDC_N150,3375000,107192,Face-Based,CPU-Parallel,NeoN + Julia,8,gpu-nvidia-h100
LDC_N150,3375000,105999,Face-Based,CPU-Parallel,NeoN + Julia,8,gpu-nvidia-h100
LDC_N150,3375000,527142,Face-Based,CPU-Parallel,NeoN,16,gpu-nvidia-h100
LDC_N150,3375000,533793,Face-Based,CPU-Parallel,NeoN,16,gpu-nvidia-h100
LDC_N150,3375000,529693,Face-Based,CPU-Parallel,NeoN,16,gpu-nvidia-h100
LDC_N150,3375000,62625,Face-Based,CPU-Parallel,NeoN + Julia,16,gpu-nvidia-h100
LDC_N150,3375000,58063,Face-Based,CPU-Parallel,NeoN + Julia,16,gpu-nvidia-h100
LDC_N150,3375000,58165,Face-Based,CPU-Parallel,NeoN + Julia,16,gpu-nvidia-h100
LDC_N150,3375000,271974,Face-Based,CPU-Parallel,NeoN,32,gpu-nvidia-h100
LDC_N150,3375000,271559,Face-Based,CPU-Parallel,NeoN,32,gpu-nvidia-h100
LDC_N150,3375000,271716,Face-Based,CPU-Parallel,NeoN,32,gpu-nvidia-h100
LDC_N150,3375000,34093,Face-Based,CPU-Parallel,NeoN + Julia,32,gpu-nvidia-h100
LDC_N150,3375000,50307,Face-Based,CPU-Parallel,NeoN + Julia,32,gpu-nvidia-h100
LDC_N150,3375000,50652,Face-Based,CPU-Parallel,NeoN + Julia,32,gpu-nvidia-h100
LDC_N150,3375000,162570,Face-Based,CPU-Parallel,NeoN,64,gpu-nvidia-h100
LDC_N150,3375000,166134,Face-Based,CPU-Parallel,NeoN,64,gpu-nvidia-h100
LDC_N150,3375000,169240,Face-Based,CPU-Parallel,NeoN,64,gpu-nvidia-h100
LDC_N150,3375000,53524,Face-Based,CPU-Parallel,NeoN + Julia,64,gpu-nvidia-h100
LDC_N150,3375000,58792,Face-Based,CPU-Parallel,NeoN + Julia,64,gpu-nvidia-h100
LDC_N150,3375000,46584,Face-Based,CPU-Parallel,NeoN + Julia,64,gpu-nvidia-h100
LDC_N150,3375000,112229,Face-Based,CPU-Parallel,NeoN,128,gpu-nvidia-h100
LDC_N150,3375000,110463,Face-Based,CPU-Parallel,NeoN,128,gpu-nvidia-h100
LDC_N150,3375000,111099,Face-Based,CPU-Parallel,NeoN,128,gpu-nvidia-h100
LDC_N150,3375000,60135,Face-Based,CPU-Parallel,NeoN + Julia,128,gpu-nvidia-h100
LDC_N150,3375000,41550,Face-Based,CPU-Parallel,NeoN + Julia,128,gpu-nvidia-h100
LDC_N150,3375000,45668,Face-Based,CPU-Parallel,NeoN + Julia,128,gpu-nvidia-h100
LDC_N160,4096000,5391708,Face-Based,CPU-Parallel,NeoN,1,gpu-nvidia-h100
LDC_N160,4096000,5273082,Face-Based,CPU-Parallel,NeoN,1,gpu-nvidia-h100
LDC_N160,4096000,5283670,Face-Based,CPU-Parallel,NeoN,1,gpu-nvidia-h100
LDC_N160,4096000,1197688,Face-Based,CPU-Parallel,NeoN + Julia,1,gpu-nvidia-h100
LDC_N160,4096000,1198390,Face-Based,CPU-Parallel,NeoN + Julia,1,gpu-nvidia-h100
LDC_N160,4096000,1201253,Face-Based,CPU-Parallel,NeoN + Julia,1,gpu-nvidia-h100
LDC_N160,4096000,3510903,Face-Based,CPU-Parallel,NeoN,2,gpu-nvidia-h100
LDC_N160,4096000,3434473,Face-Based,CPU-Parallel,NeoN,2,gpu-nvidia-h100
LDC_N160,4096000,3443528,Face-Based,CPU-Parallel,NeoN,2,gpu-nvidia-h100
LDC_N160,4096000,499415,Face-Based,CPU-Parallel,NeoN + Julia,2,gpu-nvidia-h100
LDC_N160,4096000,490835,Face-Based,CPU-Parallel,NeoN + Julia,2,gpu-nvidia-h100
LDC_N160,4096000,497594,Face-Based,CPU-Parallel,NeoN + Julia,2,gpu-nvidia-h100
LDC_N160,4096000,1908960,Face-Based,CPU-Parallel,NeoN,4,gpu-nvidia-h100
LDC_N160,4096000,1908028,Face-Based,CPU-Parallel,NeoN,4,gpu-nvidia-h100
LDC_N160,4096000,1903613,Face-Based,CPU-Parallel,NeoN,4,gpu-nvidia-h100
LDC_N160,4096000,248874,Face-Based,CPU-Parallel,NeoN + Julia,4,gpu-nvidia-h100
LDC_N160,4096000,254628,Face-Based,CPU-Parallel,NeoN + Julia,4,gpu-nvidia-h100
LDC_N160,4096000,252466,Face-Based,CPU-Parallel,NeoN + Julia,4,gpu-nvidia-h100
LDC_N160,4096000,1220987,Face-Based,CPU-Parallel,NeoN,8,gpu-nvidia-h100
LDC_N160,4096000,1227165,Face-Based,CPU-Parallel,NeoN,8,gpu-nvidia-h100
LDC_N160,4096000,1203523,Face-Based,CPU-Parallel,NeoN,8,gpu-nvidia-h100
LDC_N160,4096000,155198,Face-Based,CPU-Parallel,NeoN + Julia,8,gpu-nvidia-h100
LDC_N160,4096000,131098,Face-Based,CPU-Parallel,NeoN + Julia,8,gpu-nvidia-h100
LDC_N160,4096000,131085,Face-Based,CPU-Parallel,NeoN + Julia,8,gpu-nvidia-h100
LDC_N160,4096000,650015,Face-Based,CPU-Parallel,NeoN,16,gpu-nvidia-h100
LDC_N160,4096000,646782,Face-Based,CPU-Parallel,NeoN,16,gpu-nvidia-h100
LDC_N160,4096000,645020,Face-Based,CPU-Parallel,NeoN,16,gpu-nvidia-h100
LDC_N160,4096000,70058,Face-Based,CPU-Parallel,NeoN + Julia,16,gpu-nvidia-h100
LDC_N160,4096000,70206,Face-Based,CPU-Parallel,NeoN + Julia,16,gpu-nvidia-h100
LDC_N160,4096000,87135,Face-Based,CPU-Parallel,NeoN + Julia,16,gpu-nvidia-h100
LDC_N160,4096000,332246,Face-Based,CPU-Parallel,NeoN,32,gpu-nvidia-h100
LDC_N160,4096000,330238,Face-Based,CPU-Parallel,NeoN,32,gpu-nvidia-h100
LDC_N160,4096000,331382,Face-Based,CPU-Parallel,NeoN,32,gpu-nvidia-h100
LDC_N160,4096000,62910,Face-Based,CPU-Parallel,NeoN + Julia,32,gpu-nvidia-h100
LDC_N160,4096000,62013,Face-Based,CPU-Parallel,NeoN + Julia,32,gpu-nvidia-h100
LDC_N160,4096000,79385,Face-Based,CPU-Parallel,NeoN + Julia,32,gpu-nvidia-h100
LDC_N160,4096000,195940,Face-Based,CPU-Parallel,NeoN,64,gpu-nvidia-h100
LDC_N160,4096000,199832,Face-Based,CPU-Parallel,NeoN,64,gpu-nvidia-h100
LDC_N160,4096000,193344,Face-Based,CPU-Parallel,NeoN,64,gpu-nvidia-h100
LDC_N160,4096000,49853,Face-Based,CPU-Parallel,NeoN + Julia,64,gpu-nvidia-h100
LDC_N160,4096000,69397,Face-Based,CPU-Parallel,NeoN + Julia,64,gpu-nvidia-h100
LDC_N160,4096000,58821,Face-Based,CPU-Parallel,NeoN + Julia,64,gpu-nvidia-h100
LDC_N160,4096000,132168,Face-Based,CPU-Parallel,NeoN,128,gpu-nvidia-h100
LDC_N160,4096000,132590,Face-Based,CPU-Parallel,NeoN,128,gpu-nvidia-h100
LDC_N160,4096000,132874,Face-Based,CPU-Parallel,NeoN,128,gpu-nvidia-h100
LDC_N160,4096000,46315,Face-Based,CPU-Parallel,NeoN + Julia,128,gpu-nvidia-h100
LDC_N160,4096000,63553,Face-Based,CPU-Parallel,NeoN + Julia,128,gpu-nvidia-h100
LDC_N160,4096000,64019,Face-Based,CPU-Parallel,NeoN + Julia,128,gpu-nvidia-h100
LDC_N170,4913000,6330667,Face-Based,CPU-Parallel,NeoN,1,gpu-nvidia-h100
LDC_N170,4913000,6384051,Face-Based,CPU-Parallel,NeoN,1,gpu-nvidia-h100
LDC_N170,4913000,6308310,Face-Based,CPU-Parallel,NeoN,1,gpu-nvidia-h100
LDC_N170,4913000,1440819,Face-Based,CPU-Parallel,NeoN + Julia,1,gpu-nvidia-h100
LDC_N170,4913000,1439631,Face-Based,CPU-Parallel,NeoN + Julia,1,gpu-nvidia-h100
LDC_N170,4913000,1435677,Face-Based,CPU-Parallel,NeoN + Julia,1,gpu-nvidia-h100
LDC_N170,4913000,3982434,Face-Based,CPU-Parallel,NeoN,2,gpu-nvidia-h100
LDC_N170,4913000,3993589,Face-Based,CPU-Parallel,NeoN,2,gpu-nvidia-h100
LDC_N170,4913000,4020865,Face-Based,CPU-Parallel,NeoN,2,gpu-nvidia-h100
LDC_N170,4913000,599793,Face-Based,CPU-Parallel,NeoN + Julia,2,gpu-nvidia-h100
LDC_N170,4913000,601401,Face-Based,CPU-Parallel,NeoN + Julia,2,gpu-nvidia-h100
LDC_N170,4913000,590894,Face-Based,CPU-Parallel,NeoN + Julia,2,gpu-nvidia-h100
LDC_N170,4913000,2262702,Face-Based,CPU-Parallel,NeoN,4,gpu-nvidia-h100
LDC_N170,4913000,2246600,Face-Based,CPU-Parallel,NeoN,4,gpu-nvidia-h100
LDC_N170,4913000,2265690,Face-Based,CPU-Parallel,NeoN,4,gpu-nvidia-h100
LDC_N170,4913000,307876,Face-Based,CPU-Parallel,NeoN + Julia,4,gpu-nvidia-h100
LDC_N170,4913000,300178,Face-Based,CPU-Parallel,NeoN + Julia,4,gpu-nvidia-h100
LDC_N170,4913000,300087,Face-Based,CPU-Parallel,NeoN + Julia,4,gpu-nvidia-h100
LDC_N170,4913000,1428419,Face-Based,CPU-Parallel,NeoN,8,gpu-nvidia-h100
LDC_N170,4913000,1442044,Face-Based,CPU-Parallel,NeoN,8,gpu-nvidia-h100
LDC_N170,4913000,1426938,Face-Based,CPU-Parallel,NeoN,8,gpu-nvidia-h100
LDC_N170,4913000,179346,Face-Based,CPU-Parallel,NeoN + Julia,8,gpu-nvidia-h100
LDC_N170,4913000,172434,Face-Based,CPU-Parallel,NeoN + Julia,8,gpu-nvidia-h100
LDC_N170,4913000,172206,Face-Based,CPU-Parallel,NeoN + Julia,8,gpu-nvidia-h100
LDC_N170,4913000,772415,Face-Based,CPU-Parallel,NeoN,16,gpu-nvidia-h100
LDC_N170,4913000,771996,Face-Based,CPU-Parallel,NeoN,16,gpu-nvidia-h100
LDC_N170,4913000,772012,Face-Based,CPU-Parallel,NeoN,16,gpu-nvidia-h100
LDC_N170,4913000,104521,Face-Based,CPU-Parallel,NeoN + Julia,16,gpu-nvidia-h100
LDC_N170,4913000,100629,Face-Based,CPU-Parallel,NeoN + Julia,16,gpu-nvidia-h100
LDC_N170,4913000,103991,Face-Based,CPU-Parallel,NeoN + Julia,16,gpu-nvidia-h100
LDC_N170,4913000,387251,Face-Based,CPU-Parallel,NeoN,32,gpu-nvidia-h100
LDC_N170,4913000,387364,Face-Based,CPU-Parallel,NeoN,32,gpu-nvidia-h100
LDC_N170,4913000,386272,Face-Based,CPU-Parallel,NeoN,32,gpu-nvidia-h100
LDC_N170,4913000,86026,Face-Based,CPU-Parallel,NeoN + Julia,32,gpu-nvidia-h100
LDC_N170,4913000,70152,Face-Based,CPU-Parallel,NeoN + Julia,32,gpu-nvidia-h100
LDC_N170,4913000,71538,Face-Based,CPU-Parallel,NeoN + Julia,32,gpu-nvidia-h100
LDC_N170,4913000,200339,Face-Based,CPU-Parallel,NeoN,64,gpu-nvidia-h100
LDC_N170,4913000,200666,Face-Based,CPU-Parallel,NeoN,64,gpu-nvidia-h100
LDC_N170,4913000,199856,Face-Based,CPU-Parallel,NeoN,64,gpu-nvidia-h100
LDC_N170,4913000,75436,Face-Based,CPU-Parallel,NeoN + Julia,64,gpu-nvidia-h100
LDC_N170,4913000,86585,Face-Based,CPU-Parallel,NeoN + Julia,64,gpu-nvidia-h100
LDC_N170,4913000,78148,Face-Based,CPU-Parallel,NeoN + Julia,64,gpu-nvidia-h100
LDC_N170,4913000,155994,Face-Based,CPU-Parallel,NeoN,128,gpu-nvidia-h100
LDC_N170,4913000,154940,Face-Based,CPU-Parallel,NeoN,128,gpu-nvidia-h100
LDC_N170,4913000,155460,Face-Based,CPU-Parallel,NeoN,128,gpu-nvidia-h100
LDC_N170,4913000,80899,Face-Based,CPU-Parallel,NeoN + Julia,128,gpu-nvidia-h100
LDC_N170,4913000,77261,Face-Based,CPU-Parallel,NeoN + Julia,128,gpu-nvidia-h100
LDC_N170,4913000,70289,Face-Based,CPU-Parallel,NeoN + Julia,128,gpu-nvidia-h100
LDC_N180,5832000,7597944,Face-Based,CPU-Parallel,NeoN,1,gpu-nvidia-h100
LDC_N180,5832000,7525134,Face-Based,CPU-Parallel,NeoN,1,gpu-nvidia-h100
LDC_N180,5832000,7459821,Face-Based,CPU-Parallel,NeoN,1,gpu-nvidia-h100
LDC_N180,5832000,1692229,Face-Based,CPU-Parallel,NeoN + Julia,1,gpu-nvidia-h100
LDC_N180,5832000,1692894,Face-Based,CPU-Parallel,NeoN + Julia,1,gpu-nvidia-h100
LDC_N180,5832000,1691553,Face-Based,CPU-Parallel,NeoN + Julia,1,gpu-nvidia-h100
LDC_N180,5832000,4919451,Face-Based,CPU-Parallel,NeoN,2,gpu-nvidia-h100
LDC_N180,5832000,4838413,Face-Based,CPU-Parallel,NeoN,2,gpu-nvidia-h100
LDC_N180,5832000,4760993,Face-Based,CPU-Parallel,NeoN,2,gpu-nvidia-h100
LDC_N180,5832000,686626,Face-Based,CPU-Parallel,NeoN + Julia,2,gpu-nvidia-h100
LDC_N180,5832000,697196,Face-Based,CPU-Parallel,NeoN + Julia,2,gpu-nvidia-h100
LDC_N180,5832000,699858,Face-Based,CPU-Parallel,NeoN + Julia,2,gpu-nvidia-h100
LDC_N180,5832000,2771792,Face-Based,CPU-Parallel,NeoN,4,gpu-nvidia-h100
LDC_N180,5832000,2780798,Face-Based,CPU-Parallel,NeoN,4,gpu-nvidia-h100
LDC_N180,5832000,2760181,Face-Based,CPU-Parallel,NeoN,4,gpu-nvidia-h100
LDC_N180,5832000,371690,Face-Based,CPU-Parallel,NeoN + Julia,4,gpu-nvidia-h100
LDC_N180,5832000,352389,Face-Based,CPU-Parallel,NeoN + Julia,4,gpu-nvidia-h100
LDC_N180,5832000,355654,Face-Based,CPU-Parallel,NeoN + Julia,4,gpu-nvidia-h100
LDC_N180,5832000,1820291,Face-Based,CPU-Parallel,NeoN,8,gpu-nvidia-h100
LDC_N180,5832000,1792101,Face-Based,CPU-Parallel,NeoN,8,gpu-nvidia-h100
LDC_N180,5832000,1793014,Face-Based,CPU-Parallel,NeoN,8,gpu-nvidia-h100
LDC_N180,5832000,200535,Face-Based,CPU-Parallel,NeoN + Julia,8,gpu-nvidia-h100
LDC_N180,5832000,198907,Face-Based,CPU-Parallel,NeoN + Julia,8,gpu-nvidia-h100
LDC_N180,5832000,201094,Face-Based,CPU-Parallel,NeoN + Julia,8,gpu-nvidia-h100
LDC_N180,5832000,909764,Face-Based,CPU-Parallel,NeoN,16,gpu-nvidia-h100
LDC_N180,5832000,905923,Face-Based,CPU-Parallel,NeoN,16,gpu-nvidia-h100
LDC_N180,5832000,913900,Face-Based,CPU-Parallel,NeoN,16,gpu-nvidia-h100
LDC_N180,5832000,111620,Face-Based,CPU-Parallel,NeoN + Julia,16,gpu-nvidia-h100
LDC_N180,5832000,113273,Face-Based,CPU-Parallel,NeoN + Julia,16,gpu-nvidia-h100
LDC_N180,5832000,127705,Face-Based,CPU-Parallel,NeoN + Julia,16,gpu-nvidia-h100
LDC_N180,5832000,457119,Face-Based,CPU-Parallel,NeoN,32,gpu-nvidia-h100
LDC_N180,5832000,458333,Face-Based,CPU-Parallel,NeoN,32,gpu-nvidia-h100
LDC_N180,5832000,456448,Face-Based,CPU-Parallel,NeoN,32,gpu-nvidia-h100
LDC_N180,5832000,85068,Face-Based,CPU-Parallel,NeoN + Julia,32,gpu-nvidia-h100
LDC_N180,5832000,99780,Face-Based,CPU-Parallel,NeoN + Julia,32,gpu-nvidia-h100
LDC_N180,5832000,99108,Face-Based,CPU-Parallel,NeoN + Julia,32,gpu-nvidia-h100
LDC_N180,5832000,245537,Face-Based,CPU-Parallel,NeoN,64,gpu-nvidia-h100
LDC_N180,5832000,239667,Face-Based,CPU-Parallel,NeoN,64,gpu-nvidia-h100
LDC_N180,5832000,240817,Face-Based,CPU-Parallel,NeoN,64,gpu-nvidia-h100
LDC_N180,5832000,93690,Face-Based,CPU-Parallel,NeoN + Julia,64,gpu-nvidia-h100
LDC_N180,5832000,75887,Face-Based,CPU-Parallel,NeoN + Julia,64,gpu-nvidia-h100
LDC_N180,5832000,88008,Face-Based,CPU-Parallel,NeoN + Julia,64,gpu-nvidia-h100
LDC_N180,5832000,182513,Face-Based,CPU-Parallel,NeoN,128,gpu-nvidia-h100
LDC_N180,5832000,180031,Face-Based,CPU-Parallel,NeoN,128,gpu-nvidia-h100
LDC_N180,5832000,181110,Face-Based,CPU-Parallel,NeoN,128,gpu-nvidia-h100
LDC_N180,5832000,73427,Face-Based,CPU-Parallel,NeoN + Julia,128,gpu-nvidia-h100
LDC_N180,5832000,84448,Face-Based,CPU-Parallel,NeoN + Julia,128,gpu-nvidia-h100
LDC_N180,5832000,75789,Face-Based,CPU-Parallel,NeoN + Julia,128,gpu-nvidia-h100
LDC_N190,6859000,8960350,Face-Based,CPU-Parallel,NeoN,1,gpu-nvidia-h100
LDC_N190,6859000,8785576,Face-Based,CPU-Parallel,NeoN,1,gpu-nvidia-h100
LDC_N190,6859000,8863289,Face-Based,CPU-Parallel,NeoN,1,gpu-nvidia-h100
LDC_N190,6859000,2006495,Face-Based,CPU-Parallel,NeoN + Julia,1,gpu-nvidia-h100
LDC_N190,6859000,2006393,Face-Based,CPU-Parallel,NeoN + Julia,1,gpu-nvidia-h100
LDC_N190,6859000,2001814,Face-Based,CPU-Parallel,NeoN + Julia,1,gpu-nvidia-h100
LDC_N190,6859000,5453525,Face-Based,CPU-Parallel,NeoN,2,gpu-nvidia-h100
LDC_N190,6859000,5421904,Face-Based,CPU-Parallel,NeoN,2,gpu-nvidia-h100
LDC_N190,6859000,5454933,Face-Based,CPU-Parallel,NeoN,2,gpu-nvidia-h100
LDC_N190,6859000,825172,Face-Based,CPU-Parallel,NeoN + Julia,2,gpu-nvidia-h100
LDC_N190,6859000,819739,Face-Based,CPU-Parallel,NeoN + Julia,2,gpu-nvidia-h100
LDC_N190,6859000,821387,Face-Based,CPU-Parallel,NeoN + Julia,2,gpu-nvidia-h100
LDC_N190,6859000,3032414,Face-Based,CPU-Parallel,NeoN,4,gpu-nvidia-h100
LDC_N190,6859000,2986404,Face-Based,CPU-Parallel,NeoN,4,gpu-nvidia-h100
LDC_N190,6859000,2986199,Face-Based,CPU-Parallel,NeoN,4,gpu-nvidia-h100
LDC_N190,6859000,423240,Face-Based,CPU-Parallel,NeoN + Julia,4,gpu-nvidia-h100
LDC_N190,6859000,419053,Face-Based,CPU-Parallel,NeoN + Julia,4,gpu-nvidia-h100
LDC_N190,6859000,416200,Face-Based,CPU-Parallel,NeoN + Julia,4,gpu-nvidia-h100
LDC_N190,6859000,1733793,Face-Based,CPU-Parallel,NeoN,8,gpu-nvidia-h100
LDC_N190,6859000,1746224,Face-Based,CPU-Parallel,NeoN,8,gpu-nvidia-h100
LDC_N190,6859000,1756050,Face-Based,CPU-Parallel,NeoN,8,gpu-nvidia-h100
LDC_N190,6859000,220032,Face-Based,CPU-Parallel,NeoN + Julia,8,gpu-nvidia-h100
LDC_N190,6859000,232421,Face-Based,CPU-Parallel,NeoN + Julia,8,gpu-nvidia-h100
LDC_N190,6859000,233352,Face-Based,CPU-Parallel,NeoN + Julia,8,gpu-nvidia-h100
LDC_N190,6859000,999878,Face-Based,CPU-Parallel,NeoN,16,gpu-nvidia-h100
LDC_N190,6859000,1001707,Face-Based,CPU-Parallel,NeoN,16,gpu-nvidia-h100
LDC_N190,6859000,1001737,Face-Based,CPU-Parallel,NeoN,16,gpu-nvidia-h100
LDC_N190,6859000,129789,Face-Based,CPU-Parallel,NeoN + Julia,16,gpu-nvidia-h100
LDC_N190,6859000,129439,Face-Based,CPU-Parallel,NeoN + Julia,16,gpu-nvidia-h100
LDC_N190,6859000,129667,Face-Based,CPU-Parallel,NeoN + Julia,16,gpu-nvidia-h100
LDC_N190,6859000,531957,Face-Based,CPU-Parallel,NeoN,32,gpu-nvidia-h100
LDC_N190,6859000,519687,Face-Based,CPU-Parallel,NeoN,32,gpu-nvidia-h100
LDC_N190,6859000,519765,Face-Based,CPU-Parallel,NeoN,32,gpu-nvidia-h100
LDC_N190,6859000,101940,Face-Based,CPU-Parallel,NeoN + Julia,32,gpu-nvidia-h100
LDC_N190,6859000,96000,Face-Based,CPU-Parallel,NeoN + Julia,32,gpu-nvidia-h100
LDC_N190,6859000,96388,Face-Based,CPU-Parallel,NeoN + Julia,32,gpu-nvidia-h100
LDC_N190,6859000,326412,Face-Based,CPU-Parallel,NeoN,64,gpu-nvidia-h100
LDC_N190,6859000,326283,Face-Based,CPU-Parallel,NeoN,64,gpu-nvidia-h100
LDC_N190,6859000,342492,Face-Based,CPU-Parallel,NeoN,64,gpu-nvidia-h100
LDC_N190,6859000,79595,Face-Based,CPU-Parallel,NeoN + Julia,64,gpu-nvidia-h100
LDC_N190,6859000,99831,Face-Based,CPU-Parallel,NeoN + Julia,64,gpu-nvidia-h100
LDC_N190,6859000,86039,Face-Based,CPU-Parallel,NeoN + Julia,64,gpu-nvidia-h100
LDC_N190,6859000,212166,Face-Based,CPU-Parallel,NeoN,128,gpu-nvidia-h100
LDC_N190,6859000,210666,Face-Based,CPU-Parallel,NeoN,128,gpu-nvidia-h100
LDC_N190,6859000,211307,Face-Based,CPU-Parallel,NeoN,128,gpu-nvidia-h100
LDC_N190,6859000,105798,Face-Based,CPU-Parallel,NeoN + Julia,128,gpu-nvidia-h100
LDC_N190,6859000,79568,Face-Based,CPU-Parallel,NeoN + Julia,128,gpu-nvidia-h100
LDC_N190,6859000,83900,Face-Based,CPU-Parallel,NeoN + Julia,128,gpu-nvidia-h100
LDC_N200,8000000,10449647,Face-Based,CPU-Parallel,NeoN,1,gpu-nvidia-h100
LDC_N200,8000000,10396089,Face-Based,CPU-Parallel,NeoN,1,gpu-nvidia-h100
LDC_N200,8000000,10508366,Face-Based,CPU-Parallel,NeoN,1,gpu-nvidia-h100
LDC_N200,8000000,2322232,Face-Based,CPU-Parallel,NeoN + Julia,1,gpu-nvidia-h100
LDC_N200,8000000,2327055,Face-Based,CPU-Parallel,NeoN + Julia,1,gpu-nvidia-h100
LDC_N200,8000000,2338265,Face-Based,CPU-Parallel,NeoN + Julia,1,gpu-nvidia-h100
LDC_N200,8000000,6728161,Face-Based,CPU-Parallel,NeoN,2,gpu-nvidia-h100
LDC_N200,8000000,6751861,Face-Based,CPU-Parallel,NeoN,2,gpu-nvidia-h100
LDC_N200,8000000,6712752,Face-Based,CPU-Parallel,NeoN,2,gpu-nvidia-h100
LDC_N200,8000000,964301,Face-Based,CPU-Parallel,NeoN + Julia,2,gpu-nvidia-h100
LDC_N200,8000000,959206,Face-Based,CPU-Parallel,NeoN + Julia,2,gpu-nvidia-h100
LDC_N200,8000000,961544,Face-Based,CPU-Parallel,NeoN + Julia,2,gpu-nvidia-h100
LDC_N200,8000000,3750391,Face-Based,CPU-Parallel,NeoN,4,gpu-nvidia-h100
LDC_N200,8000000,3759528,Face-Based,CPU-Parallel,NeoN,4,gpu-nvidia-h100
LDC_N200,8000000,3712461,Face-Based,CPU-Parallel,NeoN,4,gpu-nvidia-h100
LDC_N200,8000000,508822,Face-Based,CPU-Parallel,NeoN + Julia,4,gpu-nvidia-h100
LDC_N200,8000000,502269,Face-Based,CPU-Parallel,NeoN + Julia,4,gpu-nvidia-h100
LDC_N200,8000000,504205,Face-Based,CPU-Parallel,NeoN + Julia,4,gpu-nvidia-h100
LDC_N200,8000000,2258871,Face-Based,CPU-Parallel,NeoN,8,gpu-nvidia-h100
LDC_N200,8000000,2255285,Face-Based,CPU-Parallel,NeoN,8,gpu-nvidia-h100
LDC_N200,8000000,2253283,Face-Based,CPU-Parallel,NeoN,8,gpu-nvidia-h100
LDC_N200,8000000,252363,Face-Based,CPU-Parallel,NeoN + Julia,8,gpu-nvidia-h100
LDC_N200,8000000,267340,Face-Based,CPU-Parallel,NeoN + Julia,8,gpu-nvidia-h100
LDC_N200,8000000,252014,Face-Based,CPU-Parallel,NeoN + Julia,8,gpu-nvidia-h100
LDC_N200,8000000,1254934,Face-Based,CPU-Parallel,NeoN,16,gpu-nvidia-h100
LDC_N200,8000000,1260630,Face-Based,CPU-Parallel,NeoN,16,gpu-nvidia-h100
LDC_N200,8000000,1261194,Face-Based,CPU-Parallel,NeoN,16,gpu-nvidia-h100
LDC_N200,8000000,170653,Face-Based,CPU-Parallel,NeoN + Julia,16,gpu-nvidia-h100
LDC_N200,8000000,168571,Face-Based,CPU-Parallel,NeoN + Julia,16,gpu-nvidia-h100
LDC_N200,8000000,150606,Face-Based,CPU-Parallel,NeoN + Julia,16,gpu-nvidia-h100
LDC_N200,8000000,635861,Face-Based,CPU-Parallel,NeoN,32,gpu-nvidia-h100
LDC_N200,8000000,630821,Face-Based,CPU-Parallel,NeoN,32,gpu-nvidia-h100
LDC_N200,8000000,633297,Face-Based,CPU-Parallel,NeoN,32,gpu-nvidia-h100
LDC_N200,8000000,114286,Face-Based,CPU-Parallel,NeoN + Julia,32,gpu-nvidia-h100
LDC_N200,8000000,128849,Face-Based,CPU-Parallel,NeoN + Julia,32,gpu-nvidia-h100
LDC_N200,8000000,112068,Face-Based,CPU-Parallel,NeoN + Julia,32,gpu-nvidia-h100
LDC_N200,8000000,376295,Face-Based,CPU-Parallel,NeoN,64,gpu-nvidia-h100
LDC_N200,8000000,382848,Face-Based,CPU-Parallel,NeoN,64,gpu-nvidia-h100
LDC_N200,8000000,376531,Face-Based,CPU-Parallel,NeoN,64,gpu-nvidia-h100
LDC_N200,8000000,112744,Face-Based,CPU-Parallel,NeoN + Julia,64,gpu-nvidia-h100
LDC_N200,8000000,104340,Face-Based,CPU-Parallel,NeoN + Julia,64,gpu-nvidia-h100
LDC_N200,8000000,88667,Face-Based,CPU-Parallel,NeoN + Julia,64,gpu-nvidia-h100
LDC_N200,8000000,245587,Face-Based,CPU-Parallel,NeoN,128,gpu-nvidia-h100
LDC_N200,8000000,244503,Face-Based,CPU-Parallel,NeoN,128,gpu-nvidia-h100
LDC_N200,8000000,245041,Face-Based,CPU-Parallel,NeoN,128,gpu-nvidia-h100
LDC_N200,8000000,127075,Face-Based,CPU-Parallel,NeoN + Julia,128,gpu-nvidia-h100
LDC_N200,8000000,90979,Face-Based,CPU-Parallel,NeoN + Julia,128,gpu-nvidia-h100
LDC_N200,8000000,113279,Face-Based,CPU-Parallel,NeoN + Julia,128,gpu-nvidia-h100
LDC_N220,10648000,14032192,Face-Based,CPU-Parallel,NeoN,1,gpu-nvidia-h100
LDC_N220,10648000,13875005,Face-Based,CPU-Parallel,NeoN,1,gpu-nvidia-h100
LDC_N220,10648000,13884608,Face-Based,CPU-Parallel,NeoN,1,gpu-nvidia-h100
LDC_N220,10648000,3093810,Face-Based,CPU-Parallel,NeoN + Julia,1,gpu-nvidia-h100
LDC_N220,10648000,3105774,Face-Based,CPU-Parallel,NeoN + Julia,1,gpu-nvidia-h100
LDC_N220,10648000,3084323,Face-Based,CPU-Parallel,NeoN + Julia,1,gpu-nvidia-h100
LDC_N220,10648000,9012286,Face-Based,CPU-Parallel,NeoN,2,gpu-nvidia-h100
LDC_N220,10648000,8905099,Face-Based,CPU-Parallel,NeoN,2,gpu-nvidia-h100
LDC_N220,10648000,8903816,Face-Based,CPU-Parallel,NeoN,2,gpu-nvidia-h100
LDC_N220,10648000,1306177,Face-Based,CPU-Parallel,NeoN + Julia,2,gpu-nvidia-h100
LDC_N220,10648000,1286121,Face-Based,CPU-Parallel,NeoN + Julia,2,gpu-nvidia-h100
LDC_N220,10648000,1287504,Face-Based,CPU-Parallel,NeoN + Julia,2,gpu-nvidia-h100
LDC_N220,10648000,4704559,Face-Based,CPU-Parallel,NeoN,4,gpu-nvidia-h100
LDC_N220,10648000,4676519,Face-Based,CPU-Parallel,NeoN,4,gpu-nvidia-h100
LDC_N220,10648000,4710827,Face-Based,CPU-Parallel,NeoN,4,gpu-nvidia-h100
LDC_N220,10648000,679082,Face-Based,CPU-Parallel,NeoN + Julia,4,gpu-nvidia-h100
LDC_N220,10648000,661673,Face-Based,CPU-Parallel,NeoN + Julia,4,gpu-nvidia-h100
LDC_N220,10648000,664345,Face-Based,CPU-Parallel,NeoN + Julia,4,gpu-nvidia-h100
LDC_N220,10648000,3095923,Face-Based,CPU-Parallel,NeoN,8,gpu-nvidia-h100
LDC_N220,10648000,3000942,Face-Based,CPU-Parallel,NeoN,8,gpu-nvidia-h100
LDC_N220,10648000,3004989,Face-Based,CPU-Parallel,NeoN,8,gpu-nvidia-h100
LDC_N220,10648000,348415,Face-Based,CPU-Parallel,NeoN + Julia,8,gpu-nvidia-h100
LDC_N220,10648000,363780,Face-Based,CPU-Parallel,NeoN + Julia,8,gpu-nvidia-h100
LDC_N220,10648000,362076,Face-Based,CPU-Parallel,NeoN + Julia,8,gpu-nvidia-h100
LDC_N220,10648000,1643641,Face-Based,CPU-Parallel,NeoN,16,gpu-nvidia-h100
LDC_N220,10648000,1649234,Face-Based,CPU-Parallel,NeoN,16,gpu-nvidia-h100
LDC_N220,10648000,1641133,Face-Based,CPU-Parallel,NeoN,16,gpu-nvidia-h100
LDC_N220,10648000,204172,Face-Based,CPU-Parallel,NeoN + Julia,16,gpu-nvidia-h100
LDC_N220,10648000,206521,Face-Based,CPU-Parallel,NeoN + Julia,16,gpu-nvidia-h100
LDC_N220,10648000,204434,Face-Based,CPU-Parallel,NeoN + Julia,16,gpu-nvidia-h100
LDC_N220,10648000,848959,Face-Based,CPU-Parallel,NeoN,32,gpu-nvidia-h100
LDC_N220,10648000,848210,Face-Based,CPU-Parallel,NeoN,32,gpu-nvidia-h100
LDC_N220,10648000,846740,Face-Based,CPU-Parallel,NeoN,32,gpu-nvidia-h100
LDC_N220,10648000,153793,Face-Based,CPU-Parallel,NeoN + Julia,32,gpu-nvidia-h100
LDC_N220,10648000,151558,Face-Based,CPU-Parallel,NeoN + Julia,32,gpu-nvidia-h100
LDC_N220,10648000,163430,Face-Based,CPU-Parallel,NeoN + Julia,32,gpu-nvidia-h100
LDC_N220,10648000,502116,Face-Based,CPU-Parallel,NeoN,64,gpu-nvidia-h100
LDC_N220,10648000,521278,Face-Based,CPU-Parallel,NeoN,64,gpu-nvidia-h100
LDC_N220,10648000,520278,Face-Based,CPU-Parallel,NeoN,64,gpu-nvidia-h100
LDC_N220,10648000,125046,Face-Based,CPU-Parallel,NeoN + Julia,64,gpu-nvidia-h100
LDC_N220,10648000,147095,Face-Based,CPU-Parallel,NeoN + Julia,64,gpu-nvidia-h100
LDC_N220,10648000,134125,Face-Based,CPU-Parallel,NeoN + Julia,64,gpu-nvidia-h100
LDC_N220,10648000,317003,Face-Based,CPU-Parallel,NeoN,128,gpu-nvidia-h100
LDC_N220,10648000,320571,Face-Based,CPU-Parallel,NeoN,128,gpu-nvidia-h100
LDC_N220,10648000,316094,Face-Based,CPU-Parallel,NeoN,128,gpu-nvidia-h100
LDC_N220,10648000,114921,Face-Based,CPU-Parallel,NeoN + Julia,128,gpu-nvidia-h100
LDC_N220,10648000,113042,Face-Based,CPU-Parallel,NeoN + Julia,128,gpu-nvidia-h100
LDC_N220,10648000,124492,Face-Based,CPU-Parallel,NeoN + Julia,128,gpu-nvidia-h100
LDC_N240,13824000,17900109,Face-Based,CPU-Parallel,NeoN,1,gpu-nvidia-h100
LDC_N240,13824000,17718344,Face-Based,CPU-Parallel,NeoN,1,gpu-nvidia-h100
LDC_N240,13824000,17667324,Face-Based,CPU-Parallel,NeoN,1,gpu-nvidia-h100
LDC_N240,13824000,4024320,Face-Based,CPU-Parallel,NeoN + Julia,1,gpu-nvidia-h100
LDC_N240,13824000,4017318,Face-Based,CPU-Parallel,NeoN + Julia,1,gpu-nvidia-h100
LDC_N240,13824000,4009228,Face-Based,CPU-Parallel,NeoN + Julia,1,gpu-nvidia-h100
LDC_N240,13824000,11793354,Face-Based,CPU-Parallel,NeoN,2,gpu-nvidia-h100
LDC_N240,13824000,11655376,Face-Based,CPU-Parallel,NeoN,2,gpu-nvidia-h100
LDC_N240,13824000,11706609,Face-Based,CPU-Parallel,NeoN,2,gpu-nvidia-h100
LDC_N240,13824000,1648009,Face-Based,CPU-Parallel,NeoN + Julia,2,gpu-nvidia-h100
LDC_N240,13824000,1648602,Face-Based,CPU-Parallel,NeoN + Julia,2,gpu-nvidia-h100
LDC_N240,13824000,1656881,Face-Based,CPU-Parallel,NeoN + Julia,2,gpu-nvidia-h100
LDC_N240,13824000,7492295,Face-Based,CPU-Parallel,NeoN,4,gpu-nvidia-h100
LDC_N240,13824000,7470678,Face-Based,CPU-Parallel,NeoN,4,gpu-nvidia-h100
LDC_N240,13824000,7489148,Face-Based,CPU-Parallel,NeoN,4,gpu-nvidia-h100
LDC_N240,13824000,864747,Face-Based,CPU-Parallel,NeoN + Julia,4,gpu-nvidia-h100
LDC_N240,13824000,868768,Face-Based,CPU-Parallel,NeoN + Julia,4,gpu-nvidia-h100
LDC_N240,13824000,876401,Face-Based,CPU-Parallel,NeoN + Julia,4,gpu-nvidia-h100
LDC_N240,13824000,4313713,Face-Based,CPU-Parallel,NeoN,8,gpu-nvidia-h100
LDC_N240,13824000,4356392,Face-Based,CPU-Parallel,NeoN,8,gpu-nvidia-h100
LDC_N240,13824000,4308207,Face-Based,CPU-Parallel,NeoN,8,gpu-nvidia-h100
LDC_N240,13824000,496998,Face-Based,CPU-Parallel,NeoN + Julia,8,gpu-nvidia-h100
LDC_N240,13824000,479556,Face-Based,CPU-Parallel,NeoN + Julia,8,gpu-nvidia-h100
LDC_N240,13824000,479484,Face-Based,CPU-Parallel,NeoN + Julia,8,gpu-nvidia-h100
LDC_N240,13824000,2160654,Face-Based,CPU-Parallel,NeoN,16,gpu-nvidia-h100
LDC_N240,13824000,2147897,Face-Based,CPU-Parallel,NeoN,16,gpu-nvidia-h100
LDC_N240,13824000,2150894,Face-Based,CPU-Parallel,NeoN,16,gpu-nvidia-h100
LDC_N240,13824000,272427,Face-Based,CPU-Parallel,NeoN + Julia,16,gpu-nvidia-h100
LDC_N240,13824000,270305,Face-Based,CPU-Parallel,NeoN + Julia,16,gpu-nvidia-h100
LDC_N240,13824000,268614,Face-Based,CPU-Parallel,NeoN + Julia,16,gpu-nvidia-h100
LDC_N240,13824000,1059605,Face-Based,CPU-Parallel,NeoN,32,gpu-nvidia-h100
LDC_N240,13824000,1059855,Face-Based,CPU-Parallel,NeoN,32,gpu-nvidia-h100
LDC_N240,13824000,1064224,Face-Based,CPU-Parallel,NeoN,32,gpu-nvidia-h100
LDC_N240,13824000,214589,Face-Based,CPU-Parallel,NeoN + Julia,32,gpu-nvidia-h100
LDC_N240,13824000,188988,Face-Based,CPU-Parallel,NeoN + Julia,32,gpu-nvidia-h100
LDC_N240,13824000,188651,Face-Based,CPU-Parallel,NeoN + Julia,32,gpu-nvidia-h100
LDC_N240,13824000,595275,Face-Based,CPU-Parallel,NeoN,64,gpu-nvidia-h100
LDC_N240,13824000,665482,Face-Based,CPU-Parallel,NeoN,64,gpu-nvidia-h100
LDC_N240,13824000,670019,Face-Based,CPU-Parallel,NeoN,64,gpu-nvidia-h100
LDC_N240,13824000,161529,Face-Based,CPU-Parallel,NeoN + Julia,64,gpu-nvidia-h100
LDC_N240,13824000,159724,Face-Based,CPU-Parallel,NeoN + Julia,64,gpu-nvidia-h100
LDC_N240,13824000,157444,Face-Based,CPU-Parallel,NeoN + Julia,64,gpu-nvidia-h100
LDC_N240,13824000,503378,Face-Based,CPU-Parallel,NeoN,128,gpu-nvidia-h100
LDC_N240,13824000,419866,Face-Based,CPU-Parallel,NeoN,128,gpu-nvidia-h100
LDC_N240,13824000,463143,Face-Based,CPU-Parallel,NeoN,128,gpu-nvidia-h100
LDC_N240,13824000,145665,Face-Based,CPU-Parallel,NeoN + Julia,128,gpu-nvidia-h100
LDC_N240,13824000,182639,Face-Based,CPU-Parallel,NeoN + Julia,128,gpu-nvidia-h100
LDC_N240,13824000,170561,Face-Based,CPU-Parallel,NeoN + Julia,128,gpu-nvidia-h100
LDC_N260,17576000,22835254,Face-Based,CPU-Parallel,NeoN,1,gpu-nvidia-h100
LDC_N260,17576000,22629275,Face-Based,CPU-Parallel,NeoN,1,gpu-nvidia-h100
LDC_N260,17576000,22447041,Face-Based,CPU-Parallel,NeoN,1,gpu-nvidia-h100
LDC_N260,17576000,5144998,Face-Based,CPU-Parallel,NeoN + Julia,1,gpu-nvidia-h100
LDC_N260,17576000,5137155,Face-Based,CPU-Parallel,NeoN + Julia,1,gpu-nvidia-h100
LDC_N260,17576000,5136192,Face-Based,CPU-Parallel,NeoN + Julia,1,gpu-nvidia-h100
LDC_N260,17576000,18218652,Face-Based,CPU-Parallel,NeoN,2,gpu-nvidia-h100
LDC_N260,17576000,18274369,Face-Based,CPU-Parallel,NeoN,2,gpu-nvidia-h100
LDC_N260,17576000,18324489,Face-Based,CPU-Parallel,NeoN,2,gpu-nvidia-h100
LDC_N260,17576000,2109975,Face-Based,CPU-Parallel,NeoN + Julia,2,gpu-nvidia-h100
LDC_N260,17576000,2148975,Face-Based,CPU-Parallel,NeoN + Julia,2,gpu-nvidia-h100
LDC_N260,17576000,2166405,Face-Based,CPU-Parallel,NeoN + Julia,2,gpu-nvidia-h100
LDC_N260,17576000,10084753,Face-Based,CPU-Parallel,NeoN,4,gpu-nvidia-h100
LDC_N260,17576000,10106725,Face-Based,CPU-Parallel,NeoN,4,gpu-nvidia-h100
LDC_N260,17576000,9953289,Face-Based,CPU-Parallel,NeoN,4,gpu-nvidia-h100
LDC_N260,17576000,1098870,Face-Based,CPU-Parallel,NeoN + Julia,4,gpu-nvidia-h100
LDC_N260,17576000,1106750,Face-Based,CPU-Parallel,NeoN + Julia,4,gpu-nvidia-h100
LDC_N260,17576000,1085463,Face-Based,CPU-Parallel,NeoN + Julia,4,gpu-nvidia-h100
LDC_N260,17576000,5345261,Face-Based,CPU-Parallel,NeoN,8,gpu-nvidia-h100
LDC_N260,17576000,5366778,Face-Based,CPU-Parallel,NeoN,8,gpu-nvidia-h100
LDC_N260,17576000,5363231,Face-Based,CPU-Parallel,NeoN,8,gpu-nvidia-h100
LDC_N260,17576000,603830,Face-Based,CPU-Parallel,NeoN + Julia,8,gpu-nvidia-h100
LDC_N260,17576000,604036,Face-Based,CPU-Parallel,NeoN + Julia,8,gpu-nvidia-h100
LDC_N260,17576000,604000,Face-Based,CPU-Parallel,NeoN + Julia,8,gpu-nvidia-h100
LDC_N260,17576000,2683560,Face-Based,CPU-Parallel,NeoN,16,gpu-nvidia-h100
LDC_N260,17576000,2660971,Face-Based,CPU-Parallel,NeoN,16,gpu-nvidia-h100
LDC_N260,17576000,2646166,Face-Based,CPU-Parallel,NeoN,16,gpu-nvidia-h100
LDC_N260,17576000,350054,Face-Based,CPU-Parallel,NeoN + Julia,16,gpu-nvidia-h100
LDC_N260,17576000,317956,Face-Based,CPU-Parallel,NeoN + Julia,16,gpu-nvidia-h100
LDC_N260,17576000,349066,Face-Based,CPU-Parallel,NeoN + Julia,16,gpu-nvidia-h100
LDC_N260,17576000,1335981,Face-Based,CPU-Parallel,NeoN,32,gpu-nvidia-h100
LDC_N260,17576000,1335771,Face-Based,CPU-Parallel,NeoN,32,gpu-nvidia-h100
LDC_N260,17576000,1334423,Face-Based,CPU-Parallel,NeoN,32,gpu-nvidia-h100
LDC_N260,17576000,220026,Face-Based,CPU-Parallel,NeoN + Julia,32,gpu-nvidia-h100
LDC_N260,17576000,220857,Face-Based,CPU-Parallel,NeoN + Julia,32,gpu-nvidia-h100
LDC_N260,17576000,219481,Face-Based,CPU-Parallel,NeoN + Julia,32,gpu-nvidia-h100
LDC_N260,17576000,822468,Face-Based,CPU-Parallel,NeoN,64,gpu-nvidia-h100
LDC_N260,17576000,824316,Face-Based,CPU-Parallel,NeoN,64,gpu-nvidia-h100
LDC_N260,17576000,819183,Face-Based,CPU-Parallel,NeoN,64,gpu-nvidia-h100
LDC_N260,17576000,179910,Face-Based,CPU-Parallel,NeoN + Julia,64,gpu-nvidia-h100
LDC_N260,17576000,182730,Face-Based,CPU-Parallel,NeoN + Julia,64,gpu-nvidia-h100
LDC_N260,17576000,189670,Face-Based,CPU-Parallel,NeoN + Julia,64,gpu-nvidia-h100
LDC_N260,17576000,615262,Face-Based,CPU-Parallel,NeoN,128,gpu-nvidia-h100
LDC_N260,17576000,575495,Face-Based,CPU-Parallel,NeoN,128,gpu-nvidia-h100
LDC_N260,17576000,526248,Face-Based,CPU-Parallel,NeoN,128,gpu-nvidia-h100
LDC_N260,17576000,222573,Face-Based,CPU-Parallel,NeoN + Julia,128,gpu-nvidia-h100
LDC_N260,17576000,186544,Face-Based,CPU-Parallel,NeoN + Julia,128,gpu-nvidia-h100
LDC_N260,17576000,182088,Face-Based,CPU-Parallel,NeoN + Julia,128,gpu-nvidia-h100
LDC_N280,21952000,28423820,Face-Based,CPU-Parallel,NeoN,1,gpu-nvidia-h100
LDC_N280,21952000,28045883,Face-Based,CPU-Parallel,NeoN,1,gpu-nvidia-h100
LDC_N280,21952000,28034603,Face-Based,CPU-Parallel,NeoN,1,gpu-nvidia-h100
LDC_N280,21952000,6382407,Face-Based,CPU-Parallel,NeoN + Julia,1,gpu-nvidia-h100
LDC_N280,21952000,6495300,Face-Based,CPU-Parallel,NeoN + Julia,1,gpu-nvidia-h100
LDC_N280,21952000,6492035,Face-Based,CPU-Parallel,NeoN + Julia,1,gpu-nvidia-h100
LDC_N280,21952000,19443570,Face-Based,CPU-Parallel,NeoN,2,gpu-nvidia-h100
LDC_N280,21952000,18799252,Face-Based,CPU-Parallel,NeoN,2,gpu-nvidia-h100
LDC_N280,21952000,20107172,Face-Based,CPU-Parallel,NeoN,2,gpu-nvidia-h100
LDC_N280,21952000,2653087,Face-Based,CPU-Parallel,NeoN + Julia,2,gpu-nvidia-h100
LDC_N280,21952000,2639309,Face-Based,CPU-Parallel,NeoN + Julia,2,gpu-nvidia-h100
LDC_N280,21952000,2732738,Face-Based,CPU-Parallel,NeoN + Julia,2,gpu-nvidia-h100
LDC_N280,21952000,12533324,Face-Based,CPU-Parallel,NeoN,4,gpu-nvidia-h100
LDC_N280,21952000,12039682,Face-Based,CPU-Parallel,NeoN,4,gpu-nvidia-h100
LDC_N280,21952000,12000582,Face-Based,CPU-Parallel,NeoN,4,gpu-nvidia-h100
LDC_N280,21952000,1376465,Face-Based,CPU-Parallel,NeoN + Julia,4,gpu-nvidia-h100
LDC_N280,21952000,1376228,Face-Based,CPU-Parallel,NeoN + Julia,4,gpu-nvidia-h100
LDC_N280,21952000,1365007,Face-Based,CPU-Parallel,NeoN + Julia,4,gpu-nvidia-h100
LDC_N280,21952000,6350452,Face-Based,CPU-Parallel,NeoN,8,gpu-nvidia-h100
LDC_N280,21952000,6366531,Face-Based,CPU-Parallel,NeoN,8,gpu-nvidia-h100
LDC_N280,21952000,6404501,Face-Based,CPU-Parallel,NeoN,8,gpu-nvidia-h100
LDC_N280,21952000,758978,Face-Based,CPU-Parallel,NeoN + Julia,8,gpu-nvidia-h100
LDC_N280,21952000,761115,Face-Based,CPU-Parallel,NeoN + Julia,8,gpu-nvidia-h100
LDC_N280,21952000,730259,Face-Based,CPU-Parallel,NeoN + Julia,8,gpu-nvidia-h100
LDC_N280,21952000,3208688,Face-Based,CPU-Parallel,NeoN,16,gpu-nvidia-h100
LDC_N280,21952000,3226170,Face-Based,CPU-Parallel,NeoN,16,gpu-nvidia-h100
LDC_N280,21952000,3212400,Face-Based,CPU-Parallel,NeoN,16,gpu-nvidia-h100
LDC_N280,21952000,397084,Face-Based,CPU-Parallel,NeoN + Julia,16,gpu-nvidia-h100
LDC_N280,21952000,420951,Face-Based,CPU-Parallel,NeoN + Julia,16,gpu-nvidia-h100
LDC_N280,21952000,421259,Face-Based,CPU-Parallel,NeoN + Julia,16,gpu-nvidia-h100
LDC_N280,21952000,1622074,Face-Based,CPU-Parallel,NeoN,32,gpu-nvidia-h100
LDC_N280,21952000,1622910,Face-Based,CPU-Parallel,NeoN,32,gpu-nvidia-h100
LDC_N280,21952000,1624823,Face-Based,CPU-Parallel,NeoN,32,gpu-nvidia-h100
LDC_N280,21952000,274975,Face-Based,CPU-Parallel,NeoN + Julia,32,gpu-nvidia-h100
LDC_N280,21952000,289102,Face-Based,CPU-Parallel,NeoN + Julia,32,gpu-nvidia-h100
LDC_N280,21952000,275241,Face-Based,CPU-Parallel,NeoN + Julia,32,gpu-nvidia-h100
LDC_N280,21952000,1016637,Face-Based,CPU-Parallel,NeoN,64,gpu-nvidia-h100
LDC_N280,21952000,1024940,Face-Based,CPU-Parallel,NeoN,64,gpu-nvidia-h100
LDC_N280,21952000,891711,Face-Based,CPU-Parallel,NeoN,64,gpu-nvidia-h100
LDC_N280,21952000,233951,Face-Based,CPU-Parallel,NeoN + Julia,64,gpu-nvidia-h100
LDC_N280,21952000,245829,Face-Based,CPU-Parallel,NeoN + Julia,64,gpu-nvidia-h100
LDC_N280,21952000,228641,Face-Based,CPU-Parallel,NeoN + Julia,64,gpu-nvidia-h100
LDC_N280,21952000,649381,Face-Based,CPU-Parallel,NeoN,128,gpu-nvidia-h100
LDC_N280,21952000,671011,Face-Based,CPU-Parallel,NeoN,128,gpu-nvidia-h100
LDC_N280,21952000,693983,Face-Based,CPU-Parallel,NeoN,128,gpu-nvidia-h100
LDC_N280,21952000,213523,Face-Based,CPU-Parallel,NeoN + Julia,128,gpu-nvidia-h100
LDC_N280,21952000,224636,Face-Based,CPU-Parallel,NeoN + Julia,128,gpu-nvidia-h100
LDC_N280,21952000,203588,Face-Based,CPU-Parallel,NeoN + Julia,128,gpu-nvidia-h100
LDC_N300,27000000,35083016,Face-Based,CPU-Parallel,NeoN,1,gpu-nvidia-h100
LDC_N300,27000000,34986990,Face-Based,CPU-Parallel,NeoN,1,gpu-nvidia-h100
LDC_N300,27000000,34572646,Face-Based,CPU-Parallel,NeoN,1,gpu-nvidia-h100
LDC_N300,27000000,7839765,Face-Based,CPU-Parallel,NeoN + Julia,1,gpu-nvidia-h100
LDC_N300,27000000,7835902,Face-Based,CPU-Parallel,NeoN + Julia,1,gpu-nvidia-h100
LDC_N300,27000000,7833912,Face-Based,CPU-Parallel,NeoN + Julia,1,gpu-nvidia-h100
LDC_N300,27000000,22278554,Face-Based,CPU-Parallel,NeoN,2,gpu-nvidia-h100
LDC_N300,27000000,21541085,Face-Based,CPU-Parallel,NeoN,2,gpu-nvidia-h100
LDC_N300,27000000,22065071,Face-Based,CPU-Parallel,NeoN,2,gpu-nvidia-h100
LDC_N300,27000000,3210509,Face-Based,CPU-Parallel,NeoN + Julia,2,gpu-nvidia-h100
LDC_N300,27000000,3231501,Face-Based,CPU-Parallel,NeoN + Julia,2,gpu-nvidia-h100
LDC_N300,27000000,3196074,Face-Based,CPU-Parallel,NeoN + Julia,2,gpu-nvidia-h100
LDC_N300,27000000,14761859,Face-Based,CPU-Parallel,NeoN,4,gpu-nvidia-h100
LDC_N300,27000000,14572637,Face-Based,CPU-Parallel,NeoN,4,gpu-nvidia-h100
LDC_N300,27000000,14581981,Face-Based,CPU-Parallel,NeoN,4,gpu-nvidia-h100
LDC_N300,27000000,1661578,Face-Based,CPU-Parallel,NeoN + Julia,4,gpu-nvidia-h100
LDC_N300,27000000,1652351,Face-Based,CPU-Parallel,NeoN + Julia,4,gpu-nvidia-h100
LDC_N300,27000000,1649153,Face-Based,CPU-Parallel,NeoN + Julia,4,gpu-nvidia-h100
LDC_N300,27000000,8499579,Face-Based,CPU-Parallel,NeoN,8,gpu-nvidia-h100
LDC_N300,27000000,8656398,Face-Based,CPU-Parallel,NeoN,8,gpu-nvidia-h100
LDC_N300,27000000,8686982,Face-Based,CPU-Parallel,NeoN,8,gpu-nvidia-h100
LDC_N300,27000000,887399,Face-Based,CPU-Parallel,NeoN + Julia,8,gpu-nvidia-h100
LDC_N300,27000000,906548,Face-Based,CPU-Parallel,NeoN + Julia,8,gpu-nvidia-h100
LDC_N300,27000000,894718,Face-Based,CPU-Parallel,NeoN + Julia,8,gpu-nvidia-h100
LDC_N300,27000000,4277694,Face-Based,CPU-Parallel,NeoN,16,gpu-nvidia-h100
LDC_N300,27000000,4267333,Face-Based,CPU-Parallel,NeoN,16,gpu-nvidia-h100
LDC_N300,27000000,4257606,Face-Based,CPU-Parallel,NeoN,16,gpu-nvidia-h100
LDC_N300,27000000,498897,Face-Based,CPU-Parallel,NeoN + Julia,16,gpu-nvidia-h100
LDC_N300,27000000,515776,Face-Based,CPU-Parallel,NeoN + Julia,16,gpu-nvidia-h100
LDC_N300,27000000,502127,Face-Based,CPU-Parallel,NeoN + Julia,16,gpu-nvidia-h100
LDC_N300,27000000,2144727,Face-Based,CPU-Parallel,NeoN,32,gpu-nvidia-h100
LDC_N300,27000000,2152726,Face-Based,CPU-Parallel,NeoN,32,gpu-nvidia-h100
LDC_N300,27000000,2144959,Face-Based,CPU-Parallel,NeoN,32,gpu-nvidia-h100
LDC_N300,27000000,382238,Face-Based,CPU-Parallel,NeoN + Julia,32,gpu-nvidia-h100
LDC_N300,27000000,327170,Face-Based,CPU-Parallel,NeoN + Julia,32,gpu-nvidia-h100
LDC_N300,27000000,345049,Face-Based,CPU-Parallel,NeoN + Julia,32,gpu-nvidia-h100
LDC_N300,27000000,1263806,Face-Based,CPU-Parallel,NeoN,64,gpu-nvidia-h100
LDC_N300,27000000,1250008,Face-Based,CPU-Parallel,NeoN,64,gpu-nvidia-h100
LDC_N300,27000000,1267303,Face-Based,CPU-Parallel,NeoN,64,gpu-nvidia-h100
LDC_N300,27000000,259443,Face-Based,CPU-Parallel,NeoN + Julia,64,gpu-nvidia-h100
LDC_N300,27000000,248460,Face-Based,CPU-Parallel,NeoN + Julia,64,gpu-nvidia-h100
LDC_N300,27000000,263111,Face-Based,CPU-Parallel,NeoN + Julia,64,gpu-nvidia-h100
LDC_N300,27000000,797217,Face-Based,CPU-Parallel,NeoN,128,gpu-nvidia-h100
LDC_N300,27000000,797751,Face-Based,CPU-Parallel,NeoN,128,gpu-nvidia-h100
LDC_N300,27000000,799945,Face-Based,CPU-Parallel,NeoN,128,gpu-nvidia-h100
LDC_N300,27000000,265509,Face-Based,CPU-Parallel,NeoN + Julia,128,gpu-nvidia-h100
LDC_N300,27000000,250266,Face-Based,CPU-Parallel,NeoN + Julia,128,gpu-nvidia-h100
LDC_N300,27000000,245534,Face-Based,CPU-Parallel,NeoN + Julia,128,gpu-nvidia-h100
LDC_N320,32768000,42663981,Face-Based,CPU-Parallel,NeoN,1,gpu-nvidia-h100
LDC_N320,32768000,42085340,Face-Based,CPU-Parallel,NeoN,1,gpu-nvidia-h100
LDC_N320,32768000,41551967,Face-Based,CPU-Parallel,NeoN,1,gpu-nvidia-h100
LDC_N320,32768000,9542720,Face-Based,CPU-Parallel,NeoN + Julia,1,gpu-nvidia-h100
LDC_N320,32768000,9509346,Face-Based,CPU-Parallel,NeoN + Julia,1,gpu-nvidia-h100
LDC_N320,32768000,9520870,Face-Based,CPU-Parallel,NeoN + Julia,1,gpu-nvidia-h100
LDC_N320,32768000,27390995,Face-Based,CPU-Parallel,NeoN,2,gpu-nvidia-h100
LDC_N320,32768000,27082314,Face-Based,CPU-Parallel,NeoN,2,gpu-nvidia-h100
LDC_N320,32768000,26849180,Face-Based,CPU-Parallel,NeoN,2,gpu-nvidia-h100
LDC_N320,32768000,3933919,Face-Based,CPU-Parallel,NeoN + Julia,2,gpu-nvidia-h100
LDC_N320,32768000,3930773,Face-Based,CPU-Parallel,NeoN + Julia,2,gpu-nvidia-h100
LDC_N320,32768000,3937779,Face-Based,CPU-Parallel,NeoN + Julia,2,gpu-nvidia-h100
LDC_N320,32768000,19002253,Face-Based,CPU-Parallel,NeoN,4,gpu-nvidia-h100
LDC_N320,32768000,18754160,Face-Based,CPU-Parallel,NeoN,4,gpu-nvidia-h100
LDC_N320,32768000,18855729,Face-Based,CPU-Parallel,NeoN,4,gpu-nvidia-h100
LDC_N320,32768000,2031557,Face-Based,CPU-Parallel,NeoN + Julia,4,gpu-nvidia-h100
LDC_N320,32768000,2040257,Face-Based,CPU-Parallel,NeoN + Julia,4,gpu-nvidia-h100
LDC_N320,32768000,2026186,Face-Based,CPU-Parallel,NeoN + Julia,4,gpu-nvidia-h100
LDC_N320,32768000,9375512,Face-Based,CPU-Parallel,NeoN,8,gpu-nvidia-h100
LDC_N320,32768000,9400146,Face-Based,CPU-Parallel,NeoN,8,gpu-nvidia-h100
LDC_N320,32768000,9398443,Face-Based,CPU-Parallel,NeoN,8,gpu-nvidia-h100
LDC_N320,32768000,1081091,Face-Based,CPU-Parallel,NeoN + Julia,8,gpu-nvidia-h100
LDC_N320,32768000,1077972,Face-Based,CPU-Parallel,NeoN + Julia,8,gpu-nvidia-h100
LDC_N320,32768000,1061050,Face-Based,CPU-Parallel,NeoN + Julia,8,gpu-nvidia-h100
LDC_N320,32768000,5156416,Face-Based,CPU-Parallel,NeoN,16,gpu-nvidia-h100
LDC_N320,32768000,5132403,Face-Based,CPU-Parallel,NeoN,16,gpu-nvidia-h100
LDC_N320,32768000,5133077,Face-Based,CPU-Parallel,NeoN,16,gpu-nvidia-h100
LDC_N320,32768000,580697,Face-Based,CPU-Parallel,NeoN + Julia,16,gpu-nvidia-h100
LDC_N320,32768000,623853,Face-Based,CPU-Parallel,NeoN + Julia,16,gpu-nvidia-h100
LDC_N320,32768000,618439,Face-Based,CPU-Parallel,NeoN + Julia,16,gpu-nvidia-h100
LDC_N320,32768000,2566956,Face-Based,CPU-Parallel,NeoN,32,gpu-nvidia-h100
LDC_N320,32768000,2561512,Face-Based,CPU-Parallel,NeoN,32,gpu-nvidia-h100
LDC_N320,32768000,2571049,Face-Based,CPU-Parallel,NeoN,32,gpu-nvidia-h100
LDC_N320,32768000,400990,Face-Based,CPU-Parallel,NeoN + Julia,32,gpu-nvidia-h100
LDC_N320,32768000,401734,Face-Based,CPU-Parallel,NeoN + Julia,32,gpu-nvidia-h100
LDC_N320,32768000,398913,Face-Based,CPU-Parallel,NeoN + Julia,32,gpu-nvidia-h100
LDC_N320,32768000,1471972,Face-Based,CPU-Parallel,NeoN,64,gpu-nvidia-h100
LDC_N320,32768000,1374178,Face-Based,CPU-Parallel,NeoN,64,gpu-nvidia-h100
LDC_N320,32768000,1297064,Face-Based,CPU-Parallel,NeoN,64,gpu-nvidia-h100
LDC_N320,32768000,327990,Face-Based,CPU-Parallel,NeoN + Julia,64,gpu-nvidia-h100
LDC_N320,32768000,305109,Face-Based,CPU-Parallel,NeoN + Julia,64,gpu-nvidia-h100
LDC_N320,32768000,401939,Face-Based,CPU-Parallel,NeoN + Julia,64,gpu-nvidia-h100
LDC_N320,32768000,954504,Face-Based,CPU-Parallel,NeoN,128,gpu-nvidia-h100
LDC_N320,32768000,1018760,Face-Based,CPU-Parallel,NeoN,128,gpu-nvidia-h100
LDC_N320,32768000,936217,Face-Based,CPU-Parallel,NeoN,128,gpu-nvidia-h100
LDC_N320,32768000,282396,Face-Based,CPU-Parallel,NeoN + Julia,128,gpu-nvidia-h100
LDC_N320,32768000,267767,Face-Based,CPU-Parallel,NeoN + Julia,128,gpu-nvidia-h100
LDC_N320,32768000,235974,Face-Based,CPU-Parallel,NeoN + Julia,128,gpu-nvidia-h100
LDC_N340,39304000,51170976,Face-Based,CPU-Parallel,NeoN,1,gpu-nvidia-h100
LDC_N340,39304000,51370102,Face-Based,CPU-Parallel,NeoN,1,gpu-nvidia-h100
LDC_N340,39304000,51913016,Face-Based,CPU-Parallel,NeoN,1,gpu-nvidia-h100
LDC_N340,39304000,11435889,Face-Based,CPU-Parallel,NeoN + Julia,1,gpu-nvidia-h100
LDC_N340,39304000,11467924,Face-Based,CPU-Parallel,NeoN + Julia,1,gpu-nvidia-h100
LDC_N340,39304000,11457995,Face-Based,CPU-Parallel,NeoN + Julia,1,gpu-nvidia-h100
LDC_N340,39304000,33665929,Face-Based,CPU-Parallel,NeoN,2,gpu-nvidia-h100
LDC_N340,39304000,33416444,Face-Based,CPU-Parallel,NeoN,2,gpu-nvidia-h100
LDC_N340,39304000,33445308,Face-Based,CPU-Parallel,NeoN,2,gpu-nvidia-h100
LDC_N340,39304000,4676440,Face-Based,CPU-Parallel,NeoN + Julia,2,gpu-nvidia-h100
LDC_N340,39304000,4680872,Face-Based,CPU-Parallel,NeoN + Julia,2,gpu-nvidia-h100
LDC_N340,39304000,4684578,Face-Based,CPU-Parallel,NeoN + Julia,2,gpu-nvidia-h100
LDC_N340,39304000,22027926,Face-Based,CPU-Parallel,NeoN,4,gpu-nvidia-h100
LDC_N340,39304000,20948207,Face-Based,CPU-Parallel,NeoN,4,gpu-nvidia-h100
LDC_N340,39304000,19747120,Face-Based,CPU-Parallel,NeoN,4,gpu-nvidia-h100
LDC_N340,39304000,2389958,Face-Based,CPU-Parallel,NeoN + Julia,4,gpu-nvidia-h100
LDC_N340,39304000,2391642,Face-Based,CPU-Parallel,NeoN + Julia,4,gpu-nvidia-h100
LDC_N340,39304000,2413102,Face-Based,CPU-Parallel,NeoN + Julia,4,gpu-nvidia-h100
LDC_N340,39304000,11427863,Face-Based,CPU-Parallel,NeoN,8,gpu-nvidia-h100
LDC_N340,39304000,11419629,Face-Based,CPU-Parallel,NeoN,8,gpu-nvidia-h100
LDC_N340,39304000,11405176,Face-Based,CPU-Parallel,NeoN,8,gpu-nvidia-h100
LDC_N340,39304000,1255360,Face-Based,CPU-Parallel,NeoN + Julia,8,gpu-nvidia-h100
LDC_N340,39304000,1253889,Face-Based,CPU-Parallel,NeoN + Julia,8,gpu-nvidia-h100
LDC_N340,39304000,1270229,Face-Based,CPU-Parallel,NeoN + Julia,8,gpu-nvidia-h100
LDC_N340,39304000,5896211,Face-Based,CPU-Parallel,NeoN,16,gpu-nvidia-h100
LDC_N340,39304000,5890644,Face-Based,CPU-Parallel,NeoN,16,gpu-nvidia-h100
LDC_N340,39304000,5898259,Face-Based,CPU-Parallel,NeoN,16,gpu-nvidia-h100
LDC_N340,39304000,707232,Face-Based,CPU-Parallel,NeoN + Julia,16,gpu-nvidia-h100
LDC_N340,39304000,727047,Face-Based,CPU-Parallel,NeoN + Julia,16,gpu-nvidia-h100
LDC_N340,39304000,695317,Face-Based,CPU-Parallel,NeoN + Julia,16,gpu-nvidia-h100
LDC_N340,39304000,2957526,Face-Based,CPU-Parallel,NeoN,32,gpu-nvidia-h100
LDC_N340,39304000,2935375,Face-Based,CPU-Parallel,NeoN,32,gpu-nvidia-h100
LDC_N340,39304000,2932915,Face-Based,CPU-Parallel,NeoN,32,gpu-nvidia-h100
LDC_N340,39304000,453217,Face-Based,CPU-Parallel,NeoN + Julia,32,gpu-nvidia-h100
LDC_N340,39304000,467792,Face-Based,CPU-Parallel,NeoN + Julia,32,gpu-nvidia-h100
LDC_N340,39304000,479670,Face-Based,CPU-Parallel,NeoN + Julia,32,gpu-nvidia-h100
LDC_N340,39304000,1754771,Face-Based,CPU-Parallel,NeoN,64,gpu-nvidia-h100
LDC_N340,39304000,1739486,Face-Based,CPU-Parallel,NeoN,64,gpu-nvidia-h100
LDC_N340,39304000,1763475,Face-Based,CPU-Parallel,NeoN,64,gpu-nvidia-h100
LDC_N340,39304000,366047,Face-Based,CPU-Parallel,NeoN + Julia,64,gpu-nvidia-h100
LDC_N340,39304000,353492,Face-Based,CPU-Parallel,NeoN + Julia,64,gpu-nvidia-h100
LDC_N340,39304000,330254,Face-Based,CPU-Parallel,NeoN + Julia,64,gpu-nvidia-h100
LDC_N340,39304000,1569180,Face-Based,CPU-Parallel,NeoN,128,gpu-nvidia-h100
LDC_N340,39304000,1499366,Face-Based,CPU-Parallel,NeoN,128,gpu-nvidia-h100
LDC_N340,39304000,1524854,Face-Based,CPU-Parallel,NeoN,128,gpu-nvidia-h100
LDC_N340,39304000,346619,Face-Based,CPU-Parallel,NeoN + Julia,128,gpu-nvidia-h100
LDC_N340,39304000,350631,Face-Based,CPU-Parallel,NeoN + Julia,128,gpu-nvidia-h100
LDC_N340,39304000,320823,Face-Based,CPU-Parallel,NeoN + Julia,128,gpu-nvidia-h100
LDC_N360,46656000,60345770,Face-Based,CPU-Parallel,NeoN,1,gpu-nvidia-h100
LDC_N360,46656000,59393338,Face-Based,CPU-Parallel,NeoN,1,gpu-nvidia-h100
LDC_N360,46656000,59516611,Face-Based,CPU-Parallel,NeoN,1,gpu-nvidia-h100
LDC_N360,46656000,13751380,Face-Based,CPU-Parallel,NeoN + Julia,1,gpu-nvidia-h100
LDC_N360,46656000,13755165,Face-Based,CPU-Parallel,NeoN + Julia,1,gpu-nvidia-h100
LDC_N360,46656000,13799144,Face-Based,CPU-Parallel,NeoN + Julia,1,gpu-nvidia-h100
LDC_N360,46656000,39609748,Face-Based,CPU-Parallel,NeoN,2,gpu-nvidia-h100
LDC_N360,46656000,39174843,Face-Based,CPU-Parallel,NeoN,2,gpu-nvidia-h100
LDC_N360,46656000,41689821,Face-Based,CPU-Parallel,NeoN,2,gpu-nvidia-h100
LDC_N360,46656000,5691729,Face-Based,CPU-Parallel,NeoN + Julia,2,gpu-nvidia-h100
LDC_N360,46656000,5675134,Face-Based,CPU-Parallel,NeoN + Julia,2,gpu-nvidia-h100
LDC_N360,46656000,5647438,Face-Based,CPU-Parallel,NeoN + Julia,2,gpu-nvidia-h100
LDC_N360,46656000,22195975,Face-Based,CPU-Parallel,NeoN,4,gpu-nvidia-h100
LDC_N360,46656000,22136507,Face-Based,CPU-Parallel,NeoN,4,gpu-nvidia-h100
LDC_N360,46656000,22170631,Face-Based,CPU-Parallel,NeoN,4,gpu-nvidia-h100
LDC_N360,46656000,2847439,Face-Based,CPU-Parallel,NeoN + Julia,4,gpu-nvidia-h100
LDC_N360,46656000,2880650,Face-Based,CPU-Parallel,NeoN + Julia,4,gpu-nvidia-h100
LDC_N360,46656000,2869742,Face-Based,CPU-Parallel,NeoN + Julia,4,gpu-nvidia-h100
LDC_N360,46656000,14712224,Face-Based,CPU-Parallel,NeoN,8,gpu-nvidia-h100
LDC_N360,46656000,14403757,Face-Based,CPU-Parallel,NeoN,8,gpu-nvidia-h100
LDC_N360,46656000,14459130,Face-Based,CPU-Parallel,NeoN,8,gpu-nvidia-h100
LDC_N360,46656000,1496003,Face-Based,CPU-Parallel,NeoN + Julia,8,gpu-nvidia-h100
LDC_N360,46656000,1511019,Face-Based,CPU-Parallel,NeoN + Julia,8,gpu-nvidia-h100
LDC_N360,46656000,1488940,Face-Based,CPU-Parallel,NeoN + Julia,8,gpu-nvidia-h100
LDC_N360,46656000,7212933,Face-Based,CPU-Parallel,NeoN,16,gpu-nvidia-h100
LDC_N360,46656000,7219325,Face-Based,CPU-Parallel,NeoN,16,gpu-nvidia-h100
LDC_N360,46656000,7239339,Face-Based,CPU-Parallel,NeoN,16,gpu-nvidia-h100
LDC_N360,46656000,859126,Face-Based,CPU-Parallel,NeoN + Julia,16,gpu-nvidia-h100
LDC_N360,46656000,845697,Face-Based,CPU-Parallel,NeoN + Julia,16,gpu-nvidia-h100
LDC_N360,46656000,831123,Face-Based,CPU-Parallel,NeoN + Julia,16,gpu-nvidia-h100
LDC_N360,46656000,3645001,Face-Based,CPU-Parallel,NeoN,32,gpu-nvidia-h100
LDC_N360,46656000,3654182,Face-Based,CPU-Parallel,NeoN,32,gpu-nvidia-h100
LDC_N360,46656000,3640832,Face-Based,CPU-Parallel,NeoN,32,gpu-nvidia-h100
LDC_N360,46656000,554967,Face-Based,CPU-Parallel,NeoN + Julia,32,gpu-nvidia-h100
LDC_N360,46656000,545558,Face-Based,CPU-Parallel,NeoN + Julia,32,gpu-nvidia-h100
LDC_N360,46656000,546845,Face-Based,CPU-Parallel,NeoN + Julia,32,gpu-nvidia-h100
LDC_N360,46656000,2183410,Face-Based,CPU-Parallel,NeoN,64,gpu-nvidia-h100
LDC_N360,46656000,2018918,Face-Based,CPU-Parallel,NeoN,64,gpu-nvidia-h100
LDC_N360,46656000,1932823,Face-Based,CPU-Parallel,NeoN,64,gpu-nvidia-h100
LDC_N360,46656000,434700,Face-Based,CPU-Parallel,NeoN + Julia,64,gpu-nvidia-h100
LDC_N360,46656000,408088,Face-Based,CPU-Parallel,NeoN + Julia,64,gpu-nvidia-h100
LDC_N360,46656000,424239,Face-Based,CPU-Parallel,NeoN + Julia,64,gpu-nvidia-h100
LDC_N360,46656000,1703356,Face-Based,CPU-Parallel,NeoN,128,gpu-nvidia-h100
LDC_N360,46656000,1744201,Face-Based,CPU-Parallel,NeoN,128,gpu-nvidia-h100
LDC_N360,46656000,1530837,Face-Based,CPU-Parallel,NeoN,128,gpu-nvidia-h100
LDC_N360,46656000,383533,Face-Based,CPU-Parallel,NeoN + Julia,128,gpu-nvidia-h100
LDC_N360,46656000,446930,Face-Based,CPU-Parallel,NeoN + Julia,128,gpu-nvidia-h100
LDC_N360,46656000,328569,Face-Based,CPU-Parallel,NeoN + Julia,128,gpu-nvidia-h100
LDC_N380,54872000,71812306,Face-Based,CPU-Parallel,NeoN,1,gpu-nvidia-h100
LDC_N380,54872000,70895973,Face-Based,CPU-Parallel,NeoN,1,gpu-nvidia-h100
LDC_N380,54872000,70292523,Face-Based,CPU-Parallel,NeoN,1,gpu-nvidia-h100
LDC_N380,54872000,15781554,Face-Based,CPU-Parallel,NeoN + Julia,1,gpu-nvidia-h100
LDC_N380,54872000,15792589,Face-Based,CPU-Parallel,NeoN + Julia,1,gpu-nvidia-h100
LDC_N380,54872000,15801108,Face-Based,CPU-Parallel,NeoN + Julia,1,gpu-nvidia-h100
LDC_N380,54872000,48251478,Face-Based,CPU-Parallel,NeoN,2,gpu-nvidia-h100
LDC_N380,54872000,47767920,Face-Based,CPU-Parallel,NeoN,2,gpu-nvidia-h100
LDC_N380,54872000,47698212,Face-Based,CPU-Parallel,NeoN,2,gpu-nvidia-h100
LDC_N380,54872000,6518914,Face-Based,CPU-Parallel,NeoN + Julia,2,gpu-nvidia-h100
LDC_N380,54872000,6514504,Face-Based,CPU-Parallel,NeoN + Julia,2,gpu-nvidia-h100
LDC_N380,54872000,6511148,Face-Based,CPU-Parallel,NeoN + Julia,2,gpu-nvidia-h100
LDC_N380,54872000,26954536,Face-Based,CPU-Parallel,NeoN,4,gpu-nvidia-h100
LDC_N380,54872000,26776412,Face-Based,CPU-Parallel,NeoN,4,gpu-nvidia-h100
LDC_N380,54872000,26610556,Face-Based,CPU-Parallel,NeoN,4,gpu-nvidia-h100
LDC_N380,54872000,3293514,Face-Based,CPU-Parallel,NeoN + Julia,4,gpu-nvidia-h100
LDC_N380,54872000,3295199,Face-Based,CPU-Parallel,NeoN + Julia,4,gpu-nvidia-h100
LDC_N380,54872000,3300529,Face-Based,CPU-Parallel,NeoN + Julia,4,gpu-nvidia-h100
LDC_N380,54872000,16006355,Face-Based,CPU-Parallel,NeoN,8,gpu-nvidia-h100
LDC_N380,54872000,15960312,Face-Based,CPU-Parallel,NeoN,8,gpu-nvidia-h100
LDC_N380,54872000,15931633,Face-Based,CPU-Parallel,NeoN,8,gpu-nvidia-h100
LDC_N380,54872000,1715246,Face-Based,CPU-Parallel,NeoN + Julia,8,gpu-nvidia-h100
LDC_N380,54872000,1739560,Face-Based,CPU-Parallel,NeoN + Julia,8,gpu-nvidia-h100
LDC_N380,54872000,1737482,Face-Based,CPU-Parallel,NeoN + Julia,8,gpu-nvidia-h100
LDC_N380,54872000,8618863,Face-Based,CPU-Parallel,NeoN,16,gpu-nvidia-h100
LDC_N380,54872000,8605564,Face-Based,CPU-Parallel,NeoN,16,gpu-nvidia-h100
LDC_N380,54872000,8658604,Face-Based,CPU-Parallel,NeoN,16,gpu-nvidia-h100
LDC_N380,54872000,923837,Face-Based,CPU-Parallel,NeoN + Julia,16,gpu-nvidia-h100
LDC_N380,54872000,958907,Face-Based,CPU-Parallel,NeoN + Julia,16,gpu-nvidia-h100
LDC_N380,54872000,940385,Face-Based,CPU-Parallel,NeoN + Julia,16,gpu-nvidia-h100
LDC_N380,54872000,4324181,Face-Based,CPU-Parallel,NeoN,32,gpu-nvidia-h100
LDC_N380,54872000,4313002,Face-Based,CPU-Parallel,NeoN,32,gpu-nvidia-h100
LDC_N380,54872000,4321777,Face-Based,CPU-Parallel,NeoN,32,gpu-nvidia-h100
LDC_N380,54872000,638327,Face-Based,CPU-Parallel,NeoN + Julia,32,gpu-nvidia-h100
LDC_N380,54872000,612913,Face-Based,CPU-Parallel,NeoN + Julia,32,gpu-nvidia-h100
LDC_N380,54872000,591710,Face-Based,CPU-Parallel,NeoN + Julia,32,gpu-nvidia-h100
LDC_N380,54872000,2496344,Face-Based,CPU-Parallel,NeoN,64,gpu-nvidia-h100
LDC_N380,54872000,2481560,Face-Based,CPU-Parallel,NeoN,64,gpu-nvidia-h100
LDC_N380,54872000,2470016,Face-Based,CPU-Parallel,NeoN,64,gpu-nvidia-h100
LDC_N380,54872000,464540,Face-Based,CPU-Parallel,NeoN + Julia,64,gpu-nvidia-h100
LDC_N380,54872000,431647,Face-Based,CPU-Parallel,NeoN + Julia,64,gpu-nvidia-h100
LDC_N380,54872000,442373,Face-Based,CPU-Parallel,NeoN + Julia,64,gpu-nvidia-h100
LDC_N380,54872000,1770387,Face-Based,CPU-Parallel,NeoN,128,gpu-nvidia-h100
LDC_N380,54872000,1679352,Face-Based,CPU-Parallel,NeoN,128,gpu-nvidia-h100
LDC_N380,54872000,1627189,Face-Based,CPU-Parallel,NeoN,128,gpu-nvidia-h100
LDC_N380,54872000,419278,Face-Based,CPU-Parallel,NeoN + Julia,128,gpu-nvidia-h100
LDC_N380,54872000,428399,Face-Based,CPU-Parallel,NeoN + Julia,128,gpu-nvidia-h100
LDC_N380,54872000,424709,Face-Based,CPU-Parallel,NeoN + Julia,128,gpu-nvidia-h100
LDC_N400,64000000,83333657,Face-Based,CPU-Parallel,NeoN,1,gpu-nvidia-h100
LDC_N400,64000000,82028542,Face-Based,CPU-Parallel,NeoN,1,gpu-nvidia-h100
LDC_N400,64000000,81834960,Face-Based,CPU-Parallel,NeoN,1,gpu-nvidia-h100
LDC_N400,64000000,18377123,Face-Based,CPU-Parallel,NeoN + Julia,1,gpu-nvidia-h100
LDC_N400,64000000,18396388,Face-Based,CPU-Parallel,NeoN + Julia,1,gpu-nvidia-h100
LDC_N400,64000000,18394395,Face-Based,CPU-Parallel,NeoN + Julia,1,gpu-nvidia-h100
LDC_N400,64000000,54374264,Face-Based,CPU-Parallel,NeoN,2,gpu-nvidia-h100
LDC_N400,64000000,53961296,Face-Based,CPU-Parallel,NeoN,2,gpu-nvidia-h100
LDC_N400,64000000,53605090,Face-Based,CPU-Parallel,NeoN,2,gpu-nvidia-h100
LDC_N400,64000000,7556918,Face-Based,CPU-Parallel,NeoN + Julia,2,gpu-nvidia-h100
LDC_N400,64000000,7567928,Face-Based,CPU-Parallel,NeoN + Julia,2,gpu-nvidia-h100
LDC_N400,64000000,7555761,Face-Based,CPU-Parallel,NeoN + Julia,2,gpu-nvidia-h100
LDC_N400,64000000,30956111,Face-Based,CPU-Parallel,NeoN,4,gpu-nvidia-h100
LDC_N400,64000000,30875159,Face-Based,CPU-Parallel,NeoN,4,gpu-nvidia-h100
LDC_N400,64000000,30937563,Face-Based,CPU-Parallel,NeoN,4,gpu-nvidia-h100
LDC_N400,64000000,3824156,Face-Based,CPU-Parallel,NeoN + Julia,4,gpu-nvidia-h100
LDC_N400,64000000,3859350,Face-Based,CPU-Parallel,NeoN + Julia,4,gpu-nvidia-h100
LDC_N400,64000000,3829154,Face-Based,CPU-Parallel,NeoN + Julia,4,gpu-nvidia-h100
LDC_N400,64000000,19258431,Face-Based,CPU-Parallel,NeoN,8,gpu-nvidia-h100
LDC_N400,64000000,18698794,Face-Based,CPU-Parallel,NeoN,8,gpu-nvidia-h100
LDC_N400,64000000,18571224,Face-Based,CPU-Parallel,NeoN,8,gpu-nvidia-h100
LDC_N400,64000000,2021176,Face-Based,CPU-Parallel,NeoN + Julia,8,gpu-nvidia-h100
LDC_N400,64000000,2018967,Face-Based,CPU-Parallel,NeoN + Julia,8,gpu-nvidia-h100
LDC_N400,64000000,2020563,Face-Based,CPU-Parallel,NeoN + Julia,8,gpu-nvidia-h100
LDC_N400,64000000,10128617,Face-Based,CPU-Parallel,NeoN,16,gpu-nvidia-h100
LDC_N400,64000000,10112033,Face-Based,CPU-Parallel,NeoN,16,gpu-nvidia-h100
LDC_N400,64000000,10116859,Face-Based,CPU-Parallel,NeoN,16,gpu-nvidia-h100
LDC_N400,64000000,1073316,Face-Based,CPU-Parallel,NeoN + Julia,16,gpu-nvidia-h100
LDC_N400,64000000,1096655,Face-Based,CPU-Parallel,NeoN + Julia,16,gpu-nvidia-h100
LDC_N400,64000000,1123109,Face-Based,CPU-Parallel,NeoN + Julia,16,gpu-nvidia-h100
LDC_N400,64000000,5050301,Face-Based,CPU-Parallel,NeoN,32,gpu-nvidia-h100
LDC_N400,64000000,5076124,Face-Based,CPU-Parallel,NeoN,32,gpu-nvidia-h100
LDC_N400,64000000,5065371,Face-Based,CPU-Parallel,NeoN,32,gpu-nvidia-h100
LDC_N400,64000000,693767,Face-Based,CPU-Parallel,NeoN + Julia,32,gpu-nvidia-h100
LDC_N400,64000000,663036,Face-Based,CPU-Parallel,NeoN + Julia,32,gpu-nvidia-h100
LDC_N400,64000000,711818,Face-Based,CPU-Parallel,NeoN + Julia,32,gpu-nvidia-h100
LDC_N400,64000000,2886889,Face-Based,CPU-Parallel,NeoN,64,gpu-nvidia-h100
LDC_N400,64000000,2850163,Face-Based,CPU-Parallel,NeoN,64,gpu-nvidia-h100
LDC_N400,64000000,2851543,Face-Based,CPU-Parallel,NeoN,64,gpu-nvidia-h100
LDC_N400,64000000,545596,Face-Based,CPU-Parallel,NeoN + Julia,64,gpu-nvidia-h100
LDC_N400,64000000,577284,Face-Based,CPU-Parallel,NeoN + Julia,64,gpu-nvidia-h100
LDC_N400,64000000,542424,Face-Based,CPU-Parallel,NeoN + Julia,64,gpu-nvidia-h100
LDC_N400,64000000,1866015,Face-Based,CPU-Parallel,NeoN,128,gpu-nvidia-h100
LDC_N400,64000000,1881129,Face-Based,CPU-Parallel,NeoN,128,gpu-nvidia-h100
LDC_N400,64000000,1860707,Face-Based,CPU-Parallel,NeoN,128,gpu-nvidia-h100
LDC_N400,64000000,464959,Face-Based,CPU-Parallel,NeoN + Julia,128,gpu-nvidia-h100
LDC_N400,64000000,464735,Face-Based,CPU-Parallel,NeoN + Julia,128,gpu-nvidia-h100
LDC_N400,64000000,409261,Face-Based,CPU-Parallel,NeoN + Julia,128,gpu-nvidia-h100
LDC_N10,1000,984,Cell-Based,CPU-Parallel,NeoN,1,gpu-nvidia-h200
LDC_N10,1000,958,Cell-Based,CPU-Parallel,NeoN,1,gpu-nvidia-h200
LDC_N10,1000,958,Cell-Based,CPU-Parallel,NeoN,1,gpu-nvidia-h200
LDC_N10,1000,1001,Cell-Based,CPU-Parallel,NeoN + Julia,1,gpu-nvidia-h200
LDC_N10,1000,573,Cell-Based,CPU-Parallel,NeoN + Julia,1,gpu-nvidia-h200
LDC_N10,1000,532,Cell-Based,CPU-Parallel,NeoN + Julia,1,gpu-nvidia-h200
LDC_N10,1000,978,Cell-Based,CPU-Parallel,NeoN,2,gpu-nvidia-h200
LDC_N10,1000,970,Cell-Based,CPU-Parallel,NeoN,2,gpu-nvidia-h200
LDC_N10,1000,964,Cell-Based,CPU-Parallel,NeoN,2,gpu-nvidia-h200
LDC_N10,1000,980,Cell-Based,CPU-Parallel,NeoN + Julia,2,gpu-nvidia-h200
LDC_N10,1000,503,Cell-Based,CPU-Parallel,NeoN + Julia,2,gpu-nvidia-h200
LDC_N10,1000,470,Cell-Based,CPU-Parallel,NeoN + Julia,2,gpu-nvidia-h200
LDC_N10,1000,975,Cell-Based,CPU-Parallel,NeoN,4,gpu-nvidia-h200
LDC_N10,1000,957,Cell-Based,CPU-Parallel,NeoN,4,gpu-nvidia-h200
LDC_N10,1000,965,Cell-Based,CPU-Parallel,NeoN,4,gpu-nvidia-h200
LDC_N10,1000,880,Cell-Based,CPU-Parallel,NeoN + Julia,4,gpu-nvidia-h200
LDC_N10,1000,485,Cell-Based,CPU-Parallel,NeoN + Julia,4,gpu-nvidia-h200
LDC_N10,1000,448,Cell-Based,CPU-Parallel,NeoN + Julia,4,gpu-nvidia-h200
LDC_N10,1000,978,Cell-Based,CPU-Parallel,NeoN,8,gpu-nvidia-h200
LDC_N10,1000,959,Cell-Based,CPU-Parallel,NeoN,8,gpu-nvidia-h200
LDC_N10,1000,964,Cell-Based,CPU-Parallel,NeoN,8,gpu-nvidia-h200
LDC_N10,1000,889,Cell-Based,CPU-Parallel,NeoN + Julia,8,gpu-nvidia-h200
LDC_N10,1000,435,Cell-Based,CPU-Parallel,NeoN + Julia,8,gpu-nvidia-h200
LDC_N10,1000,457,Cell-Based,CPU-Parallel,NeoN + Julia,8,gpu-nvidia-h200
LDC_N10,1000,987,Cell-Based,CPU-Parallel,NeoN,16,gpu-nvidia-h200
LDC_N10,1000,972,Cell-Based,CPU-Parallel,NeoN,16,gpu-nvidia-h200
LDC_N10,1000,967,Cell-Based,CPU-Parallel,NeoN,16,gpu-nvidia-h200
LDC_N10,1000,1039,Cell-Based,CPU-Parallel,NeoN + Julia,16,gpu-nvidia-h200
LDC_N10,1000,470,Cell-Based,CPU-Parallel,NeoN + Julia,16,gpu-nvidia-h200
LDC_N10,1000,433,Cell-Based,CPU-Parallel,NeoN + Julia,16,gpu-nvidia-h200
LDC_N10,1000,987,Cell-Based,CPU-Parallel,NeoN,32,gpu-nvidia-h200
LDC_N10,1000,977,Cell-Based,CPU-Parallel,NeoN,32,gpu-nvidia-h200
LDC_N10,1000,968,Cell-Based,CPU-Parallel,NeoN,32,gpu-nvidia-h200
LDC_N10,1000,1033,Cell-Based,CPU-Parallel,NeoN + Julia,32,gpu-nvidia-h200
LDC_N10,1000,463,Cell-Based,CPU-Parallel,NeoN + Julia,32,gpu-nvidia-h200
LDC_N10,1000,437,Cell-Based,CPU-Parallel,NeoN + Julia,32,gpu-nvidia-h200
LDC_N10,1000,986,Cell-Based,CPU-Parallel,NeoN,64,gpu-nvidia-h200
LDC_N10,1000,970,Cell-Based,CPU-Parallel,NeoN,64,gpu-nvidia-h200
LDC_N10,1000,962,Cell-Based,CPU-Parallel,NeoN,64,gpu-nvidia-h200
LDC_N10,1000,927,Cell-Based,CPU-Parallel,NeoN + Julia,64,gpu-nvidia-h200
LDC_N10,1000,486,Cell-Based,CPU-Parallel,NeoN + Julia,64,gpu-nvidia-h200
LDC_N10,1000,452,Cell-Based,CPU-Parallel,NeoN + Julia,64,gpu-nvidia-h200
LDC_N10,1000,1311,Cell-Based,CPU-Parallel,NeoN,128,gpu-nvidia-h200
LDC_N10,1000,1042,Cell-Based,CPU-Parallel,NeoN,128,gpu-nvidia-h200
LDC_N10,1000,980,Cell-Based,CPU-Parallel,NeoN,128,gpu-nvidia-h200
LDC_N10,1000,1033,Cell-Based,CPU-Parallel,NeoN + Julia,128,gpu-nvidia-h200
LDC_N10,1000,603,Cell-Based,CPU-Parallel,NeoN + Julia,128,gpu-nvidia-h200
LDC_N10,1000,439,Cell-Based,CPU-Parallel,NeoN + Julia,128,gpu-nvidia-h200
LDC_N20,8000,7363,Cell-Based,CPU-Parallel,NeoN,1,gpu-nvidia-h200
LDC_N20,8000,7233,Cell-Based,CPU-Parallel,NeoN,1,gpu-nvidia-h200
LDC_N20,8000,7285,Cell-Based,CPU-Parallel,NeoN,1,gpu-nvidia-h200
LDC_N20,8000,3081,Cell-Based,CPU-Parallel,NeoN + Julia,1,gpu-nvidia-h200
LDC_N20,8000,2706,Cell-Based,CPU-Parallel,NeoN + Julia,1,gpu-nvidia-h200
LDC_N20,8000,2631,Cell-Based,CPU-Parallel,NeoN + Julia,1,gpu-nvidia-h200
LDC_N20,8000,7290,Cell-Based,CPU-Parallel,NeoN,2,gpu-nvidia-h200
LDC_N20,8000,7267,Cell-Based,CPU-Parallel,NeoN,2,gpu-nvidia-h200
LDC_N20,8000,7365,Cell-Based,CPU-Parallel,NeoN,2,gpu-nvidia-h200
LDC_N20,8000,2480,Cell-Based,CPU-Parallel,NeoN + Julia,2,gpu-nvidia-h200
LDC_N20,8000,1943,Cell-Based,CPU-Parallel,NeoN + Julia,2,gpu-nvidia-h200
LDC_N20,8000,2030,Cell-Based,CPU-Parallel,NeoN + Julia,2,gpu-nvidia-h200
LDC_N20,8000,7243,Cell-Based,CPU-Parallel,NeoN,4,gpu-nvidia-h200
LDC_N20,8000,7238,Cell-Based,CPU-Parallel,NeoN,4,gpu-nvidia-h200
LDC_N20,8000,7216,Cell-Based,CPU-Parallel,NeoN,4,gpu-nvidia-h200
LDC_N20,8000,2321,Cell-Based,CPU-Parallel,NeoN + Julia,4,gpu-nvidia-h200
LDC_N20,8000,1960,Cell-Based,CPU-Parallel,NeoN + Julia,4,gpu-nvidia-h200
LDC_N20,8000,1959,Cell-Based,CPU-Parallel,NeoN + Julia,4,gpu-nvidia-h200
LDC_N20,8000,7343,Cell-Based,CPU-Parallel,NeoN,8,gpu-nvidia-h200
LDC_N20,8000,7392,Cell-Based,CPU-Parallel,NeoN,8,gpu-nvidia-h200
LDC_N20,8000,7287,Cell-Based,CPU-Parallel,NeoN,8,gpu-nvidia-h200
LDC_N20,8000,1992,Cell-Based,CPU-Parallel,NeoN + Julia,8,gpu-nvidia-h200
LDC_N20,8000,1908,Cell-Based,CPU-Parallel,NeoN + Julia,8,gpu-nvidia-h200
LDC_N20,8000,1797,Cell-Based,CPU-Parallel,NeoN + Julia,8,gpu-nvidia-h200
LDC_N20,8000,7252,Cell-Based,CPU-Parallel,NeoN,16,gpu-nvidia-h200
LDC_N20,8000,7205,Cell-Based,CPU-Parallel,NeoN,16,gpu-nvidia-h200
LDC_N20,8000,7241,Cell-Based,CPU-Parallel,NeoN,16,gpu-nvidia-h200
LDC_N20,8000,2587,Cell-Based,CPU-Parallel,NeoN + Julia,16,gpu-nvidia-h200
LDC_N20,8000,1862,Cell-Based,CPU-Parallel,NeoN + Julia,16,gpu-nvidia-h200
LDC_N20,8000,1818,Cell-Based,CPU-Parallel,NeoN + Julia,16,gpu-nvidia-h200
LDC_N20,8000,7396,Cell-Based,CPU-Parallel,NeoN,32,gpu-nvidia-h200
LDC_N20,8000,7329,Cell-Based,CPU-Parallel,NeoN,32,gpu-nvidia-h200
LDC_N20,8000,7326,Cell-Based,CPU-Parallel,NeoN,32,gpu-nvidia-h200
LDC_N20,8000,2492,Cell-Based,CPU-Parallel,NeoN + Julia,32,gpu-nvidia-h200
LDC_N20,8000,2110,Cell-Based,CPU-Parallel,NeoN + Julia,32,gpu-nvidia-h200
LDC_N20,8000,2012,Cell-Based,CPU-Parallel,NeoN + Julia,32,gpu-nvidia-h200
LDC_N20,8000,7595,Cell-Based,CPU-Parallel,NeoN,64,gpu-nvidia-h200
LDC_N20,8000,7482,Cell-Based,CPU-Parallel,NeoN,64,gpu-nvidia-h200
LDC_N20,8000,7499,Cell-Based,CPU-Parallel,NeoN,64,gpu-nvidia-h200
LDC_N20,8000,10978,Cell-Based,CPU-Parallel,NeoN + Julia,64,gpu-nvidia-h200
LDC_N20,8000,7086,Cell-Based,CPU-Parallel,NeoN + Julia,64,gpu-nvidia-h200
LDC_N20,8000,14083,Cell-Based,CPU-Parallel,NeoN + Julia,64,gpu-nvidia-h200
LDC_N20,8000,8606,Cell-Based,CPU-Parallel,NeoN,128,gpu-nvidia-h200
LDC_N20,8000,8501,Cell-Based,CPU-Parallel,NeoN,128,gpu-nvidia-h200
LDC_N20,8000,8471,Cell-Based,CPU-Parallel,NeoN,128,gpu-nvidia-h200
LDC_N20,8000,11858,Cell-Based,CPU-Parallel,NeoN + Julia,128,gpu-nvidia-h200
LDC_N20,8000,13982,Cell-Based,CPU-Parallel,NeoN + Julia,128,gpu-nvidia-h200
LDC_N20,8000,14240,Cell-Based,CPU-Parallel,NeoN + Julia,128,gpu-nvidia-h200
LDC_N30,27000,23859,Cell-Based,CPU-Parallel,NeoN,1,gpu-nvidia-h200
LDC_N30,27000,23724,Cell-Based,CPU-Parallel,NeoN,1,gpu-nvidia-h200
LDC_N30,27000,23726,Cell-Based,CPU-Parallel,NeoN,1,gpu-nvidia-h200
LDC_N30,27000,43590,Cell-Based,CPU-Parallel,NeoN + Julia,1,gpu-nvidia-h200
LDC_N30,27000,8469,Cell-Based,CPU-Parallel,NeoN + Julia,1,gpu-nvidia-h200
LDC_N30,27000,8109,Cell-Based,CPU-Parallel,NeoN + Julia,1,gpu-nvidia-h200
LDC_N30,27000,23964,Cell-Based,CPU-Parallel,NeoN,2,gpu-nvidia-h200
LDC_N30,27000,24248,Cell-Based,CPU-Parallel,NeoN,2,gpu-nvidia-h200
LDC_N30,27000,24275,Cell-Based,CPU-Parallel,NeoN,2,gpu-nvidia-h200
LDC_N30,27000,6139,Cell-Based,CPU-Parallel,NeoN + Julia,2,gpu-nvidia-h200
LDC_N30,27000,5834,Cell-Based,CPU-Parallel,NeoN + Julia,2,gpu-nvidia-h200
LDC_N30,27000,5639,Cell-Based,CPU-Parallel,NeoN + Julia,2,gpu-nvidia-h200
LDC_N30,27000,24259,Cell-Based,CPU-Parallel,NeoN,4,gpu-nvidia-h200
LDC_N30,27000,23968,Cell-Based,CPU-Parallel,NeoN,4,gpu-nvidia-h200
LDC_N30,27000,23998,Cell-Based,CPU-Parallel,NeoN,4,gpu-nvidia-h200
LDC_N30,27000,6317,Cell-Based,CPU-Parallel,NeoN + Julia,4,gpu-nvidia-h200
LDC_N30,27000,5716,Cell-Based,CPU-Parallel,NeoN + Julia,4,gpu-nvidia-h200
LDC_N30,27000,5630,Cell-Based,CPU-Parallel,NeoN + Julia,4,gpu-nvidia-h200
LDC_N30,27000,23807,Cell-Based,CPU-Parallel,NeoN,8,gpu-nvidia-h200
LDC_N30,27000,23917,Cell-Based,CPU-Parallel,NeoN,8,gpu-nvidia-h200
LDC_N30,27000,23848,Cell-Based,CPU-Parallel,NeoN,8,gpu-nvidia-h200
LDC_N30,27000,5842,Cell-Based,CPU-Parallel,NeoN + Julia,8,gpu-nvidia-h200
LDC_N30,27000,5349,Cell-Based,CPU-Parallel,NeoN + Julia,8,gpu-nvidia-h200
LDC_N30,27000,5319,Cell-Based,CPU-Parallel,NeoN + Julia,8,gpu-nvidia-h200
LDC_N30,27000,24047,Cell-Based,CPU-Parallel,NeoN,16,gpu-nvidia-h200
LDC_N30,27000,24012,Cell-Based,CPU-Parallel,NeoN,16,gpu-nvidia-h200
LDC_N30,27000,24046,Cell-Based,CPU-Parallel,NeoN,16,gpu-nvidia-h200
LDC_N30,27000,5031,Cell-Based,CPU-Parallel,NeoN + Julia,16,gpu-nvidia-h200
LDC_N30,27000,5446,Cell-Based,CPU-Parallel,NeoN + Julia,16,gpu-nvidia-h200
LDC_N30,27000,5504,Cell-Based,CPU-Parallel,NeoN + Julia,16,gpu-nvidia-h200
LDC_N30,27000,24223,Cell-Based,CPU-Parallel,NeoN,32,gpu-nvidia-h200
LDC_N30,27000,23986,Cell-Based,CPU-Parallel,NeoN,32,gpu-nvidia-h200
LDC_N30,27000,23906,Cell-Based,CPU-Parallel,NeoN,32,gpu-nvidia-h200
LDC_N30,27000,28055,Cell-Based,CPU-Parallel,NeoN + Julia,32,gpu-nvidia-h200
LDC_N30,27000,11047,Cell-Based,CPU-Parallel,NeoN + Julia,32,gpu-nvidia-h200
LDC_N30,27000,6912,Cell-Based,CPU-Parallel,NeoN + Julia,32,gpu-nvidia-h200
LDC_N30,27000,24266,Cell-Based,CPU-Parallel,NeoN,64,gpu-nvidia-h200
LDC_N30,27000,24148,Cell-Based,CPU-Parallel,NeoN,64,gpu-nvidia-h200
LDC_N30,27000,24096,Cell-Based,CPU-Parallel,NeoN,64,gpu-nvidia-h200
LDC_N30,27000,16649,Cell-Based,CPU-Parallel,NeoN + Julia,64,gpu-nvidia-h200
LDC_N30,27000,11624,Cell-Based,CPU-Parallel,NeoN + Julia,64,gpu-nvidia-h200
LDC_N30,27000,16568,Cell-Based,CPU-Parallel,NeoN + Julia,64,gpu-nvidia-h200
LDC_N30,27000,25391,Cell-Based,CPU-Parallel,NeoN,128,gpu-nvidia-h200
LDC_N30,27000,25236,Cell-Based,CPU-Parallel,NeoN,128,gpu-nvidia-h200
LDC_N30,27000,25192,Cell-Based,CPU-Parallel,NeoN,128,gpu-nvidia-h200
LDC_N30,27000,25304,Cell-Based,CPU-Parallel,NeoN + Julia,128,gpu-nvidia-h200
LDC_N30,27000,22360,Cell-Based,CPU-Parallel,NeoN + Julia,128,gpu-nvidia-h200
LDC_N30,27000,20713,Cell-Based,CPU-Parallel,NeoN + Julia,128,gpu-nvidia-h200
LDC_N40,64000,59447,Cell-Based,CPU-Parallel,NeoN,1,gpu-nvidia-h200
LDC_N40,64000,55869,Cell-Based,CPU-Parallel,NeoN,1,gpu-nvidia-h200
LDC_N40,64000,55933,Cell-Based,CPU-Parallel,NeoN,1,gpu-nvidia-h200
LDC_N40,64000,140915,Cell-Based,CPU-Parallel,NeoN + Julia,1,gpu-nvidia-h200
LDC_N40,64000,17556,Cell-Based,CPU-Parallel,NeoN + Julia,1,gpu-nvidia-h200
LDC_N40,64000,19907,Cell-Based,CPU-Parallel,NeoN + Julia,1,gpu-nvidia-h200
LDC_N40,64000,57430,Cell-Based,CPU-Parallel,NeoN,2,gpu-nvidia-h200
LDC_N40,64000,57632,Cell-Based,CPU-Parallel,NeoN,2,gpu-nvidia-h200
LDC_N40,64000,57191,Cell-Based,CPU-Parallel,NeoN,2,gpu-nvidia-h200
LDC_N40,64000,12260,Cell-Based,CPU-Parallel,NeoN + Julia,2,gpu-nvidia-h200
LDC_N40,64000,14174,Cell-Based,CPU-Parallel,NeoN + Julia,2,gpu-nvidia-h200
LDC_N40,64000,14083,Cell-Based,CPU-Parallel,NeoN + Julia,2,gpu-nvidia-h200
LDC_N40,64000,59605,Cell-Based,CPU-Parallel,NeoN,4,gpu-nvidia-h200
LDC_N40,64000,57527,Cell-Based,CPU-Parallel,NeoN,4,gpu-nvidia-h200
LDC_N40,64000,57377,Cell-Based,CPU-Parallel,NeoN,4,gpu-nvidia-h200
LDC_N40,64000,13301,Cell-Based,CPU-Parallel,NeoN + Julia,4,gpu-nvidia-h200
LDC_N40,64000,13148,Cell-Based,CPU-Parallel,NeoN + Julia,4,gpu-nvidia-h200
LDC_N40,64000,23693,Cell-Based,CPU-Parallel,NeoN + Julia,4,gpu-nvidia-h200
LDC_N40,64000,58648,Cell-Based,CPU-Parallel,NeoN,8,gpu-nvidia-h200
LDC_N40,64000,56712,Cell-Based,CPU-Parallel,NeoN,8,gpu-nvidia-h200
LDC_N40,64000,56553,Cell-Based,CPU-Parallel,NeoN,8,gpu-nvidia-h200
LDC_N40,64000,11023,Cell-Based,CPU-Parallel,NeoN + Julia,8,gpu-nvidia-h200
LDC_N40,64000,21627,Cell-Based,CPU-Parallel,NeoN + Julia,8,gpu-nvidia-h200
LDC_N40,64000,13173,Cell-Based,CPU-Parallel,NeoN + Julia,8,gpu-nvidia-h200
LDC_N40,64000,58541,Cell-Based,CPU-Parallel,NeoN,16,gpu-nvidia-h200
LDC_N40,64000,56841,Cell-Based,CPU-Parallel,NeoN,16,gpu-nvidia-h200
LDC_N40,64000,56227,Cell-Based,CPU-Parallel,NeoN,16,gpu-nvidia-h200
LDC_N40,64000,12595,Cell-Based,CPU-Parallel,NeoN + Julia,16,gpu-nvidia-h200
LDC_N40,64000,16554,Cell-Based,CPU-Parallel,NeoN + Julia,16,gpu-nvidia-h200
LDC_N40,64000,11943,Cell-Based,CPU-Parallel,NeoN + Julia,16,gpu-nvidia-h200
LDC_N40,64000,58053,Cell-Based,CPU-Parallel,NeoN,32,gpu-nvidia-h200
LDC_N40,64000,57990,Cell-Based,CPU-Parallel,NeoN,32,gpu-nvidia-h200
LDC_N40,64000,57265,Cell-Based,CPU-Parallel,NeoN,32,gpu-nvidia-h200
LDC_N40,64000,14765,Cell-Based,CPU-Parallel,NeoN + Julia,32,gpu-nvidia-h200
LDC_N40,64000,29113,Cell-Based,CPU-Parallel,NeoN + Julia,32,gpu-nvidia-h200
LDC_N40,64000,12256,Cell-Based,CPU-Parallel,NeoN + Julia,32,gpu-nvidia-h200
LDC_N40,64000,57054,Cell-Based,CPU-Parallel,NeoN,64,gpu-nvidia-h200
LDC_N40,64000,57509,Cell-Based,CPU-Parallel,NeoN,64,gpu-nvidia-h200
LDC_N40,64000,56343,Cell-Based,CPU-Parallel,NeoN,64,gpu-nvidia-h200
LDC_N40,64000,21550,Cell-Based,CPU-Parallel,NeoN + Julia,64,gpu-nvidia-h200
LDC_N40,64000,23697,Cell-Based,CPU-Parallel,NeoN + Julia,64,gpu-nvidia-h200
LDC_N40,64000,34728,Cell-Based,CPU-Parallel,NeoN + Julia,64,gpu-nvidia-h200
LDC_N40,64000,58941,Cell-Based,CPU-Parallel,NeoN,128,gpu-nvidia-h200
LDC_N40,64000,58732,Cell-Based,CPU-Parallel,NeoN,128,gpu-nvidia-h200
LDC_N40,64000,58427,Cell-Based,CPU-Parallel,NeoN,128,gpu-nvidia-h200
LDC_N40,64000,41555,Cell-Based,CPU-Parallel,NeoN + Julia,128,gpu-nvidia-h200
LDC_N40,64000,42445,Cell-Based,CPU-Parallel,NeoN + Julia,128,gpu-nvidia-h200
LDC_N40,64000,28791,Cell-Based,CPU-Parallel,NeoN + Julia,128,gpu-nvidia-h200
LDC_N50,125000,113704,Cell-Based,CPU-Parallel,NeoN,1,gpu-nvidia-h200
LDC_N50,125000,110769,Cell-Based,CPU-Parallel,NeoN,1,gpu-nvidia-h200
LDC_N50,125000,111911,Cell-Based,CPU-Parallel,NeoN,1,gpu-nvidia-h200
LDC_N50,125000,37452,Cell-Based,CPU-Parallel,NeoN + Julia,1,gpu-nvidia-h200
LDC_N50,125000,32958,Cell-Based,CPU-Parallel,NeoN + Julia,1,gpu-nvidia-h200
LDC_N50,125000,33245,Cell-Based,CPU-Parallel,NeoN + Julia,1,gpu-nvidia-h200
LDC_N50,125000,112734,Cell-Based,CPU-Parallel,NeoN,2,gpu-nvidia-h200
LDC_N50,125000,113561,Cell-Based,CPU-Parallel,NeoN,2,gpu-nvidia-h200
LDC_N50,125000,112323,Cell-Based,CPU-Parallel,NeoN,2,gpu-nvidia-h200
LDC_N50,125000,24649,Cell-Based,CPU-Parallel,NeoN + Julia,2,gpu-nvidia-h200
LDC_N50,125000,33475,Cell-Based,CPU-Parallel,NeoN + Julia,2,gpu-nvidia-h200
LDC_N50,125000,24811,Cell-Based,CPU-Parallel,NeoN + Julia,2,gpu-nvidia-h200
LDC_N50,125000,113391,Cell-Based,CPU-Parallel,NeoN,4,gpu-nvidia-h200
LDC_N50,125000,113745,Cell-Based,CPU-Parallel,NeoN,4,gpu-nvidia-h200
LDC_N50,125000,114307,Cell-Based,CPU-Parallel,NeoN,4,gpu-nvidia-h200
LDC_N50,125000,31055,Cell-Based,CPU-Parallel,NeoN + Julia,4,gpu-nvidia-h200
LDC_N50,125000,24515,Cell-Based,CPU-Parallel,NeoN + Julia,4,gpu-nvidia-h200
LDC_N50,125000,30379,Cell-Based,CPU-Parallel,NeoN + Julia,4,gpu-nvidia-h200
LDC_N50,125000,115698,Cell-Based,CPU-Parallel,NeoN,8,gpu-nvidia-h200
LDC_N50,125000,114649,Cell-Based,CPU-Parallel,NeoN,8,gpu-nvidia-h200
LDC_N50,125000,113530,Cell-Based,CPU-Parallel,NeoN,8,gpu-nvidia-h200
LDC_N50,125000,40923,Cell-Based,CPU-Parallel,NeoN + Julia,8,gpu-nvidia-h200
LDC_N50,125000,24082,Cell-Based,CPU-Parallel,NeoN + Julia,8,gpu-nvidia-h200
LDC_N50,125000,27482,Cell-Based,CPU-Parallel,NeoN + Julia,8,gpu-nvidia-h200
LDC_N50,125000,113086,Cell-Based,CPU-Parallel,NeoN,16,gpu-nvidia-h200
LDC_N50,125000,113072,Cell-Based,CPU-Parallel,NeoN,16,gpu-nvidia-h200
LDC_N50,125000,113180,Cell-Based,CPU-Parallel,NeoN,16,gpu-nvidia-h200
LDC_N50,125000,24107,Cell-Based,CPU-Parallel,NeoN + Julia,16,gpu-nvidia-h200
LDC_N50,125000,23626,Cell-Based,CPU-Parallel,NeoN + Julia,16,gpu-nvidia-h200
LDC_N50,125000,23842,Cell-Based,CPU-Parallel,NeoN + Julia,16,gpu-nvidia-h200
LDC_N50,125000,113294,Cell-Based,CPU-Parallel,NeoN,32,gpu-nvidia-h200
LDC_N50,125000,113008,Cell-Based,CPU-Parallel,NeoN,32,gpu-nvidia-h200
LDC_N50,125000,113160,Cell-Based,CPU-Parallel,NeoN,32,gpu-nvidia-h200
LDC_N50,125000,37372,Cell-Based,CPU-Parallel,NeoN + Julia,32,gpu-nvidia-h200
LDC_N50,125000,40339,Cell-Based,CPU-Parallel,NeoN + Julia,32,gpu-nvidia-h200
LDC_N50,125000,25953,Cell-Based,CPU-Parallel,NeoN + Julia,32,gpu-nvidia-h200
LDC_N50,125000,113189,Cell-Based,CPU-Parallel,NeoN,64,gpu-nvidia-h200
LDC_N50,125000,114311,Cell-Based,CPU-Parallel,NeoN,64,gpu-nvidia-h200
LDC_N50,125000,112341,Cell-Based,CPU-Parallel,NeoN,64,gpu-nvidia-h200
LDC_N50,125000,56868,Cell-Based,CPU-Parallel,NeoN + Julia,64,gpu-nvidia-h200
LDC_N50,125000,46049,Cell-Based,CPU-Parallel,NeoN + Julia,64,gpu-nvidia-h200
LDC_N50,125000,44853,Cell-Based,CPU-Parallel,NeoN + Julia,64,gpu-nvidia-h200
LDC_N50,125000,113940,Cell-Based,CPU-Parallel,NeoN,128,gpu-nvidia-h200
LDC_N50,125000,114492,Cell-Based,CPU-Parallel,NeoN,128,gpu-nvidia-h200
LDC_N50,125000,114367,Cell-Based,CPU-Parallel,NeoN,128,gpu-nvidia-h200
LDC_N50,125000,62135,Cell-Based,CPU-Parallel,NeoN + Julia,128,gpu-nvidia-h200
LDC_N50,125000,63040,Cell-Based,CPU-Parallel,NeoN + Julia,128,gpu-nvidia-h200
LDC_N50,125000,49137,Cell-Based,CPU-Parallel,NeoN + Julia,128,gpu-nvidia-h200
LDC_N60,216000,192687,Cell-Based,CPU-Parallel,NeoN,1,gpu-nvidia-h200
LDC_N60,216000,192512,Cell-Based,CPU-Parallel,NeoN,1,gpu-nvidia-h200
LDC_N60,216000,191949,Cell-Based,CPU-Parallel,NeoN,1,gpu-nvidia-h200
LDC_N60,216000,60715,Cell-Based,CPU-Parallel,NeoN + Julia,1,gpu-nvidia-h200
LDC_N60,216000,57047,Cell-Based,CPU-Parallel,NeoN + Julia,1,gpu-nvidia-h200
LDC_N60,216000,56878,Cell-Based,CPU-Parallel,NeoN + Julia,1,gpu-nvidia-h200
LDC_N60,216000,193021,Cell-Based,CPU-Parallel,NeoN,2,gpu-nvidia-h200
LDC_N60,216000,192645,Cell-Based,CPU-Parallel,NeoN,2,gpu-nvidia-h200
LDC_N60,216000,193236,Cell-Based,CPU-Parallel,NeoN,2,gpu-nvidia-h200
LDC_N60,216000,49989,Cell-Based,CPU-Parallel,NeoN + Julia,2,gpu-nvidia-h200
LDC_N60,216000,46257,Cell-Based,CPU-Parallel,NeoN + Julia,2,gpu-nvidia-h200
LDC_N60,216000,41971,Cell-Based,CPU-Parallel,NeoN + Julia,2,gpu-nvidia-h200
LDC_N60,216000,194186,Cell-Based,CPU-Parallel,NeoN,4,gpu-nvidia-h200
LDC_N60,216000,193199,Cell-Based,CPU-Parallel,NeoN,4,gpu-nvidia-h200
LDC_N60,216000,193176,Cell-Based,CPU-Parallel,NeoN,4,gpu-nvidia-h200
LDC_N60,216000,52717,Cell-Based,CPU-Parallel,NeoN + Julia,4,gpu-nvidia-h200
LDC_N60,216000,47085,Cell-Based,CPU-Parallel,NeoN + Julia,4,gpu-nvidia-h200
LDC_N60,216000,62783,Cell-Based,CPU-Parallel,NeoN + Julia,4,gpu-nvidia-h200
LDC_N60,216000,196256,Cell-Based,CPU-Parallel,NeoN,8,gpu-nvidia-h200
LDC_N60,216000,195767,Cell-Based,CPU-Parallel,NeoN,8,gpu-nvidia-h200
LDC_N60,216000,195728,Cell-Based,CPU-Parallel,NeoN,8,gpu-nvidia-h200
LDC_N60,216000,43629,Cell-Based,CPU-Parallel,NeoN + Julia,8,gpu-nvidia-h200
LDC_N60,216000,41725,Cell-Based,CPU-Parallel,NeoN + Julia,8,gpu-nvidia-h200
LDC_N60,216000,42737,Cell-Based,CPU-Parallel,NeoN + Julia,8,gpu-nvidia-h200
LDC_N60,216000,192998,Cell-Based,CPU-Parallel,NeoN,16,gpu-nvidia-h200
LDC_N60,216000,191823,Cell-Based,CPU-Parallel,NeoN,16,gpu-nvidia-h200
LDC_N60,216000,193706,Cell-Based,CPU-Parallel,NeoN,16,gpu-nvidia-h200
LDC_N60,216000,41686,Cell-Based,CPU-Parallel,NeoN + Julia,16,gpu-nvidia-h200
LDC_N60,216000,57656,Cell-Based,CPU-Parallel,NeoN + Julia,16,gpu-nvidia-h200
LDC_N60,216000,58460,Cell-Based,CPU-Parallel,NeoN + Julia,16,gpu-nvidia-h200
LDC_N60,216000,194157,Cell-Based,CPU-Parallel,NeoN,32,gpu-nvidia-h200
LDC_N60,216000,193556,Cell-Based,CPU-Parallel,NeoN,32,gpu-nvidia-h200
LDC_N60,216000,194614,Cell-Based,CPU-Parallel,NeoN,32,gpu-nvidia-h200
LDC_N60,216000,57343,Cell-Based,CPU-Parallel,NeoN + Julia,32,gpu-nvidia-h200
LDC_N60,216000,75829,Cell-Based,CPU-Parallel,NeoN + Julia,32,gpu-nvidia-h200
LDC_N60,216000,62055,Cell-Based,CPU-Parallel,NeoN + Julia,32,gpu-nvidia-h200
LDC_N60,216000,195635,Cell-Based,CPU-Parallel,NeoN,64,gpu-nvidia-h200
LDC_N60,216000,194078,Cell-Based,CPU-Parallel,NeoN,64,gpu-nvidia-h200
LDC_N60,216000,194512,Cell-Based,CPU-Parallel,NeoN,64,gpu-nvidia-h200
LDC_N60,216000,63451,Cell-Based,CPU-Parallel,NeoN + Julia,64,gpu-nvidia-h200
LDC_N60,216000,78505,Cell-Based,CPU-Parallel,NeoN + Julia,64,gpu-nvidia-h200
LDC_N60,216000,80120,Cell-Based,CPU-Parallel,NeoN + Julia,64,gpu-nvidia-h200
LDC_N60,216000,193838,Cell-Based,CPU-Parallel,NeoN,128,gpu-nvidia-h200
LDC_N60,216000,193937,Cell-Based,CPU-Parallel,NeoN,128,gpu-nvidia-h200
LDC_N60,216000,195303,Cell-Based,CPU-Parallel,NeoN,128,gpu-nvidia-h200
LDC_N60,216000,78777,Cell-Based,CPU-Parallel,NeoN + Julia,128,gpu-nvidia-h200
LDC_N60,216000,86280,Cell-Based,CPU-Parallel,NeoN + Julia,128,gpu-nvidia-h200
LDC_N60,216000,103826,Cell-Based,CPU-Parallel,NeoN + Julia,128,gpu-nvidia-h200
LDC_N70,343000,305092,Cell-Based,CPU-Parallel,NeoN,1,gpu-nvidia-h200
LDC_N70,343000,304813,Cell-Based,CPU-Parallel,NeoN,1,gpu-nvidia-h200
LDC_N70,343000,302906,Cell-Based,CPU-Parallel,NeoN,1,gpu-nvidia-h200
LDC_N70,343000,92397,Cell-Based,CPU-Parallel,NeoN + Julia,1,gpu-nvidia-h200
LDC_N70,343000,88920,Cell-Based,CPU-Parallel,NeoN + Julia,1,gpu-nvidia-h200
LDC_N70,343000,89985,Cell-Based,CPU-Parallel,NeoN + Julia,1,gpu-nvidia-h200
LDC_N70,343000,309387,Cell-Based,CPU-Parallel,NeoN,2,gpu-nvidia-h200
LDC_N70,343000,306938,Cell-Based,CPU-Parallel,NeoN,2,gpu-nvidia-h200
LDC_N70,343000,305669,Cell-Based,CPU-Parallel,NeoN,2,gpu-nvidia-h200
LDC_N70,343000,73117,Cell-Based,CPU-Parallel,NeoN + Julia,2,gpu-nvidia-h200
LDC_N70,343000,70406,Cell-Based,CPU-Parallel,NeoN + Julia,2,gpu-nvidia-h200
LDC_N70,343000,75132,Cell-Based,CPU-Parallel,NeoN + Julia,2,gpu-nvidia-h200
LDC_N70,343000,308089,Cell-Based,CPU-Parallel,NeoN,4,gpu-nvidia-h200
LDC_N70,343000,307011,Cell-Based,CPU-Parallel,NeoN,4,gpu-nvidia-h200
LDC_N70,343000,308357,Cell-Based,CPU-Parallel,NeoN,4,gpu-nvidia-h200
LDC_N70,343000,89992,Cell-Based,CPU-Parallel,NeoN + Julia,4,gpu-nvidia-h200
LDC_N70,343000,73685,Cell-Based,CPU-Parallel,NeoN + Julia,4,gpu-nvidia-h200
LDC_N70,343000,87892,Cell-Based,CPU-Parallel,NeoN + Julia,4,gpu-nvidia-h200
LDC_N70,343000,305631,Cell-Based,CPU-Parallel,NeoN,8,gpu-nvidia-h200
LDC_N70,343000,306547,Cell-Based,CPU-Parallel,NeoN,8,gpu-nvidia-h200
LDC_N70,343000,305870,Cell-Based,CPU-Parallel,NeoN,8,gpu-nvidia-h200
LDC_N70,343000,100944,Cell-Based,CPU-Parallel,NeoN + Julia,8,gpu-nvidia-h200
LDC_N70,343000,82291,Cell-Based,CPU-Parallel,NeoN + Julia,8,gpu-nvidia-h200
LDC_N70,343000,113974,Cell-Based,CPU-Parallel,NeoN + Julia,8,gpu-nvidia-h200
LDC_N70,343000,307463,Cell-Based,CPU-Parallel,NeoN,16,gpu-nvidia-h200
LDC_N70,343000,307183,Cell-Based,CPU-Parallel,NeoN,16,gpu-nvidia-h200
LDC_N70,343000,307652,Cell-Based,CPU-Parallel,NeoN,16,gpu-nvidia-h200
LDC_N70,343000,90625,Cell-Based,CPU-Parallel,NeoN + Julia,16,gpu-nvidia-h200
LDC_N70,343000,126976,Cell-Based,CPU-Parallel,NeoN + Julia,16,gpu-nvidia-h200
LDC_N70,343000,111935,Cell-Based,CPU-Parallel,NeoN + Julia,16,gpu-nvidia-h200
LDC_N70,343000,308129,Cell-Based,CPU-Parallel,NeoN,32,gpu-nvidia-h200
LDC_N70,343000,310439,Cell-Based,CPU-Parallel,NeoN,32,gpu-nvidia-h200
LDC_N70,343000,309930,Cell-Based,CPU-Parallel,NeoN,32,gpu-nvidia-h200
LDC_N70,343000,123435,Cell-Based,CPU-Parallel,NeoN + Julia,32,gpu-nvidia-h200
LDC_N70,343000,116224,Cell-Based,CPU-Parallel,NeoN + Julia,32,gpu-nvidia-h200
LDC_N70,343000,119010,Cell-Based,CPU-Parallel,NeoN + Julia,32,gpu-nvidia-h200
LDC_N70,343000,310444,Cell-Based,CPU-Parallel,NeoN,64,gpu-nvidia-h200
LDC_N70,343000,310620,Cell-Based,CPU-Parallel,NeoN,64,gpu-nvidia-h200
LDC_N70,343000,311007,Cell-Based,CPU-Parallel,NeoN,64,gpu-nvidia-h200
LDC_N70,343000,149538,Cell-Based,CPU-Parallel,NeoN + Julia,64,gpu-nvidia-h200
LDC_N70,343000,155127,Cell-Based,CPU-Parallel,NeoN + Julia,64,gpu-nvidia-h200
LDC_N70,343000,121612,Cell-Based,CPU-Parallel,NeoN + Julia,64,gpu-nvidia-h200
LDC_N70,343000,308096,Cell-Based,CPU-Parallel,NeoN,128,gpu-nvidia-h200
LDC_N70,343000,308849,Cell-Based,CPU-Parallel,NeoN,128,gpu-nvidia-h200
LDC_N70,343000,307805,Cell-Based,CPU-Parallel,NeoN,128,gpu-nvidia-h200
LDC_N70,343000,156757,Cell-Based,CPU-Parallel,NeoN + Julia,128,gpu-nvidia-h200
LDC_N70,343000,135283,Cell-Based,CPU-Parallel,NeoN + Julia,128,gpu-nvidia-h200
LDC_N70,343000,160524,Cell-Based,CPU-Parallel,NeoN + Julia,128,gpu-nvidia-h200
LDC_N80,512000,455897,Cell-Based,CPU-Parallel,NeoN,1,gpu-nvidia-h200
LDC_N80,512000,448824,Cell-Based,CPU-Parallel,NeoN,1,gpu-nvidia-h200
LDC_N80,512000,448533,Cell-Based,CPU-Parallel,NeoN,1,gpu-nvidia-h200
LDC_N80,512000,133901,Cell-Based,CPU-Parallel,NeoN + Julia,1,gpu-nvidia-h200
LDC_N80,512000,131266,Cell-Based,CPU-Parallel,NeoN + Julia,1,gpu-nvidia-h200
LDC_N80,512000,134408,Cell-Based,CPU-Parallel,NeoN + Julia,1,gpu-nvidia-h200
LDC_N80,512000,452419,Cell-Based,CPU-Parallel,NeoN,2,gpu-nvidia-h200
LDC_N80,512000,454496,Cell-Based,CPU-Parallel,NeoN,2,gpu-nvidia-h200
LDC_N80,512000,455102,Cell-Based,CPU-Parallel,NeoN,2,gpu-nvidia-h200
LDC_N80,512000,103451,Cell-Based,CPU-Parallel,NeoN + Julia,2,gpu-nvidia-h200
LDC_N80,512000,107201,Cell-Based,CPU-Parallel,NeoN + Julia,2,gpu-nvidia-h200
LDC_N80,512000,109506,Cell-Based,CPU-Parallel,NeoN + Julia,2,gpu-nvidia-h200
LDC_N80,512000,455669,Cell-Based,CPU-Parallel,NeoN,4,gpu-nvidia-h200
LDC_N80,512000,457195,Cell-Based,CPU-Parallel,NeoN,4,gpu-nvidia-h200
LDC_N80,512000,457676,Cell-Based,CPU-Parallel,NeoN,4,gpu-nvidia-h200
LDC_N80,512000,117110,Cell-Based,CPU-Parallel,NeoN + Julia,4,gpu-nvidia-h200
LDC_N80,512000,115259,Cell-Based,CPU-Parallel,NeoN + Julia,4,gpu-nvidia-h200
LDC_N80,512000,99448,Cell-Based,CPU-Parallel,NeoN + Julia,4,gpu-nvidia-h200
LDC_N80,512000,454510,Cell-Based,CPU-Parallel,NeoN,8,gpu-nvidia-h200
LDC_N80,512000,457919,Cell-Based,CPU-Parallel,NeoN,8,gpu-nvidia-h200
LDC_N80,512000,461109,Cell-Based,CPU-Parallel,NeoN,8,gpu-nvidia-h200
LDC_N80,512000,109807,Cell-Based,CPU-Parallel,NeoN + Julia,8,gpu-nvidia-h200
LDC_N80,512000,124043,Cell-Based,CPU-Parallel,NeoN + Julia,8,gpu-nvidia-h200
LDC_N80,512000,125649,Cell-Based,CPU-Parallel,NeoN + Julia,8,gpu-nvidia-h200
LDC_N80,512000,453233,Cell-Based,CPU-Parallel,NeoN,16,gpu-nvidia-h200
LDC_N80,512000,455452,Cell-Based,CPU-Parallel,NeoN,16,gpu-nvidia-h200
LDC_N80,512000,454347,Cell-Based,CPU-Parallel,NeoN,16,gpu-nvidia-h200
LDC_N80,512000,147807,Cell-Based,CPU-Parallel,NeoN + Julia,16,gpu-nvidia-h200
LDC_N80,512000,144653,Cell-Based,CPU-Parallel,NeoN + Julia,16,gpu-nvidia-h200
LDC_N80,512000,144290,Cell-Based,CPU-Parallel,NeoN + Julia,16,gpu-nvidia-h200
LDC_N80,512000,455734,Cell-Based,CPU-Parallel,NeoN,32,gpu-nvidia-h200
LDC_N80,512000,458287,Cell-Based,CPU-Parallel,NeoN,32,gpu-nvidia-h200
LDC_N80,512000,459758,Cell-Based,CPU-Parallel,NeoN,32,gpu-nvidia-h200
LDC_N80,512000,184544,Cell-Based,CPU-Parallel,NeoN + Julia,32,gpu-nvidia-h200
LDC_N80,512000,193173,Cell-Based,CPU-Parallel,NeoN + Julia,32,gpu-nvidia-h200
LDC_N80,512000,195556,Cell-Based,CPU-Parallel,NeoN + Julia,32,gpu-nvidia-h200
LDC_N80,512000,454775,Cell-Based,CPU-Parallel,NeoN,64,gpu-nvidia-h200
LDC_N80,512000,459816,Cell-Based,CPU-Parallel,NeoN,64,gpu-nvidia-h200
LDC_N80,512000,460078,Cell-Based,CPU-Parallel,NeoN,64,gpu-nvidia-h200
LDC_N80,512000,202987,Cell-Based,CPU-Parallel,NeoN + Julia,64,gpu-nvidia-h200
LDC_N80,512000,182849,Cell-Based,CPU-Parallel,NeoN + Julia,64,gpu-nvidia-h200
LDC_N80,512000,198330,Cell-Based,CPU-Parallel,NeoN + Julia,64,gpu-nvidia-h200
LDC_N80,512000,456035,Cell-Based,CPU-Parallel,NeoN,128,gpu-nvidia-h200
LDC_N80,512000,454700,Cell-Based,CPU-Parallel,NeoN,128,gpu-nvidia-h200
LDC_N80,512000,456798,Cell-Based,CPU-Parallel,NeoN,128,gpu-nvidia-h200
LDC_N80,512000,183426,Cell-Based,CPU-Parallel,NeoN + Julia,128,gpu-nvidia-h200
LDC_N80,512000,185059,Cell-Based,CPU-Parallel,NeoN + Julia,128,gpu-nvidia-h200
LDC_N80,512000,149558,Cell-Based,CPU-Parallel,NeoN + Julia,128,gpu-nvidia-h200
LDC_N90,729000,639991,Cell-Based,CPU-Parallel,NeoN,1,gpu-nvidia-h200
LDC_N90,729000,635133,Cell-Based,CPU-Parallel,NeoN,1,gpu-nvidia-h200
LDC_N90,729000,635262,Cell-Based,CPU-Parallel,NeoN,1,gpu-nvidia-h200
LDC_N90,729000,189641,Cell-Based,CPU-Parallel,NeoN + Julia,1,gpu-nvidia-h200
LDC_N90,729000,189560,Cell-Based,CPU-Parallel,NeoN + Julia,1,gpu-nvidia-h200
LDC_N90,729000,188909,Cell-Based,CPU-Parallel,NeoN + Julia,1,gpu-nvidia-h200
LDC_N90,729000,642583,Cell-Based,CPU-Parallel,NeoN,2,gpu-nvidia-h200
LDC_N90,729000,645957,Cell-Based,CPU-Parallel,NeoN,2,gpu-nvidia-h200
LDC_N90,729000,641945,Cell-Based,CPU-Parallel,NeoN,2,gpu-nvidia-h200
LDC_N90,729000,140989,Cell-Based,CPU-Parallel,NeoN + Julia,2,gpu-nvidia-h200
LDC_N90,729000,143540,Cell-Based,CPU-Parallel,NeoN + Julia,2,gpu-nvidia-h200
LDC_N90,729000,143904,Cell-Based,CPU-Parallel,NeoN + Julia,2,gpu-nvidia-h200
LDC_N90,729000,645811,Cell-Based,CPU-Parallel,NeoN,4,gpu-nvidia-h200
LDC_N90,729000,648586,Cell-Based,CPU-Parallel,NeoN,4,gpu-nvidia-h200
LDC_N90,729000,650939,Cell-Based,CPU-Parallel,NeoN,4,gpu-nvidia-h200
LDC_N90,729000,173527,Cell-Based,CPU-Parallel,NeoN + Julia,4,gpu-nvidia-h200
LDC_N90,729000,160011,Cell-Based,CPU-Parallel,NeoN + Julia,4,gpu-nvidia-h200
LDC_N90,729000,175919,Cell-Based,CPU-Parallel,NeoN + Julia,4,gpu-nvidia-h200
LDC_N90,729000,648458,Cell-Based,CPU-Parallel,NeoN,8,gpu-nvidia-h200
LDC_N90,729000,648765,Cell-Based,CPU-Parallel,NeoN,8,gpu-nvidia-h200
LDC_N90,729000,654011,Cell-Based,CPU-Parallel,NeoN,8,gpu-nvidia-h200
LDC_N90,729000,205152,Cell-Based,CPU-Parallel,NeoN + Julia,8,gpu-nvidia-h200
LDC_N90,729000,204433,Cell-Based,CPU-Parallel,NeoN + Julia,8,gpu-nvidia-h200
LDC_N90,729000,202119,Cell-Based,CPU-Parallel,NeoN + Julia,8,gpu-nvidia-h200
LDC_N90,729000,644241,Cell-Based,CPU-Parallel,NeoN,16,gpu-nvidia-h200
LDC_N90,729000,645395,Cell-Based,CPU-Parallel,NeoN,16,gpu-nvidia-h200
LDC_N90,729000,647673,Cell-Based,CPU-Parallel,NeoN,16,gpu-nvidia-h200
LDC_N90,729000,221739,Cell-Based,CPU-Parallel,NeoN + Julia,16,gpu-nvidia-h200
LDC_N90,729000,240124,Cell-Based,CPU-Parallel,NeoN + Julia,16,gpu-nvidia-h200
LDC_N90,729000,222859,Cell-Based,CPU-Parallel,NeoN + Julia,16,gpu-nvidia-h200
LDC_N90,729000,649553,Cell-Based,CPU-Parallel,NeoN,32,gpu-nvidia-h200
LDC_N90,729000,649957,Cell-Based,CPU-Parallel,NeoN,32,gpu-nvidia-h200
LDC_N90,729000,650569,Cell-Based,CPU-Parallel,NeoN,32,gpu-nvidia-h200
LDC_N90,729000,247012,Cell-Based,CPU-Parallel,NeoN + Julia,32,gpu-nvidia-h200
LDC_N90,729000,257655,Cell-Based,CPU-Parallel,NeoN + Julia,32,gpu-nvidia-h200
LDC_N90,729000,273243,Cell-Based,CPU-Parallel,NeoN + Julia,32,gpu-nvidia-h200
LDC_N90,729000,654552,Cell-Based,CPU-Parallel,NeoN,64,gpu-nvidia-h200
LDC_N90,729000,654771,Cell-Based,CPU-Parallel,NeoN,64,gpu-nvidia-h200
LDC_N90,729000,655653,Cell-Based,CPU-Parallel,NeoN,64,gpu-nvidia-h200
LDC_N90,729000,257173,Cell-Based,CPU-Parallel,NeoN + Julia,64,gpu-nvidia-h200
LDC_N90,729000,223427,Cell-Based,CPU-Parallel,NeoN + Julia,64,gpu-nvidia-h200
LDC_N90,729000,211128,Cell-Based,CPU-Parallel,NeoN + Julia,64,gpu-nvidia-h200
LDC_N90,729000,645003,Cell-Based,CPU-Parallel,NeoN,128,gpu-nvidia-h200
LDC_N90,729000,649453,Cell-Based,CPU-Parallel,NeoN,128,gpu-nvidia-h200
LDC_N90,729000,648376,Cell-Based,CPU-Parallel,NeoN,128,gpu-nvidia-h200
LDC_N90,729000,244073,Cell-Based,CPU-Parallel,NeoN + Julia,128,gpu-nvidia-h200
LDC_N90,729000,272472,Cell-Based,CPU-Parallel,NeoN + Julia,128,gpu-nvidia-h200
LDC_N90,729000,206887,Cell-Based,CPU-Parallel,NeoN + Julia,128,gpu-nvidia-h200
LDC_N100,1000000,868990,Cell-Based,CPU-Parallel,NeoN,1,gpu-nvidia-h200
LDC_N100,1000000,873325,Cell-Based,CPU-Parallel,NeoN,1,gpu-nvidia-h200
LDC_N100,1000000,870565,Cell-Based,CPU-Parallel,NeoN,1,gpu-nvidia-h200
LDC_N100,1000000,257637,Cell-Based,CPU-Parallel,NeoN + Julia,1,gpu-nvidia-h200
LDC_N100,1000000,254410,Cell-Based,CPU-Parallel,NeoN + Julia,1,gpu-nvidia-h200
LDC_N100,1000000,252856,Cell-Based,CPU-Parallel,NeoN + Julia,1,gpu-nvidia-h200
LDC_N100,1000000,891935,Cell-Based,CPU-Parallel,NeoN,2,gpu-nvidia-h200
LDC_N100,1000000,889782,Cell-Based,CPU-Parallel,NeoN,2,gpu-nvidia-h200
LDC_N100,1000000,894448,Cell-Based,CPU-Parallel,NeoN,2,gpu-nvidia-h200
LDC_N100,1000000,191282,Cell-Based,CPU-Parallel,NeoN + Julia,2,gpu-nvidia-h200
LDC_N100,1000000,203241,Cell-Based,CPU-Parallel,NeoN + Julia,2,gpu-nvidia-h200
LDC_N100,1000000,191489,Cell-Based,CPU-Parallel,NeoN + Julia,2,gpu-nvidia-h200
LDC_N100,1000000,887702,Cell-Based,CPU-Parallel,NeoN,4,gpu-nvidia-h200
LDC_N100,1000000,890398,Cell-Based,CPU-Parallel,NeoN,4,gpu-nvidia-h200
LDC_N100,1000000,885757,Cell-Based,CPU-Parallel,NeoN,4,gpu-nvidia-h200
LDC_N100,1000000,193817,Cell-Based,CPU-Parallel,NeoN + Julia,4,gpu-nvidia-h200
LDC_N100,1000000,216449,Cell-Based,CPU-Parallel,NeoN + Julia,4,gpu-nvidia-h200
LDC_N100,1000000,207306,Cell-Based,CPU-Parallel,NeoN + Julia,4,gpu-nvidia-h200
LDC_N100,1000000,889625,Cell-Based,CPU-Parallel,NeoN,8,gpu-nvidia-h200
LDC_N100,1000000,887220,Cell-Based,CPU-Parallel,NeoN,8,gpu-nvidia-h200
LDC_N100,1000000,884248,Cell-Based,CPU-Parallel,NeoN,8,gpu-nvidia-h200
LDC_N100,1000000,256483,Cell-Based,CPU-Parallel,NeoN + Julia,8,gpu-nvidia-h200
LDC_N100,1000000,226295,Cell-Based,CPU-Parallel,NeoN + Julia,8,gpu-nvidia-h200
LDC_N100,1000000,241821,Cell-Based,CPU-Parallel,NeoN + Julia,8,gpu-nvidia-h200
LDC_N100,1000000,877920,Cell-Based,CPU-Parallel,NeoN,16,gpu-nvidia-h200
LDC_N100,1000000,880189,Cell-Based,CPU-Parallel,NeoN,16,gpu-nvidia-h200
LDC_N100,1000000,886251,Cell-Based,CPU-Parallel,NeoN,16,gpu-nvidia-h200
LDC_N100,1000000,276719,Cell-Based,CPU-Parallel,NeoN + Julia,16,gpu-nvidia-h200
LDC_N100,1000000,278996,Cell-Based,CPU-Parallel,NeoN + Julia,16,gpu-nvidia-h200
LDC_N100,1000000,264672,Cell-Based,CPU-Parallel,NeoN + Julia,16,gpu-nvidia-h200
LDC_N100,1000000,895718,Cell-Based,CPU-Parallel,NeoN,32,gpu-nvidia-h200
LDC_N100,1000000,882894,Cell-Based,CPU-Parallel,NeoN,32,gpu-nvidia-h200
LDC_N100,1000000,889056,Cell-Based,CPU-Parallel,NeoN,32,gpu-nvidia-h200
LDC_N100,1000000,320993,Cell-Based,CPU-Parallel,NeoN + Julia,32,gpu-nvidia-h200
LDC_N100,1000000,303599,Cell-Based,CPU-Parallel,NeoN + Julia,32,gpu-nvidia-h200
LDC_N100,1000000,322677,Cell-Based,CPU-Parallel,NeoN + Julia,32,gpu-nvidia-h200
LDC_N100,1000000,887021,Cell-Based,CPU-Parallel,NeoN,64,gpu-nvidia-h200
LDC_N100,1000000,889794,Cell-Based,CPU-Parallel,NeoN,64,gpu-nvidia-h200
LDC_N100,1000000,893736,Cell-Based,CPU-Parallel,NeoN,64,gpu-nvidia-h200
LDC_N100,1000000,323061,Cell-Based,CPU-Parallel,NeoN + Julia,64,gpu-nvidia-h200
LDC_N100,1000000,272428,Cell-Based,CPU-Parallel,NeoN + Julia,64,gpu-nvidia-h200
LDC_N100,1000000,275855,Cell-Based,CPU-Parallel,NeoN + Julia,64,gpu-nvidia-h200
LDC_N100,1000000,885554,Cell-Based,CPU-Parallel,NeoN,128,gpu-nvidia-h200
LDC_N100,1000000,889000,Cell-Based,CPU-Parallel,NeoN,128,gpu-nvidia-h200
LDC_N100,1000000,889763,Cell-Based,CPU-Parallel,NeoN,128,gpu-nvidia-h200
LDC_N100,1000000,336120,Cell-Based,CPU-Parallel,NeoN + Julia,128,gpu-nvidia-h200
LDC_N100,1000000,301167,Cell-Based,CPU-Parallel,NeoN + Julia,128,gpu-nvidia-h200
LDC_N100,1000000,313649,Cell-Based,CPU-Parallel,NeoN + Julia,128,gpu-nvidia-h200
LDC_N110,1331000,1167653,Cell-Based,CPU-Parallel,NeoN,1,gpu-nvidia-h200
LDC_N110,1331000,1161403,Cell-Based,CPU-Parallel,NeoN,1,gpu-nvidia-h200
LDC_N110,1331000,1163555,Cell-Based,CPU-Parallel,NeoN,1,gpu-nvidia-h200
LDC_N110,1331000,335105,Cell-Based,CPU-Parallel,NeoN + Julia,1,gpu-nvidia-h200
LDC_N110,1331000,340525,Cell-Based,CPU-Parallel,NeoN + Julia,1,gpu-nvidia-h200
LDC_N110,1331000,333859,Cell-Based,CPU-Parallel,NeoN + Julia,1,gpu-nvidia-h200
LDC_N110,1331000,1188579,Cell-Based,CPU-Parallel,NeoN,2,gpu-nvidia-h200
LDC_N110,1331000,1177661,Cell-Based,CPU-Parallel,NeoN,2,gpu-nvidia-h200
LDC_N110,1331000,1173650,Cell-Based,CPU-Parallel,NeoN,2,gpu-nvidia-h200
LDC_N110,1331000,256500,Cell-Based,CPU-Parallel,NeoN + Julia,2,gpu-nvidia-h200
LDC_N110,1331000,268691,Cell-Based,CPU-Parallel,NeoN + Julia,2,gpu-nvidia-h200
LDC_N110,1331000,252783,Cell-Based,CPU-Parallel,NeoN + Julia,2,gpu-nvidia-h200
LDC_N110,1331000,1189074,Cell-Based,CPU-Parallel,NeoN,4,gpu-nvidia-h200
LDC_N110,1331000,1186096,Cell-Based,CPU-Parallel,NeoN,4,gpu-nvidia-h200
LDC_N110,1331000,1180714,Cell-Based,CPU-Parallel,NeoN,4,gpu-nvidia-h200
LDC_N110,1331000,260747,Cell-Based,CPU-Parallel,NeoN + Julia,4,gpu-nvidia-h200
LDC_N110,1331000,291370,Cell-Based,CPU-Parallel,NeoN + Julia,4,gpu-nvidia-h200
LDC_N110,1331000,274012,Cell-Based,CPU-Parallel,NeoN + Julia,4,gpu-nvidia-h200
LDC_N110,1331000,1173506,Cell-Based,CPU-Parallel,NeoN,8,gpu-nvidia-h200
LDC_N110,1331000,1183571,Cell-Based,CPU-Parallel,NeoN,8,gpu-nvidia-h200
LDC_N110,1331000,1182456,Cell-Based,CPU-Parallel,NeoN,8,gpu-nvidia-h200
LDC_N110,1331000,281525,Cell-Based,CPU-Parallel,NeoN + Julia,8,gpu-nvidia-h200
LDC_N110,1331000,315792,Cell-Based,CPU-Parallel,NeoN + Julia,8,gpu-nvidia-h200
LDC_N110,1331000,300358,Cell-Based,CPU-Parallel,NeoN + Julia,8,gpu-nvidia-h200
LDC_N110,1331000,1184341,Cell-Based,CPU-Parallel,NeoN,16,gpu-nvidia-h200
LDC_N110,1331000,1186236,Cell-Based,CPU-Parallel,NeoN,16,gpu-nvidia-h200
LDC_N110,1331000,1172553,Cell-Based,CPU-Parallel,NeoN,16,gpu-nvidia-h200
LDC_N110,1331000,326946,Cell-Based,CPU-Parallel,NeoN + Julia,16,gpu-nvidia-h200
LDC_N110,1331000,346940,Cell-Based,CPU-Parallel,NeoN + Julia,16,gpu-nvidia-h200
LDC_N110,1331000,335150,Cell-Based,CPU-Parallel,NeoN + Julia,16,gpu-nvidia-h200
LDC_N110,1331000,1169565,Cell-Based,CPU-Parallel,NeoN,32,gpu-nvidia-h200
LDC_N110,1331000,1177398,Cell-Based,CPU-Parallel,NeoN,32,gpu-nvidia-h200
LDC_N110,1331000,1176322,Cell-Based,CPU-Parallel,NeoN,32,gpu-nvidia-h200
LDC_N110,1331000,380872,Cell-Based,CPU-Parallel,NeoN + Julia,32,gpu-nvidia-h200
LDC_N110,1331000,358170,Cell-Based,CPU-Parallel,NeoN + Julia,32,gpu-nvidia-h200
LDC_N110,1331000,357003,Cell-Based,CPU-Parallel,NeoN + Julia,32,gpu-nvidia-h200
LDC_N110,1331000,1183203,Cell-Based,CPU-Parallel,NeoN,64,gpu-nvidia-h200
LDC_N110,1331000,1177507,Cell-Based,CPU-Parallel,NeoN,64,gpu-nvidia-h200
LDC_N110,1331000,1179470,Cell-Based,CPU-Parallel,NeoN,64,gpu-nvidia-h200
LDC_N110,1331000,428076,Cell-Based,CPU-Parallel,NeoN + Julia,64,gpu-nvidia-h200
LDC_N110,1331000,409855,Cell-Based,CPU-Parallel,NeoN + Julia,64,gpu-nvidia-h200
LDC_N110,1331000,366196,Cell-Based,CPU-Parallel,NeoN + Julia,64,gpu-nvidia-h200
LDC_N110,1331000,1176594,Cell-Based,CPU-Parallel,NeoN,128,gpu-nvidia-h200
LDC_N110,1331000,1175126,Cell-Based,CPU-Parallel,NeoN,128,gpu-nvidia-h200
LDC_N110,1331000,1179130,Cell-Based,CPU-Parallel,NeoN,128,gpu-nvidia-h200
LDC_N110,1331000,368518,Cell-Based,CPU-Parallel,NeoN + Julia,128,gpu-nvidia-h200
LDC_N110,1331000,395130,Cell-Based,CPU-Parallel,NeoN + Julia,128,gpu-nvidia-h200
LDC_N110,1331000,371161,Cell-Based,CPU-Parallel,NeoN + Julia,128,gpu-nvidia-h200
LDC_N120,1728000,1500374,Cell-Based,CPU-Parallel,NeoN,1,gpu-nvidia-h200
LDC_N120,1728000,1512532,Cell-Based,CPU-Parallel,NeoN,1,gpu-nvidia-h200
LDC_N120,1728000,1503887,Cell-Based,CPU-Parallel,NeoN,1,gpu-nvidia-h200
LDC_N120,1728000,432499,Cell-Based,CPU-Parallel,NeoN + Julia,1,gpu-nvidia-h200
LDC_N120,1728000,431087,Cell-Based,CPU-Parallel,NeoN + Julia,1,gpu-nvidia-h200
LDC_N120,1728000,431384,Cell-Based,CPU-Parallel,NeoN + Julia,1,gpu-nvidia-h200
LDC_N120,1728000,1517727,Cell-Based,CPU-Parallel,NeoN,2,gpu-nvidia-h200
LDC_N120,1728000,1528502,Cell-Based,CPU-Parallel,NeoN,2,gpu-nvidia-h200
LDC_N120,1728000,1526974,Cell-Based,CPU-Parallel,NeoN,2,gpu-nvidia-h200
LDC_N120,1728000,316961,Cell-Based,CPU-Parallel,NeoN + Julia,2,gpu-nvidia-h200
LDC_N120,1728000,328206,Cell-Based,CPU-Parallel,NeoN + Julia,2,gpu-nvidia-h200
LDC_N120,1728000,327482,Cell-Based,CPU-Parallel,NeoN + Julia,2,gpu-nvidia-h200
LDC_N120,1728000,1509536,Cell-Based,CPU-Parallel,NeoN,4,gpu-nvidia-h200
LDC_N120,1728000,1512350,Cell-Based,CPU-Parallel,NeoN,4,gpu-nvidia-h200
LDC_N120,1728000,1512452,Cell-Based,CPU-Parallel,NeoN,4,gpu-nvidia-h200
LDC_N120,1728000,309741,Cell-Based,CPU-Parallel,NeoN + Julia,4,gpu-nvidia-h200
LDC_N120,1728000,310441,Cell-Based,CPU-Parallel,NeoN + Julia,4,gpu-nvidia-h200
LDC_N120,1728000,294848,Cell-Based,CPU-Parallel,NeoN + Julia,4,gpu-nvidia-h200
LDC_N120,1728000,1510317,Cell-Based,CPU-Parallel,NeoN,8,gpu-nvidia-h200
LDC_N120,1728000,1509273,Cell-Based,CPU-Parallel,NeoN,8,gpu-nvidia-h200
LDC_N120,1728000,1506871,Cell-Based,CPU-Parallel,NeoN,8,gpu-nvidia-h200
LDC_N120,1728000,390344,Cell-Based,CPU-Parallel,NeoN + Julia,8,gpu-nvidia-h200
LDC_N120,1728000,357518,Cell-Based,CPU-Parallel,NeoN + Julia,8,gpu-nvidia-h200
LDC_N120,1728000,359534,Cell-Based,CPU-Parallel,NeoN + Julia,8,gpu-nvidia-h200
LDC_N120,1728000,1507161,Cell-Based,CPU-Parallel,NeoN,16,gpu-nvidia-h200
LDC_N120,1728000,1510264,Cell-Based,CPU-Parallel,NeoN,16,gpu-nvidia-h200
LDC_N120,1728000,1506869,Cell-Based,CPU-Parallel,NeoN,16,gpu-nvidia-h200
LDC_N120,1728000,398337,Cell-Based,CPU-Parallel,NeoN + Julia,16,gpu-nvidia-h200
LDC_N120,1728000,366643,Cell-Based,CPU-Parallel,NeoN + Julia,16,gpu-nvidia-h200
LDC_N120,1728000,377784,Cell-Based,CPU-Parallel,NeoN + Julia,16,gpu-nvidia-h200
LDC_N120,1728000,1505627,Cell-Based,CPU-Parallel,NeoN,32,gpu-nvidia-h200
LDC_N120,1728000,1511654,Cell-Based,CPU-Parallel,NeoN,32,gpu-nvidia-h200
LDC_N120,1728000,1519315,Cell-Based,CPU-Parallel,NeoN,32,gpu-nvidia-h200
LDC_N120,1728000,405634,Cell-Based,CPU-Parallel,NeoN + Julia,32,gpu-nvidia-h200
LDC_N120,1728000,400878,Cell-Based,CPU-Parallel,NeoN + Julia,32,gpu-nvidia-h200
LDC_N120,1728000,369788,Cell-Based,CPU-Parallel,NeoN + Julia,32,gpu-nvidia-h200
LDC_N120,1728000,1509443,Cell-Based,CPU-Parallel,NeoN,64,gpu-nvidia-h200
LDC_N120,1728000,1503624,Cell-Based,CPU-Parallel,NeoN,64,gpu-nvidia-h200
LDC_N120,1728000,1523145,Cell-Based,CPU-Parallel,NeoN,64,gpu-nvidia-h200
LDC_N120,1728000,519783,Cell-Based,CPU-Parallel,NeoN + Julia,64,gpu-nvidia-h200
LDC_N120,1728000,487747,Cell-Based,CPU-Parallel,NeoN + Julia,64,gpu-nvidia-h200
LDC_N120,1728000,460797,Cell-Based,CPU-Parallel,NeoN + Julia,64,gpu-nvidia-h200
LDC_N130,2197000,1910340,Cell-Based,CPU-Parallel,NeoN,1,gpu-nvidia-h200
LDC_N130,2197000,1928636,Cell-Based,CPU-Parallel,NeoN,1,gpu-nvidia-h200
LDC_N130,2197000,1914829,Cell-Based,CPU-Parallel,NeoN,1,gpu-nvidia-h200
LDC_N130,2197000,549798,Cell-Based,CPU-Parallel,NeoN + Julia,1
LDC_N130,2197000,549131,Cell-Based,CPU-Parallel,NeoN + Julia,1
LDC_N130,2197000,550352,Cell-Based,CPU-Parallel,NeoN + Julia,1
LDC_N130,2197000,1931436,Cell-Based,CPU-Parallel,NeoN,2,gpu-nvidia-h200
LDC_N130,2197000,1928528,Cell-Based,CPU-Parallel,NeoN,2,gpu-nvidia-h200
LDC_N130,2197000,1926525,Cell-Based,CPU-Parallel,NeoN,2,gpu-nvidia-h200
LDC_N130,2197000,417985,Cell-Based,CPU-Parallel,NeoN + Julia,2
LDC_N130,2197000,418452,Cell-Based,CPU-Parallel,NeoN + Julia,2
LDC_N130,2197000,417302,Cell-Based,CPU-Parallel,NeoN + Julia,2
LDC_N130,2197000,1928315,Cell-Based,CPU-Parallel,NeoN,4,gpu-nvidia-h200
LDC_N130,2197000,1927270,Cell-Based,CPU-Parallel,NeoN,4,gpu-nvidia-h200
LDC_N130,2197000,1921863,Cell-Based,CPU-Parallel,NeoN,4,gpu-nvidia-h200
LDC_N130,2197000,393480,Cell-Based,CPU-Parallel,NeoN + Julia,4
LDC_N130,2197000,407028,Cell-Based,CPU-Parallel,NeoN + Julia,4
LDC_N130,2197000,391547,Cell-Based,CPU-Parallel,NeoN + Julia,4
LDC_N130,2197000,1912733,Cell-Based,CPU-Parallel,NeoN,8,gpu-nvidia-h200
LDC_N130,2197000,1914368,Cell-Based,CPU-Parallel,NeoN,8,gpu-nvidia-h200
LDC_N130,2197000,1922855,Cell-Based,CPU-Parallel,NeoN,8,gpu-nvidia-h200
LDC_N130,2197000,385719,Cell-Based,CPU-Parallel,NeoN + Julia,8
LDC_N130,2197000,424185,Cell-Based,CPU-Parallel,NeoN + Julia,8
LDC_N130,2197000,435630,Cell-Based,CPU-Parallel,NeoN + Julia,8
LDC_N130,2197000,1923551,Cell-Based,CPU-Parallel,NeoN,16,gpu-nvidia-h200
LDC_N130,2197000,1921334,Cell-Based,CPU-Parallel,NeoN,16,gpu-nvidia-h200
LDC_N130,2197000,1913788,Cell-Based,CPU-Parallel,NeoN,16,gpu-nvidia-h200
LDC_N130,2197000,426238,Cell-Based,CPU-Parallel,NeoN + Julia,16
LDC_N130,2197000,424332,Cell-Based,CPU-Parallel,NeoN + Julia,16
LDC_N130,2197000,436568,Cell-Based,CPU-Parallel,NeoN + Julia,16
LDC_N130,2197000,1914412,Cell-Based,CPU-Parallel,NeoN,32,gpu-nvidia-h200
LDC_N130,2197000,1917503,Cell-Based,CPU-Parallel,NeoN,32,gpu-nvidia-h200
LDC_N130,2197000,1926962,Cell-Based,CPU-Parallel,NeoN,32,gpu-nvidia-h200
LDC_N130,2197000,490947,Cell-Based,CPU-Parallel,NeoN + Julia,32
LDC_N130,2197000,487188,Cell-Based,CPU-Parallel,NeoN + Julia,32
LDC_N130,2197000,440249,Cell-Based,CPU-Parallel,NeoN + Julia,32
LDC_N130,2197000,1911698,Cell-Based,CPU-Parallel,NeoN,64,gpu-nvidia-h200
LDC_N130,2197000,1915313,Cell-Based,CPU-Parallel,NeoN,64,gpu-nvidia-h200
LDC_N130,2197000,1914006,Cell-Based,CPU-Parallel,NeoN,64,gpu-nvidia-h200
LDC_N130,2197000,568985,Cell-Based,CPU-Parallel,NeoN + Julia,64
LDC_N130,2197000,523965,Cell-Based,CPU-Parallel,NeoN + Julia,64
LDC_N130,2197000,507505,Cell-Based,CPU-Parallel,NeoN + Julia,64
LDC_N130,2197000,1918752,Cell-Based,CPU-Parallel,NeoN,128,gpu-nvidia-h200
LDC_N130,2197000,1920160,Cell-Based,CPU-Parallel,NeoN,128,gpu-nvidia-h200
LDC_N130,2197000,1911922,Cell-Based,CPU-Parallel,NeoN,128,gpu-nvidia-h200
LDC_N130,2197000,501617,Cell-Based,CPU-Parallel,NeoN + Julia,128
LDC_N130,2197000,540481,Cell-Based,CPU-Parallel,NeoN + Julia,128
LDC_N130,2197000,504760,Cell-Based,CPU-Parallel,NeoN + Julia,128
LDC_N140,2744000,2386808,Cell-Based,CPU-Parallel,NeoN,1,gpu-nvidia-h200
LDC_N140,2744000,2376648,Cell-Based,CPU-Parallel,NeoN,1,gpu-nvidia-h200
LDC_N140,2744000,2379966,Cell-Based,CPU-Parallel,NeoN,1,gpu-nvidia-h200
LDC_N140,2744000,692051,Cell-Based,CPU-Parallel,NeoN + Julia,1
LDC_N140,2744000,690879,Cell-Based,CPU-Parallel,NeoN + Julia,1
LDC_N140,2744000,690129,Cell-Based,CPU-Parallel,NeoN + Julia,1
LDC_N140,2744000,2412991,Cell-Based,CPU-Parallel,NeoN,2,gpu-nvidia-h200
LDC_N140,2744000,2414795,Cell-Based,CPU-Parallel,NeoN,2,gpu-nvidia-h200
LDC_N140,2744000,2401715,Cell-Based,CPU-Parallel,NeoN,2,gpu-nvidia-h200
LDC_N140,2744000,512565,Cell-Based,CPU-Parallel,NeoN + Julia,2
LDC_N140,2744000,508303,Cell-Based,CPU-Parallel,NeoN + Julia,2
LDC_N140,2744000,510615,Cell-Based,CPU-Parallel,NeoN + Julia,2
LDC_N140,2744000,2399696,Cell-Based,CPU-Parallel,NeoN,4,gpu-nvidia-h200
LDC_N140,2744000,2418311,Cell-Based,CPU-Parallel,NeoN,4,gpu-nvidia-h200
LDC_N140,2744000,2397093,Cell-Based,CPU-Parallel,NeoN,4,gpu-nvidia-h200
LDC_N140,2744000,475576,Cell-Based,CPU-Parallel,NeoN + Julia,4
LDC_N140,2744000,474499,Cell-Based,CPU-Parallel,NeoN + Julia,4
LDC_N140,2744000,490403,Cell-Based,CPU-Parallel,NeoN + Julia,4
LDC_N140,2744000,2382822,Cell-Based,CPU-Parallel,NeoN,8,gpu-nvidia-h200
LDC_N140,2744000,2380843,Cell-Based,CPU-Parallel,NeoN,8,gpu-nvidia-h200
LDC_N140,2744000,2366807,Cell-Based,CPU-Parallel,NeoN,8,gpu-nvidia-h200
LDC_N140,2744000,502272,Cell-Based,CPU-Parallel,NeoN + Julia,8
LDC_N140,2744000,507297,Cell-Based,CPU-Parallel,NeoN + Julia,8
LDC_N140,2744000,505226,Cell-Based,CPU-Parallel,NeoN + Julia,8
LDC_N140,2744000,2394113,Cell-Based,CPU-Parallel,NeoN,16,gpu-nvidia-h200
LDC_N140,2744000,2396886,Cell-Based,CPU-Parallel,NeoN,16,gpu-nvidia-h200
LDC_N140,2744000,2390471,Cell-Based,CPU-Parallel,NeoN,16,gpu-nvidia-h200
LDC_N140,2744000,533404,Cell-Based,CPU-Parallel,NeoN,16,gpu-nvidia-h200
LDC_N140,2744000,535875,Cell-Based,CPU-Parallel,NeoN,16,gpu-nvidia-h200
LDC_N140,2744000,537289,Cell-Based,CPU-Parallel,NeoN,16,gpu-nvidia-h200
LDC_N140,2744000,2393233,Cell-Based,CPU-Parallel,NeoN,32,gpu-nvidia-h200
LDC_N140,2744000,2392109,Cell-Based,CPU-Parallel,NeoN,32,gpu-nvidia-h200
LDC_N140,2744000,2394537,Cell-Based,CPU-Parallel,NeoN,32,gpu-nvidia-h200
LDC_N140,2744000,602409,Cell-Based,CPU-Parallel,NeoN,32,gpu-nvidia-h200
LDC_N140,2744000,570094,Cell-Based,CPU-Parallel,NeoN,32,gpu-nvidia-h200
LDC_N140,2744000,551613,Cell-Based,CPU-Parallel,NeoN,32,gpu-nvidia-h200
LDC_N140,2744000,2385255,Cell-Based,CPU-Parallel,NeoN,64,gpu-nvidia-h200
LDC_N140,2744000,2387457,Cell-Based,CPU-Parallel,NeoN,64,gpu-nvidia-h200
LDC_N140,2744000,2377035,Cell-Based,CPU-Parallel,NeoN,64,gpu-nvidia-h200
LDC_N140,2744000,681523,Cell-Based,CPU-Parallel,NeoN,64,gpu-nvidia-h200
LDC_N140,2744000,650797,Cell-Based,CPU-Parallel,NeoN,64,gpu-nvidia-h200
LDC_N140,2744000,662952,Cell-Based,CPU-Parallel,NeoN,64,gpu-nvidia-h200
LDC_N140,2744000,2403735,Cell-Based,CPU-Parallel,NeoN,128,gpu-nvidia-h200
LDC_N140,2744000,2407538,Cell-Based,CPU-Parallel,NeoN,128,gpu-nvidia-h200
LDC_N140,2744000,2393066,Cell-Based,CPU-Parallel,NeoN,128,gpu-nvidia-h200
LDC_N140,2744000,692082,Cell-Based,CPU-Parallel,NeoN,128,gpu-nvidia-h200
LDC_N140,2744000,577564,Cell-Based,CPU-Parallel,NeoN,128,gpu-nvidia-h200
LDC_N140,2744000,576249,Cell-Based,CPU-Parallel,NeoN,128,gpu-nvidia-h200
LDC_N150,3375000,2935445,Cell-Based,CPU-Parallel,NeoN,1,gpu-nvidia-h200
LDC_N150,3375000,2935304,Cell-Based,CPU-Parallel,NeoN,1,gpu-nvidia-h200
LDC_N150,3375000,2967078,Cell-Based,CPU-Parallel,NeoN,1,gpu-nvidia-h200
LDC_N150,3375000,838188,Cell-Based,CPU-Parallel,NeoN,1,gpu-nvidia-h200
LDC_N150,3375000,838910,Cell-Based,CPU-Parallel,NeoN,1,gpu-nvidia-h200
LDC_N150,3375000,838388,Cell-Based,CPU-Parallel,NeoN,1,gpu-nvidia-h200
LDC_N150,3375000,2938675,Cell-Based,CPU-Parallel,NeoN,2,gpu-nvidia-h200
LDC_N150,3375000,2945955,Cell-Based,CPU-Parallel,NeoN,2,gpu-nvidia-h200
LDC_N150,3375000,2946452,Cell-Based,CPU-Parallel,NeoN,2,gpu-nvidia-h200
LDC_N150,3375000,620052,Cell-Based,CPU-Parallel,NeoN,2,gpu-nvidia-h200
LDC_N150,3375000,617246,Cell-Based,CPU-Parallel,NeoN,2,gpu-nvidia-h200
LDC_N150,3375000,617691,Cell-Based,CPU-Parallel,NeoN,2,gpu-nvidia-h200
LDC_N150,3375000,2921150,Cell-Based,CPU-Parallel,NeoN,4,gpu-nvidia-h200
LDC_N150,3375000,2958762,Cell-Based,CPU-Parallel,NeoN,4,gpu-nvidia-h200
LDC_N150,3375000,2926188,Cell-Based,CPU-Parallel,NeoN,4,gpu-nvidia-h200
LDC_N150,3375000,616413,Cell-Based,CPU-Parallel,NeoN,4,gpu-nvidia-h200
LDC_N150,3375000,602756,Cell-Based,CPU-Parallel,NeoN,4,gpu-nvidia-h200
LDC_N150,3375000,626220,Cell-Based,CPU-Parallel,NeoN,4,gpu-nvidia-h200
LDC_N150,3375000,2966722,Cell-Based,CPU-Parallel,NeoN,8,gpu-nvidia-h200
LDC_N150,3375000,2968033,Cell-Based,CPU-Parallel,NeoN,8,gpu-nvidia-h200
LDC_N150,3375000,2971388,Cell-Based,CPU-Parallel,NeoN,8,gpu-nvidia-h200
LDC_N150,3375000,623705,Cell-Based,CPU-Parallel,NeoN,8,gpu-nvidia-h200
LDC_N150,3375000,621061,Cell-Based,CPU-Parallel,NeoN,8,gpu-nvidia-h200
LDC_N150,3375000,632302,Cell-Based,CPU-Parallel,NeoN,8,gpu-nvidia-h200
LDC_N150,3375000,2941869,Cell-Based,CPU-Parallel,NeoN,16,gpu-nvidia-h200
LDC_N150,3375000,2918440,Cell-Based,CPU-Parallel,NeoN,16,gpu-nvidia-h200
LDC_N150,3375000,2925874,Cell-Based,CPU-Parallel,NeoN,16,gpu-nvidia-h200
LDC_N150,3375000,632313,Cell-Based,CPU-Parallel,NeoN,16,gpu-nvidia-h200
LDC_N150,3375000,616038,Cell-Based,CPU-Parallel,NeoN,16,gpu-nvidia-h200
LDC_N150,3375000,586200,Cell-Based,CPU-Parallel,NeoN,16,gpu-nvidia-h200
LDC_N150,3375000,2929305,Cell-Based,CPU-Parallel,NeoN,32,gpu-nvidia-h200
LDC_N150,3375000,2916703,Cell-Based,CPU-Parallel,NeoN,32,gpu-nvidia-h200
LDC_N150,3375000,2915548,Cell-Based,CPU-Parallel,NeoN,32,gpu-nvidia-h200
LDC_N150,3375000,645642,Cell-Based,CPU-Parallel,NeoN,32,gpu-nvidia-h200
LDC_N150,3375000,640709,Cell-Based,CPU-Parallel,NeoN,32,gpu-nvidia-h200
LDC_N150,3375000,660359,Cell-Based,CPU-Parallel,NeoN,32,gpu-nvidia-h200
LDC_N150,3375000,2939775,Cell-Based,CPU-Parallel,NeoN,64,gpu-nvidia-h200
LDC_N150,3375000,2936908,Cell-Based,CPU-Parallel,NeoN,64,gpu-nvidia-h200
LDC_N150,3375000,2926917,Cell-Based,CPU-Parallel,NeoN,64,gpu-nvidia-h200
LDC_N150,3375000,751643,Cell-Based,CPU-Parallel,NeoN,64,gpu-nvidia-h200
LDC_N150,3375000,732348,Cell-Based,CPU-Parallel,NeoN,64,gpu-nvidia-h200
LDC_N150,3375000,763048,Cell-Based,CPU-Parallel,NeoN,64,gpu-nvidia-h200
LDC_N150,3375000,2915271,Cell-Based,CPU-Parallel,NeoN,128,gpu-nvidia-h200
LDC_N150,3375000,2914325,Cell-Based,CPU-Parallel,NeoN,128,gpu-nvidia-h200
LDC_N150,3375000,2915825,Cell-Based,CPU-Parallel,NeoN,128,gpu-nvidia-h200
LDC_N150,3375000,766527,Cell-Based,CPU-Parallel,NeoN,128,gpu-nvidia-h200
LDC_N150,3375000,749897,Cell-Based,CPU-Parallel,NeoN,128,gpu-nvidia-h200
LDC_N150,3375000,721941,Cell-Based,CPU-Parallel,NeoN,128,gpu-nvidia-h200
LDC_N160,4096000,3537230,Cell-Based,CPU-Parallel,NeoN,1,gpu-nvidia-h200
LDC_N160,4096000,3539413,Cell-Based,CPU-Parallel,NeoN,1,gpu-nvidia-h200
LDC_N160,4096000,3551562,Cell-Based,CPU-Parallel,NeoN,1,gpu-nvidia-h200
LDC_N160,4096000,1015317,Cell-Based,CPU-Parallel,NeoN,1,gpu-nvidia-h200
LDC_N160,4096000,1027552,Cell-Based,CPU-Parallel,NeoN,1,gpu-nvidia-h200
LDC_N160,4096000,1014318,Cell-Based,CPU-Parallel,NeoN,1,gpu-nvidia-h200
LDC_N160,4096000,3559947,Cell-Based,CPU-Parallel,NeoN,2,gpu-nvidia-h200
LDC_N160,4096000,3565458,Cell-Based,CPU-Parallel,NeoN,2,gpu-nvidia-h200
LDC_N160,4096000,3576616,Cell-Based,CPU-Parallel,NeoN,2,gpu-nvidia-h200
LDC_N160,4096000,748261,Cell-Based,CPU-Parallel,NeoN,2,gpu-nvidia-h200
LDC_N160,4096000,746535,Cell-Based,CPU-Parallel,NeoN,2,gpu-nvidia-h200
LDC_N160,4096000,745553,Cell-Based,CPU-Parallel,NeoN,2,gpu-nvidia-h200
LDC_N160,4096000,3551040,Cell-Based,CPU-Parallel,NeoN,4,gpu-nvidia-h200
LDC_N160,4096000,3535306,Cell-Based,CPU-Parallel,NeoN,4,gpu-nvidia-h200
LDC_N160,4096000,3541611,Cell-Based,CPU-Parallel,NeoN,4,gpu-nvidia-h200
LDC_N160,4096000,717619,Cell-Based,CPU-Parallel,NeoN,4,gpu-nvidia-h200
LDC_N160,4096000,744996,Cell-Based,CPU-Parallel,NeoN,4,gpu-nvidia-h200
LDC_N160,4096000,728349,Cell-Based,CPU-Parallel,NeoN,4,gpu-nvidia-h200
LDC_N160,4096000,3544990,Cell-Based,CPU-Parallel,NeoN,8,gpu-nvidia-h200
LDC_N160,4096000,3543526,Cell-Based,CPU-Parallel,NeoN,8,gpu-nvidia-h200
LDC_N160,4096000,3537613,Cell-Based,CPU-Parallel,NeoN,8,gpu-nvidia-h200
LDC_N160,4096000,712249,Cell-Based,CPU-Parallel,NeoN,8,gpu-nvidia-h200
LDC_N160,4096000,716440,Cell-Based,CPU-Parallel,NeoN,8,gpu-nvidia-h200
LDC_N160,4096000,712681,Cell-Based,CPU-Parallel,NeoN,8,gpu-nvidia-h200
LDC_N160,4096000,3548393,Cell-Based,CPU-Parallel,NeoN,16,gpu-nvidia-h200
LDC_N160,4096000,3545728,Cell-Based,CPU-Parallel,NeoN,16,gpu-nvidia-h200
LDC_N160,4096000,3556779,Cell-Based,CPU-Parallel,NeoN,16,gpu-nvidia-h200
LDC_N160,4096000,710171,Cell-Based,CPU-Parallel,NeoN,16,gpu-nvidia-h200
LDC_N160,4096000,738563,Cell-Based,CPU-Parallel,NeoN,16,gpu-nvidia-h200
LDC_N160,4096000,692241,Cell-Based,CPU-Parallel,NeoN,16,gpu-nvidia-h200
LDC_N160,4096000,3544260,Cell-Based,CPU-Parallel,NeoN,32,gpu-nvidia-h200
LDC_N160,4096000,3544888,Cell-Based,CPU-Parallel,NeoN,32,gpu-nvidia-h200
LDC_N160,4096000,3539402,Cell-Based,CPU-Parallel,NeoN,32,gpu-nvidia-h200
LDC_N160,4096000,745488,Cell-Based,CPU-Parallel,NeoN,32,gpu-nvidia-h200
LDC_N160,4096000,742501,Cell-Based,CPU-Parallel,NeoN,32,gpu-nvidia-h200
LDC_N160,4096000,748332,Cell-Based,CPU-Parallel,NeoN,32,gpu-nvidia-h200
LDC_N160,4096000,3548458,Cell-Based,CPU-Parallel,NeoN,64,gpu-nvidia-h200
LDC_N160,4096000,3550110,Cell-Based,CPU-Parallel,NeoN,64,gpu-nvidia-h200
LDC_N160,4096000,3548920,Cell-Based,CPU-Parallel,NeoN,64,gpu-nvidia-h200
LDC_N160,4096000,840419,Cell-Based,CPU-Parallel,NeoN,64,gpu-nvidia-h200
LDC_N160,4096000,769983,Cell-Based,CPU-Parallel,NeoN,64,gpu-nvidia-h200
LDC_N160,4096000,791700,Cell-Based,CPU-Parallel,NeoN,64,gpu-nvidia-h200
LDC_N160,4096000,3550984,Cell-Based,CPU-Parallel,NeoN,128,gpu-nvidia-h200
LDC_N160,4096000,3550706,Cell-Based,CPU-Parallel,NeoN,128,gpu-nvidia-h200
LDC_N160,4096000,3528818,Cell-Based,CPU-Parallel,NeoN,128,gpu-nvidia-h200
LDC_N160,4096000,861882,Cell-Based,CPU-Parallel,NeoN,128,gpu-nvidia-h200
LDC_N160,4096000,860868,Cell-Based,CPU-Parallel,NeoN,128,gpu-nvidia-h200
LDC_N160,4096000,852788,Cell-Based,CPU-Parallel,NeoN,128,gpu-nvidia-h200
LDC_N170,4913000,4258481,Cell-Based,CPU-Parallel,NeoN,1,gpu-nvidia-h200
LDC_N170,4913000,4234997,Cell-Based,CPU-Parallel,NeoN,1,gpu-nvidia-h200
LDC_N170,4913000,4247872,Cell-Based,CPU-Parallel,NeoN,1,gpu-nvidia-h200
LDC_N170,4913000,1233369,Cell-Based,CPU-Parallel,NeoN,1,gpu-nvidia-h200
LDC_N170,4913000,1231881,Cell-Based,CPU-Parallel,NeoN,1,gpu-nvidia-h200
LDC_N170,4913000,1231915,Cell-Based,CPU-Parallel,NeoN,1,gpu-nvidia-h200
LDC_N170,4913000,4281585,Cell-Based,CPU-Parallel,NeoN,2,gpu-nvidia-h200
LDC_N170,4913000,4282235,Cell-Based,CPU-Parallel,NeoN,2,gpu-nvidia-h200
LDC_N170,4913000,4259754,Cell-Based,CPU-Parallel,NeoN,2,gpu-nvidia-h200
LDC_N170,4913000,881089,Cell-Based,CPU-Parallel,NeoN,2,gpu-nvidia-h200
LDC_N170,4913000,880358,Cell-Based,CPU-Parallel,NeoN,2,gpu-nvidia-h200
LDC_N170,4913000,884218,Cell-Based,CPU-Parallel,NeoN,2,gpu-nvidia-h200
LDC_N170,4913000,4282620,Cell-Based,CPU-Parallel,NeoN,4,gpu-nvidia-h200
LDC_N170,4913000,4262897,Cell-Based,CPU-Parallel,NeoN,4,gpu-nvidia-h200
LDC_N170,4913000,4239056,Cell-Based,CPU-Parallel,NeoN,4,gpu-nvidia-h200
LDC_N170,4913000,850737,Cell-Based,CPU-Parallel,NeoN,4,gpu-nvidia-h200
LDC_N170,4913000,856769,Cell-Based,CPU-Parallel,NeoN,4,gpu-nvidia-h200
LDC_N170,4913000,911516,Cell-Based,CPU-Parallel,NeoN,4,gpu-nvidia-h200
LDC_N170,4913000,4254627,Cell-Based,CPU-Parallel,NeoN,8,gpu-nvidia-h200
LDC_N170,4913000,4241657,Cell-Based,CPU-Parallel,NeoN,8,gpu-nvidia-h200
LDC_N170,4913000,4267727,Cell-Based,CPU-Parallel,NeoN,8,gpu-nvidia-h200
LDC_N170,4913000,856417,Cell-Based,CPU-Parallel,NeoN,8,gpu-nvidia-h200
LDC_N170,4913000,852068,Cell-Based,CPU-Parallel,NeoN,8,gpu-nvidia-h200
LDC_N170,4913000,841485,Cell-Based,CPU-Parallel,NeoN,8,gpu-nvidia-h200
LDC_N170,4913000,4255175,Cell-Based,CPU-Parallel,NeoN,16,gpu-nvidia-h200
LDC_N170,4913000,4260410,Cell-Based,CPU-Parallel,NeoN,16,gpu-nvidia-h200
LDC_N170,4913000,4280439,Cell-Based,CPU-Parallel,NeoN,16,gpu-nvidia-h200
LDC_N170,4913000,898886,Cell-Based,CPU-Parallel,NeoN,16,gpu-nvidia-h200
LDC_N170,4913000,882226,Cell-Based,CPU-Parallel,NeoN,16,gpu-nvidia-h200
LDC_N170,4913000,887402,Cell-Based,CPU-Parallel,NeoN,16,gpu-nvidia-h200
LDC_N170,4913000,4268102,Cell-Based,CPU-Parallel,NeoN,32,gpu-nvidia-h200
LDC_N170,4913000,4279107,Cell-Based,CPU-Parallel,NeoN,32,gpu-nvidia-h200
LDC_N170,4913000,4260971,Cell-Based,CPU-Parallel,NeoN,32,gpu-nvidia-h200
LDC_N170,4913000,885799,Cell-Based,CPU-Parallel,NeoN,32,gpu-nvidia-h200
LDC_N170,4913000,880690,Cell-Based,CPU-Parallel,NeoN,32,gpu-nvidia-h200
LDC_N170,4913000,883963,Cell-Based,CPU-Parallel,NeoN,32,gpu-nvidia-h200
LDC_N170,4913000,4274865,Cell-Based,CPU-Parallel,NeoN,64,gpu-nvidia-h200
LDC_N170,4913000,4268844,Cell-Based,CPU-Parallel,NeoN,64,gpu-nvidia-h200
LDC_N170,4913000,4271530,Cell-Based,CPU-Parallel,NeoN,64,gpu-nvidia-h200
LDC_N170,4913000,1001313,Cell-Based,CPU-Parallel,NeoN,64,gpu-nvidia-h200
LDC_N170,4913000,947249,Cell-Based,CPU-Parallel,NeoN,64,gpu-nvidia-h200
LDC_N170,4913000,903518,Cell-Based,CPU-Parallel,NeoN,64,gpu-nvidia-h200
LDC_N170,4913000,4273453,Cell-Based,CPU-Parallel,NeoN,128,gpu-nvidia-h200
LDC_N170,4913000,4263158,Cell-Based,CPU-Parallel,NeoN,128,gpu-nvidia-h200
LDC_N170,4913000,4253714,Cell-Based,CPU-Parallel,NeoN,128,gpu-nvidia-h200
LDC_N170,4913000,1002279,Cell-Based,CPU-Parallel,NeoN,128,gpu-nvidia-h200
LDC_N170,4913000,994702,Cell-Based,CPU-Parallel,NeoN,128,gpu-nvidia-h200
LDC_N170,4913000,1020903,Cell-Based,CPU-Parallel,NeoN,128,gpu-nvidia-h200
LDC_N180,5832000,5067441,Cell-Based,CPU-Parallel,NeoN,1,gpu-nvidia-h200
LDC_N180,5832000,5068640,Cell-Based,CPU-Parallel,NeoN,1,gpu-nvidia-h200
LDC_N180,5832000,5070012,Cell-Based,CPU-Parallel,NeoN,1,gpu-nvidia-h200
LDC_N180,5832000,1434882,Cell-Based,CPU-Parallel,NeoN,1,gpu-nvidia-h200
LDC_N180,5832000,1431303,Cell-Based,CPU-Parallel,NeoN,1,gpu-nvidia-h200
LDC_N180,5832000,1433472,Cell-Based,CPU-Parallel,NeoN,1,gpu-nvidia-h200
LDC_N180,5832000,5073976,Cell-Based,CPU-Parallel,NeoN,2,gpu-nvidia-h200
LDC_N180,5832000,5074683,Cell-Based,CPU-Parallel,NeoN,2,gpu-nvidia-h200
LDC_N180,5832000,5076501,Cell-Based,CPU-Parallel,NeoN,2,gpu-nvidia-h200
LDC_N180,5832000,1040675,Cell-Based,CPU-Parallel,NeoN,2,gpu-nvidia-h200
LDC_N180,5832000,1038448,Cell-Based,CPU-Parallel,NeoN,2,gpu-nvidia-h200
LDC_N180,5832000,1039751,Cell-Based,CPU-Parallel,NeoN,2,gpu-nvidia-h200
LDC_N180,5832000,5096530,Cell-Based,CPU-Parallel,NeoN,4,gpu-nvidia-h200
LDC_N180,5832000,5104376,Cell-Based,CPU-Parallel,NeoN,4,gpu-nvidia-h200
LDC_N180,5832000,5084765,Cell-Based,CPU-Parallel,NeoN,4,gpu-nvidia-h200
LDC_N180,5832000,1003108,Cell-Based,CPU-Parallel,NeoN,4,gpu-nvidia-h200
LDC_N180,5832000,1009688,Cell-Based,CPU-Parallel,NeoN,4,gpu-nvidia-h200
LDC_N180,5832000,1010808,Cell-Based,CPU-Parallel,NeoN,4,gpu-nvidia-h200
LDC_N180,5832000,5060900,Cell-Based,CPU-Parallel,NeoN,8,gpu-nvidia-h200
LDC_N180,5832000,5060533,Cell-Based,CPU-Parallel,NeoN,8,gpu-nvidia-h200
LDC_N180,5832000,5062135,Cell-Based,CPU-Parallel,NeoN,8,gpu-nvidia-h200
LDC_N180,5832000,964868,Cell-Based,CPU-Parallel,NeoN,8,gpu-nvidia-h200
LDC_N180,5832000,992541,Cell-Based,CPU-Parallel,NeoN,8,gpu-nvidia-h200
LDC_N180,5832000,966868,Cell-Based,CPU-Parallel,NeoN,8,gpu-nvidia-h200
LDC_N180,5832000,5030136,Cell-Based,CPU-Parallel,NeoN,16,gpu-nvidia-h200
LDC_N180,5832000,5024667,Cell-Based,CPU-Parallel,NeoN,16,gpu-nvidia-h200
LDC_N180,5832000,5039669,Cell-Based,CPU-Parallel,NeoN,16,gpu-nvidia-h200
LDC_N180,5832000,1018451,Cell-Based,CPU-Parallel,NeoN,16,gpu-nvidia-h200
LDC_N180,5832000,979660,Cell-Based,CPU-Parallel,NeoN,16,gpu-nvidia-h200
LDC_N180,5832000,999893,Cell-Based,CPU-Parallel,NeoN,16,gpu-nvidia-h200
LDC_N180,5832000,5058087,Cell-Based,CPU-Parallel,NeoN,32,gpu-nvidia-h200
LDC_N180,5832000,5044100,Cell-Based,CPU-Parallel,NeoN,32,gpu-nvidia-h200
LDC_N180,5832000,5040621,Cell-Based,CPU-Parallel,NeoN,32,gpu-nvidia-h200
LDC_N180,5832000,1054441,Cell-Based,CPU-Parallel,NeoN,32,gpu-nvidia-h200
LDC_N180,5832000,1053882,Cell-Based,CPU-Parallel,NeoN,32,gpu-nvidia-h200
LDC_N180,5832000,1041663,Cell-Based,CPU-Parallel,NeoN,32,gpu-nvidia-h200
LDC_N180,5832000,5076152,Cell-Based,CPU-Parallel,NeoN,64,gpu-nvidia-h200
LDC_N180,5832000,5100464,Cell-Based,CPU-Parallel,NeoN,64,gpu-nvidia-h200
LDC_N180,5832000,5081215,Cell-Based,CPU-Parallel,NeoN,64,gpu-nvidia-h200
LDC_N180,5832000,1166072,Cell-Based,CPU-Parallel,NeoN,64,gpu-nvidia-h200
LDC_N180,5832000,1095662,Cell-Based,CPU-Parallel,NeoN,64,gpu-nvidia-h200
LDC_N180,5832000,1138677,Cell-Based,CPU-Parallel,NeoN,64,gpu-nvidia-h200
LDC_N180,5832000,5110105,Cell-Based,CPU-Parallel,NeoN,128,gpu-nvidia-h200
LDC_N180,5832000,5121536,Cell-Based,CPU-Parallel,NeoN,128,gpu-nvidia-h200
LDC_N180,5832000,5128180,Cell-Based,CPU-Parallel,NeoN,128,gpu-nvidia-h200
LDC_N180,5832000,1094963,Cell-Based,CPU-Parallel,NeoN,128,gpu-nvidia-h200
LDC_N180,5832000,1098009,Cell-Based,CPU-Parallel,NeoN,128,gpu-nvidia-h200
LDC_N180,5832000,1131775,Cell-Based,CPU-Parallel,NeoN,128,gpu-nvidia-h200
LDC_N190,6859000,5964933,Cell-Based,CPU-Parallel,NeoN,1,gpu-nvidia-h200
LDC_N190,6859000,5963159,Cell-Based,CPU-Parallel,NeoN,1,gpu-nvidia-h200
LDC_N190,6859000,5933680,Cell-Based,CPU-Parallel,NeoN,1,gpu-nvidia-h200
LDC_N190,6859000,1709754,Cell-Based,CPU-Parallel,NeoN,1,gpu-nvidia-h200
LDC_N190,6859000,1707404,Cell-Based,CPU-Parallel,NeoN,1,gpu-nvidia-h200
LDC_N190,6859000,1707728,Cell-Based,CPU-Parallel,NeoN,1,gpu-nvidia-h200
LDC_N190,6859000,5949439,Cell-Based,CPU-Parallel,NeoN,2,gpu-nvidia-h200
LDC_N190,6859000,5924774,Cell-Based,CPU-Parallel,NeoN,2,gpu-nvidia-h200
LDC_N190,6859000,5921111,Cell-Based,CPU-Parallel,NeoN,2,gpu-nvidia-h200
LDC_N190,6859000,1225319,Cell-Based,CPU-Parallel,NeoN,2,gpu-nvidia-h200
LDC_N190,6859000,1226060,Cell-Based,CPU-Parallel,NeoN,2,gpu-nvidia-h200
LDC_N190,6859000,1221688,Cell-Based,CPU-Parallel,NeoN,2,gpu-nvidia-h200
LDC_N190,6859000,5962849,Cell-Based,CPU-Parallel,NeoN,4,gpu-nvidia-h200
LDC_N190,6859000,5946906,Cell-Based,CPU-Parallel,NeoN,4,gpu-nvidia-h200
LDC_N190,6859000,5949996,Cell-Based,CPU-Parallel,NeoN,4,gpu-nvidia-h200
LDC_N190,6859000,1215444,Cell-Based,CPU-Parallel,NeoN,4,gpu-nvidia-h200
LDC_N190,6859000,1196328,Cell-Based,CPU-Parallel,NeoN,4,gpu-nvidia-h200
LDC_N190,6859000,1230086,Cell-Based,CPU-Parallel,NeoN,4,gpu-nvidia-h200
LDC_N190,6859000,5998252,Cell-Based,CPU-Parallel,NeoN,8,gpu-nvidia-h200
LDC_N190,6859000,5955929,Cell-Based,CPU-Parallel,NeoN,8,gpu-nvidia-h200
LDC_N190,6859000,5965186,Cell-Based,CPU-Parallel,NeoN,8,gpu-nvidia-h200
LDC_N190,6859000,1135745,Cell-Based,CPU-Parallel,NeoN,8,gpu-nvidia-h200
LDC_N190,6859000,1136441,Cell-Based,CPU-Parallel,NeoN,8,gpu-nvidia-h200
LDC_N190,6859000,1143509,Cell-Based,CPU-Parallel,NeoN,8,gpu-nvidia-h200
LDC_N190,6859000,5948752,Cell-Based,CPU-Parallel,NeoN,16,gpu-nvidia-h200
LDC_N190,6859000,5948825,Cell-Based,CPU-Parallel,NeoN,16,gpu-nvidia-h200
LDC_N190,6859000,5933642,Cell-Based,CPU-Parallel,NeoN,16,gpu-nvidia-h200
LDC_N190,6859000,1168066,Cell-Based,CPU-Parallel,NeoN,16,gpu-nvidia-h200
LDC_N190,6859000,1169447,Cell-Based,CPU-Parallel,NeoN,16,gpu-nvidia-h200
LDC_N190,6859000,1169377,Cell-Based,CPU-Parallel,NeoN,16,gpu-nvidia-h200
LDC_N190,6859000,5938423,Cell-Based,CPU-Parallel,NeoN,32,gpu-nvidia-h200
LDC_N190,6859000,5934319,Cell-Based,CPU-Parallel,NeoN,32,gpu-nvidia-h200
LDC_N190,6859000,5917567,Cell-Based,CPU-Parallel,NeoN,32,gpu-nvidia-h200
LDC_N190,6859000,1242619,Cell-Based,CPU-Parallel,NeoN,32,gpu-nvidia-h200
LDC_N190,6859000,1202400,Cell-Based,CPU-Parallel,NeoN,32,gpu-nvidia-h200
LDC_N190,6859000,1240383,Cell-Based,CPU-Parallel,NeoN,32,gpu-nvidia-h200
LDC_N190,6859000,5977569,Cell-Based,CPU-Parallel,NeoN,64,gpu-nvidia-h200
LDC_N190,6859000,5930419,Cell-Based,CPU-Parallel,NeoN,64,gpu-nvidia-h200
LDC_N190,6859000,5906027,Cell-Based,CPU-Parallel,NeoN,64,gpu-nvidia-h200
LDC_N190,6859000,1367085,Cell-Based,CPU-Parallel,NeoN,64,gpu-nvidia-h200
LDC_N190,6859000,1321352,Cell-Based,CPU-Parallel,NeoN,64,gpu-nvidia-h200
LDC_N190,6859000,1319177,Cell-Based,CPU-Parallel,NeoN,64,gpu-nvidia-h200
LDC_N190,6859000,5959652,Cell-Based,CPU-Parallel,NeoN,128,gpu-nvidia-h200
LDC_N190,6859000,5903588,Cell-Based,CPU-Parallel,NeoN,128,gpu-nvidia-h200
LDC_N190,6859000,5917180,Cell-Based,CPU-Parallel,NeoN,128,gpu-nvidia-h200
LDC_N190,6859000,1309715,Cell-Based,CPU-Parallel,NeoN,128,gpu-nvidia-h200
LDC_N190,6859000,1296237,Cell-Based,CPU-Parallel,NeoN,128,gpu-nvidia-h200
LDC_N190,6859000,1375981,Cell-Based,CPU-Parallel,NeoN,128,gpu-nvidia-h200
LDC_N200,8000000,6922542,Cell-Based,CPU-Parallel,NeoN,1,gpu-nvidia-h200
LDC_N200,8000000,6904906,Cell-Based,CPU-Parallel,NeoN,1,gpu-nvidia-h200
LDC_N200,8000000,6897764,Cell-Based,CPU-Parallel,NeoN,1,gpu-nvidia-h200
LDC_N200,8000000,1964245,Cell-Based,CPU-Parallel,NeoN,1,gpu-nvidia-h200
LDC_N200,8000000,1961694,Cell-Based,CPU-Parallel,NeoN,1,gpu-nvidia-h200
LDC_N200,8000000,1960228,Cell-Based,CPU-Parallel,NeoN,1,gpu-nvidia-h200
LDC_N200,8000000,6936853,Cell-Based,CPU-Parallel,NeoN,2,gpu-nvidia-h200
LDC_N200,8000000,6946193,Cell-Based,CPU-Parallel,NeoN,2,gpu-nvidia-h200
LDC_N200,8000000,6945897,Cell-Based,CPU-Parallel,NeoN,2,gpu-nvidia-h200
LDC_N200,8000000,1417170,Cell-Based,CPU-Parallel,NeoN,2,gpu-nvidia-h200
LDC_N200,8000000,1416166,Cell-Based,CPU-Parallel,NeoN,2,gpu-nvidia-h200
LDC_N200,8000000,1419567,Cell-Based,CPU-Parallel,NeoN,2,gpu-nvidia-h200
LDC_N200,8000000,6908331,Cell-Based,CPU-Parallel,NeoN,4,gpu-nvidia-h200
LDC_N200,8000000,6928929,Cell-Based,CPU-Parallel,NeoN,4,gpu-nvidia-h200
LDC_N200,8000000,6919839,Cell-Based,CPU-Parallel,NeoN,4,gpu-nvidia-h200
LDC_N200,8000000,1419247,Cell-Based,CPU-Parallel,NeoN,4,gpu-nvidia-h200
LDC_N200,8000000,1404977,Cell-Based,CPU-Parallel,NeoN,4,gpu-nvidia-h200
LDC_N200,8000000,1411358,Cell-Based,CPU-Parallel,NeoN,4,gpu-nvidia-h200
LDC_N200,8000000,6921684,Cell-Based,CPU-Parallel,NeoN,8,gpu-nvidia-h200
LDC_N200,8000000,6971243,Cell-Based,CPU-Parallel,NeoN,8,gpu-nvidia-h200
LDC_N200,8000000,6902787,Cell-Based,CPU-Parallel,NeoN,8,gpu-nvidia-h200
LDC_N200,8000000,1309501,Cell-Based,CPU-Parallel,NeoN,8,gpu-nvidia-h200
LDC_N200,8000000,1261826,Cell-Based,CPU-Parallel,NeoN,8,gpu-nvidia-h200
LDC_N200,8000000,1296923,Cell-Based,CPU-Parallel,NeoN,8,gpu-nvidia-h200
LDC_N200,8000000,6946451,Cell-Based,CPU-Parallel,NeoN,16,gpu-nvidia-h200
LDC_N200,8000000,6950126,Cell-Based,CPU-Parallel,NeoN,16,gpu-nvidia-h200
LDC_N200,8000000,6946520,Cell-Based,CPU-Parallel,NeoN,16,gpu-nvidia-h200
LDC_N200,8000000,1343672,Cell-Based,CPU-Parallel,NeoN,16,gpu-nvidia-h200
LDC_N200,8000000,1365948,Cell-Based,CPU-Parallel,NeoN,16,gpu-nvidia-h200
LDC_N200,8000000,1320360,Cell-Based,CPU-Parallel,NeoN,16,gpu-nvidia-h200
LDC_N200,8000000,6870769,Cell-Based,CPU-Parallel,NeoN,32,gpu-nvidia-h200
LDC_N200,8000000,6877044,Cell-Based,CPU-Parallel,NeoN,32,gpu-nvidia-h200
LDC_N200,8000000,6873514,Cell-Based,CPU-Parallel,NeoN,32,gpu-nvidia-h200
LDC_N200,8000000,1438101,Cell-Based,CPU-Parallel,NeoN,32,gpu-nvidia-h200
LDC_N200,8000000,1450552,Cell-Based,CPU-Parallel,NeoN,32,gpu-nvidia-h200
LDC_N200,8000000,1408889,Cell-Based,CPU-Parallel,NeoN,32,gpu-nvidia-h200
LDC_N200,8000000,6915471,Cell-Based,CPU-Parallel,NeoN,64,gpu-nvidia-h200
LDC_N200,8000000,6888680,Cell-Based,CPU-Parallel,NeoN,64,gpu-nvidia-h200
LDC_N200,8000000,6885444,Cell-Based,CPU-Parallel,NeoN,64,gpu-nvidia-h200
LDC_N200,8000000,1519047,Cell-Based,CPU-Parallel,NeoN,64,gpu-nvidia-h200
LDC_N200,8000000,1535339,Cell-Based,CPU-Parallel,NeoN,64,gpu-nvidia-h200
LDC_N200,8000000,1505637,Cell-Based,CPU-Parallel,NeoN,64,gpu-nvidia-h200
LDC_N200,8000000,6943975,Cell-Based,CPU-Parallel,NeoN,128,gpu-nvidia-h200
LDC_N200,8000000,6945337,Cell-Based,CPU-Parallel,NeoN,128,gpu-nvidia-h200
LDC_N200,8000000,6912925,Cell-Based,CPU-Parallel,NeoN,128,gpu-nvidia-h200
LDC_N200,8000000,1485947,Cell-Based,CPU-Parallel,NeoN,128,gpu-nvidia-h200
LDC_N200,8000000,1457694,Cell-Based,CPU-Parallel,NeoN,128,gpu-nvidia-h200
LDC_N200,8000000,1478046,Cell-Based,CPU-Parallel,NeoN,128,gpu-nvidia-h200
LDC_N220,10648000,9207384,Cell-Based,CPU-Parallel,NeoN,1,gpu-nvidia-h200
LDC_N220,10648000,9174674,Cell-Based,CPU-Parallel,NeoN,1,gpu-nvidia-h200
LDC_N220,10648000,9188287,Cell-Based,CPU-Parallel,NeoN,1,gpu-nvidia-h200
LDC_N220,10648000,2613312,Cell-Based,CPU-Parallel,NeoN,1,gpu-nvidia-h200
LDC_N220,10648000,2614902,Cell-Based,CPU-Parallel,NeoN,1,gpu-nvidia-h200
LDC_N220,10648000,2641093,Cell-Based,CPU-Parallel,NeoN,1,gpu-nvidia-h200
LDC_N220,10648000,9294376,Cell-Based,CPU-Parallel,NeoN,2,gpu-nvidia-h200
LDC_N220,10648000,9260038,Cell-Based,CPU-Parallel,NeoN,2,gpu-nvidia-h200
LDC_N220,10648000,9283579,Cell-Based,CPU-Parallel,NeoN,2,gpu-nvidia-h200
LDC_N220,10648000,1884105,Cell-Based,CPU-Parallel,NeoN,2,gpu-nvidia-h200
LDC_N220,10648000,1889354,Cell-Based,CPU-Parallel,NeoN,2,gpu-nvidia-h200
LDC_N220,10648000,1899616,Cell-Based,CPU-Parallel,NeoN,2,gpu-nvidia-h200
LDC_N220,10648000,9321830,Cell-Based,CPU-Parallel,NeoN,4,gpu-nvidia-h200
LDC_N220,10648000,9313564,Cell-Based,CPU-Parallel,NeoN,4,gpu-nvidia-h200
LDC_N220,10648000,9322447,Cell-Based,CPU-Parallel,NeoN,4,gpu-nvidia-h200
LDC_N220,10648000,1872905,Cell-Based,CPU-Parallel,NeoN,4,gpu-nvidia-h200
LDC_N220,10648000,1859226,Cell-Based,CPU-Parallel,NeoN,4,gpu-nvidia-h200
LDC_N220,10648000,1881709,Cell-Based,CPU-Parallel,NeoN,4,gpu-nvidia-h200
LDC_N220,10648000,9217589,Cell-Based,CPU-Parallel,NeoN,8,gpu-nvidia-h200
LDC_N220,10648000,9201812,Cell-Based,CPU-Parallel,NeoN,8,gpu-nvidia-h200
LDC_N220,10648000,9179609,Cell-Based,CPU-Parallel,NeoN,8,gpu-nvidia-h200
LDC_N220,10648000,1759833,Cell-Based,CPU-Parallel,NeoN,8,gpu-nvidia-h200
LDC_N220,10648000,1775578,Cell-Based,CPU-Parallel,NeoN,8,gpu-nvidia-h200
LDC_N220,10648000,1788751,Cell-Based,CPU-Parallel,NeoN,8,gpu-nvidia-h200
LDC_N220,10648000,9129381,Cell-Based,CPU-Parallel,NeoN,16,gpu-nvidia-h200
LDC_N220,10648000,9136506,Cell-Based,CPU-Parallel,NeoN,16,gpu-nvidia-h200
LDC_N220,10648000,9100945,Cell-Based,CPU-Parallel,NeoN,16,gpu-nvidia-h200
LDC_N220,10648000,1670908,Cell-Based,CPU-Parallel,NeoN,16,gpu-nvidia-h200
LDC_N220,10648000,1701224,Cell-Based,CPU-Parallel,NeoN,16,gpu-nvidia-h200
LDC_N220,10648000,1711833,Cell-Based,CPU-Parallel,NeoN,16,gpu-nvidia-h200
LDC_N220,10648000,9183240,Cell-Based,CPU-Parallel,NeoN,32,gpu-nvidia-h200
LDC_N220,10648000,9179461,Cell-Based,CPU-Parallel,NeoN,32,gpu-nvidia-h200
LDC_N220,10648000,9199278,Cell-Based,CPU-Parallel,NeoN,32,gpu-nvidia-h200
LDC_N220,10648000,1833889,Cell-Based,CPU-Parallel,NeoN,32,gpu-nvidia-h200
LDC_N220,10648000,1897520,Cell-Based,CPU-Parallel,NeoN,32,gpu-nvidia-h200
LDC_N220,10648000,1841226,Cell-Based,CPU-Parallel,NeoN,32,gpu-nvidia-h200
LDC_N220,10648000,9257920,Cell-Based,CPU-Parallel,NeoN,64,gpu-nvidia-h200
LDC_N220,10648000,9232480,Cell-Based,CPU-Parallel,NeoN,64,gpu-nvidia-h200
LDC_N220,10648000,9177799,Cell-Based,CPU-Parallel,NeoN,64,gpu-nvidia-h200
LDC_N220,10648000,1926780,Cell-Based,CPU-Parallel,NeoN,64,gpu-nvidia-h200
LDC_N220,10648000,2009481,Cell-Based,CPU-Parallel,NeoN,64,gpu-nvidia-h200
LDC_N220,10648000,1913725,Cell-Based,CPU-Parallel,NeoN,64,gpu-nvidia-h200
LDC_N220,10648000,9207358,Cell-Based,CPU-Parallel,NeoN,128,gpu-nvidia-h200
LDC_N220,10648000,9173084,Cell-Based,CPU-Parallel,NeoN,128,gpu-nvidia-h200
LDC_N220,10648000,9154550,Cell-Based,CPU-Parallel,NeoN,128,gpu-nvidia-h200
LDC_N220,10648000,2016827,Cell-Based,CPU-Parallel,NeoN,128,gpu-nvidia-h200
LDC_N220,10648000,2009986,Cell-Based,CPU-Parallel,NeoN,128,gpu-nvidia-h200
LDC_N220,10648000,1977798,Cell-Based,CPU-Parallel,NeoN,128,gpu-nvidia-h200
LDC_N240,13824000,11908901,Cell-Based,CPU-Parallel,NeoN,1,gpu-nvidia-h200
LDC_N240,13824000,11896858,Cell-Based,CPU-Parallel,NeoN,1,gpu-nvidia-h200
LDC_N240,13824000,11920942,Cell-Based,CPU-Parallel,NeoN,1,gpu-nvidia-h200
LDC_N240,13824000,3459752,Cell-Based,CPU-Parallel,NeoN,1,gpu-nvidia-h200
LDC_N240,13824000,3420743,Cell-Based,CPU-Parallel,NeoN,1,gpu-nvidia-h200
LDC_N240,13824000,3417391,Cell-Based,CPU-Parallel,NeoN,1,gpu-nvidia-h200
LDC_N240,13824000,12039904,Cell-Based,CPU-Parallel,NeoN,2,gpu-nvidia-h200
LDC_N240,13824000,12031996,Cell-Based,CPU-Parallel,NeoN,2,gpu-nvidia-h200
LDC_N240,13824000,12073319,Cell-Based,CPU-Parallel,NeoN,2,gpu-nvidia-h200
LDC_N240,13824000,2441018,Cell-Based,CPU-Parallel,NeoN,2,gpu-nvidia-h200
LDC_N240,13824000,2451141,Cell-Based,CPU-Parallel,NeoN,2,gpu-nvidia-h200
LDC_N240,13824000,2449763,Cell-Based,CPU-Parallel,NeoN,2,gpu-nvidia-h200
LDC_N240,13824000,11915290,Cell-Based,CPU-Parallel,NeoN,4,gpu-nvidia-h200
LDC_N240,13824000,11918856,Cell-Based,CPU-Parallel,NeoN,4,gpu-nvidia-h200
LDC_N240,13824000,11914383,Cell-Based,CPU-Parallel,NeoN,4,gpu-nvidia-h200
LDC_N240,13824000,2407782,Cell-Based,CPU-Parallel,NeoN,4,gpu-nvidia-h200
LDC_N240,13824000,2395327,Cell-Based,CPU-Parallel,NeoN,4,gpu-nvidia-h200
LDC_N240,13824000,2412298,Cell-Based,CPU-Parallel,NeoN,4,gpu-nvidia-h200
LDC_N240,13824000,11939654,Cell-Based,CPU-Parallel,NeoN,8,gpu-nvidia-h200
LDC_N240,13824000,11976759,Cell-Based,CPU-Parallel,NeoN,8,gpu-nvidia-h200
LDC_N240,13824000,11994456,Cell-Based,CPU-Parallel,NeoN,8,gpu-nvidia-h200
LDC_N240,13824000,2229060,Cell-Based,CPU-Parallel,NeoN,8,gpu-nvidia-h200
LDC_N240,13824000,2262144,Cell-Based,CPU-Parallel,NeoN,8,gpu-nvidia-h200
LDC_N240,13824000,2303397,Cell-Based,CPU-Parallel,NeoN,8,gpu-nvidia-h200
LDC_N240,13824000,11942961,Cell-Based,CPU-Parallel,NeoN,16,gpu-nvidia-h200
LDC_N240,13824000,11878122,Cell-Based,CPU-Parallel,NeoN,16,gpu-nvidia-h200
LDC_N240,13824000,11911691,Cell-Based,CPU-Parallel,NeoN,16,gpu-nvidia-h200
LDC_N240,13824000,2244042,Cell-Based,CPU-Parallel,NeoN,16,gpu-nvidia-h200
LDC_N240,13824000,2275401,Cell-Based,CPU-Parallel,NeoN,16,gpu-nvidia-h200
LDC_N240,13824000,2285408,Cell-Based,CPU-Parallel,NeoN,16,gpu-nvidia-h200
LDC_N240,13824000,12019473,Cell-Based,CPU-Parallel,NeoN,32,gpu-nvidia-h200
LDC_N240,13824000,12085761,Cell-Based,CPU-Parallel,NeoN,32,gpu-nvidia-h200
LDC_N240,13824000,12025336,Cell-Based,CPU-Parallel,NeoN,32,gpu-nvidia-h200
LDC_N240,13824000,2374992,Cell-Based,CPU-Parallel,NeoN,32,gpu-nvidia-h200
LDC_N240,13824000,2353216,Cell-Based,CPU-Parallel,NeoN,32,gpu-nvidia-h200
LDC_N240,13824000,2401907,Cell-Based,CPU-Parallel,NeoN,32,gpu-nvidia-h200
LDC_N240,13824000,12035136,Cell-Based,CPU-Parallel,NeoN,64,gpu-nvidia-h200
LDC_N240,13824000,12022558,Cell-Based,CPU-Parallel,NeoN,64,gpu-nvidia-h200
LDC_N240,13824000,12045439,Cell-Based,CPU-Parallel,NeoN,64,gpu-nvidia-h200
LDC_N240,13824000,2585960,Cell-Based,CPU-Parallel,NeoN,64,gpu-nvidia-h200
LDC_N240,13824000,2485296,Cell-Based,CPU-Parallel,NeoN,64,gpu-nvidia-h200
LDC_N240,13824000,2478097,Cell-Based,CPU-Parallel,NeoN,64,gpu-nvidia-h200
LDC_N240,13824000,11952743,Cell-Based,CPU-Parallel,NeoN,128,gpu-nvidia-h200
LDC_N240,13824000,12001668,Cell-Based,CPU-Parallel,NeoN,128,gpu-nvidia-h200
LDC_N240,13824000,11966388,Cell-Based,CPU-Parallel,NeoN,128,gpu-nvidia-h200
LDC_N240,13824000,2559273,Cell-Based,CPU-Parallel,NeoN,128,gpu-nvidia-h200
LDC_N240,13824000,2616129,Cell-Based,CPU-Parallel,NeoN,128,gpu-nvidia-h200
LDC_N240,13824000,2699286,Cell-Based,CPU-Parallel,NeoN,128,gpu-nvidia-h200
LDC_N260,17576000,15236688,Cell-Based,CPU-Parallel,NeoN,1,gpu-nvidia-h200
LDC_N260,17576000,15157812,Cell-Based,CPU-Parallel,NeoN,1,gpu-nvidia-h200
LDC_N260,17576000,15192690,Cell-Based,CPU-Parallel,NeoN,1,gpu-nvidia-h200
LDC_N260,17576000,4305185,Cell-Based,CPU-Parallel,NeoN,1,gpu-nvidia-h200
LDC_N260,17576000,4311839,Cell-Based,CPU-Parallel,NeoN,1,gpu-nvidia-h200
LDC_N260,17576000,4308648,Cell-Based,CPU-Parallel,NeoN,1,gpu-nvidia-h200
LDC_N260,17576000,15119630,Cell-Based,CPU-Parallel,NeoN,2,gpu-nvidia-h200
LDC_N260,17576000,15126576,Cell-Based,CPU-Parallel,NeoN,2,gpu-nvidia-h200
LDC_N260,17576000,15115194,Cell-Based,CPU-Parallel,NeoN,2,gpu-nvidia-h200
LDC_N260,17576000,3100799,Cell-Based,CPU-Parallel,NeoN,2,gpu-nvidia-h200
LDC_N260,17576000,3102956,Cell-Based,CPU-Parallel,NeoN,2,gpu-nvidia-h200
LDC_N260,17576000,3087720,Cell-Based,CPU-Parallel,NeoN,2,gpu-nvidia-h200
LDC_N260,17576000,15322169,Cell-Based,CPU-Parallel,NeoN,4,gpu-nvidia-h200
LDC_N260,17576000,15329981,Cell-Based,CPU-Parallel,NeoN,4,gpu-nvidia-h200
LDC_N260,17576000,15321035,Cell-Based,CPU-Parallel,NeoN,4,gpu-nvidia-h200
LDC_N260,17576000,2997465,Cell-Based,CPU-Parallel,NeoN,4,gpu-nvidia-h200
LDC_N260,17576000,3016344,Cell-Based,CPU-Parallel,NeoN,4,gpu-nvidia-h200
LDC_N260,17576000,3027567,Cell-Based,CPU-Parallel,NeoN,4,gpu-nvidia-h200
LDC_N260,17576000,15167459,Cell-Based,CPU-Parallel,NeoN,8,gpu-nvidia-h200
LDC_N260,17576000,15199148,Cell-Based,CPU-Parallel,NeoN,8,gpu-nvidia-h200
LDC_N260,17576000,15108875,Cell-Based,CPU-Parallel,NeoN,8,gpu-nvidia-h200
LDC_N260,17576000,2919549,Cell-Based,CPU-Parallel,NeoN,8,gpu-nvidia-h200
LDC_N260,17576000,2911376,Cell-Based,CPU-Parallel,NeoN,8,gpu-nvidia-h200
LDC_N260,17576000,2913846,Cell-Based,CPU-Parallel,NeoN,8,gpu-nvidia-h200
LDC_N260,17576000,15163954,Cell-Based,CPU-Parallel,NeoN,16,gpu-nvidia-h200
LDC_N260,17576000,15173358,Cell-Based,CPU-Parallel,NeoN,16,gpu-nvidia-h200
LDC_N260,17576000,15161296,Cell-Based,CPU-Parallel,NeoN,16,gpu-nvidia-h200
LDC_N260,17576000,2838574,Cell-Based,CPU-Parallel,NeoN,16,gpu-nvidia-h200
LDC_N260,17576000,2842318,Cell-Based,CPU-Parallel,NeoN,16,gpu-nvidia-h200
LDC_N260,17576000,2811082,Cell-Based,CPU-Parallel,NeoN,16,gpu-nvidia-h200
LDC_N260,17576000,15236600,Cell-Based,CPU-Parallel,NeoN,32,gpu-nvidia-h200
LDC_N260,17576000,15083154,Cell-Based,CPU-Parallel,NeoN,32,gpu-nvidia-h200
LDC_N260,17576000,15046497,Cell-Based,CPU-Parallel,NeoN,32,gpu-nvidia-h200
LDC_N260,17576000,2837106,Cell-Based,CPU-Parallel,NeoN,32,gpu-nvidia-h200
LDC_N260,17576000,2883493,Cell-Based,CPU-Parallel,NeoN,32,gpu-nvidia-h200
LDC_N260,17576000,2899187,Cell-Based,CPU-Parallel,NeoN,32,gpu-nvidia-h200
LDC_N260,17576000,15189479,Cell-Based,CPU-Parallel,NeoN,64,gpu-nvidia-h200
LDC_N260,17576000,15248488,Cell-Based,CPU-Parallel,NeoN,64,gpu-nvidia-h200
LDC_N260,17576000,15228907,Cell-Based,CPU-Parallel,NeoN,64,gpu-nvidia-h200
LDC_N260,17576000,3111904,Cell-Based,CPU-Parallel,NeoN,64,gpu-nvidia-h200
LDC_N260,17576000,3087907,Cell-Based,CPU-Parallel,NeoN,64,gpu-nvidia-h200
LDC_N260,17576000,3078819,Cell-Based,CPU-Parallel,NeoN,64,gpu-nvidia-h200
LDC_N260,17576000,15185457,Cell-Based,CPU-Parallel,NeoN,128,gpu-nvidia-h200
LDC_N260,17576000,15158008,Cell-Based,CPU-Parallel,NeoN,128,gpu-nvidia-h200
LDC_N260,17576000,15079658,Cell-Based,CPU-Parallel,NeoN,128,gpu-nvidia-h200
LDC_N260,17576000,3042873,Cell-Based,CPU-Parallel,NeoN,128,gpu-nvidia-h200
LDC_N260,17576000,3196155,Cell-Based,CPU-Parallel,NeoN,128,gpu-nvidia-h200
LDC_N260,17576000,3362800,Cell-Based,CPU-Parallel,NeoN,128,gpu-nvidia-h200
LDC_N280,21952000,18929770,Cell-Based,CPU-Parallel,NeoN,1,gpu-nvidia-h200
LDC_N280,21952000,18895037,Cell-Based,CPU-Parallel,NeoN,1,gpu-nvidia-h200
LDC_N280,21952000,18872222,Cell-Based,CPU-Parallel,NeoN,1,gpu-nvidia-h200
LDC_N280,21952000,5317234,Cell-Based,CPU-Parallel,NeoN,1,gpu-nvidia-h200
LDC_N280,21952000,5363390,Cell-Based,CPU-Parallel,NeoN,1,gpu-nvidia-h200
LDC_N280,21952000,5314172,Cell-Based,CPU-Parallel,NeoN,1,gpu-nvidia-h200
LDC_N10,1000,1605,Cell-Based,CPU-Parallel,NeoN,1,gpu-nvidia-h100
LDC_N10,1000,1554,Cell-Based,CPU-Parallel,NeoN,1,gpu-nvidia-h100
LDC_N10,1000,1557,Cell-Based,CPU-Parallel,NeoN,1,gpu-nvidia-h100
LDC_N10,1000,1586,Cell-Based,CPU-Parallel,NeoN + Julia,1,gpu-nvidia-h100
LDC_N10,1000,1712,Cell-Based,CPU-Parallel,NeoN + Julia,1,gpu-nvidia-h100
LDC_N10,1000,1152,Cell-Based,CPU-Parallel,NeoN + Julia,1,gpu-nvidia-h100
LDC_N10,1000,1603,Cell-Based,CPU-Parallel,NeoN,2,gpu-nvidia-h100
LDC_N10,1000,1551,Cell-Based,CPU-Parallel,NeoN,2,gpu-nvidia-h100
LDC_N10,1000,1567,Cell-Based,CPU-Parallel,NeoN,2,gpu-nvidia-h100
LDC_N10,1000,858,Cell-Based,CPU-Parallel,NeoN + Julia,2,gpu-nvidia-h100
LDC_N10,1000,515,Cell-Based,CPU-Parallel,NeoN + Julia,2,gpu-nvidia-h100
LDC_N10,1000,481,Cell-Based,CPU-Parallel,NeoN + Julia,2,gpu-nvidia-h100
LDC_N10,1000,1619,Cell-Based,CPU-Parallel,NeoN,4,gpu-nvidia-h100
LDC_N10,1000,1566,Cell-Based,CPU-Parallel,NeoN,4,gpu-nvidia-h100
LDC_N10,1000,1567,Cell-Based,CPU-Parallel,NeoN,4,gpu-nvidia-h100
LDC_N10,1000,1647,Cell-Based,CPU-Parallel,NeoN + Julia,4,gpu-nvidia-h100
LDC_N10,1000,769,Cell-Based,CPU-Parallel,NeoN + Julia,4,gpu-nvidia-h100
LDC_N10,1000,707,Cell-Based,CPU-Parallel,NeoN + Julia,4,gpu-nvidia-h100
LDC_N10,1000,1636,Cell-Based,CPU-Parallel,NeoN,8,gpu-nvidia-h100
LDC_N10,1000,1581,Cell-Based,CPU-Parallel,NeoN,8,gpu-nvidia-h100
LDC_N10,1000,1571,Cell-Based,CPU-Parallel,NeoN,8,gpu-nvidia-h100
LDC_N10,1000,1351,Cell-Based,CPU-Parallel,NeoN + Julia,8,gpu-nvidia-h100
LDC_N10,1000,755,Cell-Based,CPU-Parallel,NeoN + Julia,8,gpu-nvidia-h100
LDC_N10,1000,690,Cell-Based,CPU-Parallel,NeoN + Julia,8,gpu-nvidia-h100
LDC_N10,1000,1606,Cell-Based,CPU-Parallel,NeoN,16,gpu-nvidia-h100
LDC_N10,1000,1559,Cell-Based,CPU-Parallel,NeoN,16,gpu-nvidia-h100
LDC_N10,1000,1572,Cell-Based,CPU-Parallel,NeoN,16,gpu-nvidia-h100
LDC_N10,1000,1251,Cell-Based,CPU-Parallel,NeoN + Julia,16,gpu-nvidia-h100
LDC_N10,1000,713,Cell-Based,CPU-Parallel,NeoN + Julia,16,gpu-nvidia-h100
LDC_N10,1000,649,Cell-Based,CPU-Parallel,NeoN + Julia,16,gpu-nvidia-h100
LDC_N10,1000,1729,Cell-Based,CPU-Parallel,NeoN,32,gpu-nvidia-h100
LDC_N10,1000,1553,Cell-Based,CPU-Parallel,NeoN,32,gpu-nvidia-h100
LDC_N10,1000,1540,Cell-Based,CPU-Parallel,NeoN,32,gpu-nvidia-h100
LDC_N10,1000,1266,Cell-Based,CPU-Parallel,NeoN + Julia,32,gpu-nvidia-h100
LDC_N10,1000,711,Cell-Based,CPU-Parallel,NeoN + Julia,32,gpu-nvidia-h100
LDC_N10,1000,645,Cell-Based,CPU-Parallel,NeoN + Julia,32,gpu-nvidia-h100
LDC_N10,1000,1619,Cell-Based,CPU-Parallel,NeoN,64,gpu-nvidia-h100
LDC_N10,1000,1591,Cell-Based,CPU-Parallel,NeoN,64,gpu-nvidia-h100
LDC_N10,1000,1563,Cell-Based,CPU-Parallel,NeoN,64,gpu-nvidia-h100
LDC_N10,1000,1460,Cell-Based,CPU-Parallel,NeoN + Julia,64,gpu-nvidia-h100
LDC_N10,1000,56057,Cell-Based,CPU-Parallel,NeoN + Julia,64,gpu-nvidia-h100
LDC_N10,1000,2930,Cell-Based,CPU-Parallel,NeoN + Julia,64,gpu-nvidia-h100
LDC_N10,1000,1625,Cell-Based,CPU-Parallel,NeoN,128,gpu-nvidia-h100
LDC_N10,1000,1616,Cell-Based,CPU-Parallel,NeoN,128,gpu-nvidia-h100
LDC_N10,1000,1570,Cell-Based,CPU-Parallel,NeoN,128,gpu-nvidia-h100
LDC_N10,1000,3671,Cell-Based,CPU-Parallel,NeoN + Julia,128,gpu-nvidia-h100
LDC_N10,1000,1835,Cell-Based,CPU-Parallel,NeoN + Julia,128,gpu-nvidia-h100
LDC_N10,1000,1582,Cell-Based,CPU-Parallel,NeoN + Julia,128,gpu-nvidia-h100
LDC_N20,8000,11777,Cell-Based,CPU-Parallel,NeoN,1,gpu-nvidia-h100
LDC_N20,8000,11466,Cell-Based,CPU-Parallel,NeoN,1,gpu-nvidia-h100
LDC_N20,8000,11770,Cell-Based,CPU-Parallel,NeoN,1,gpu-nvidia-h100
LDC_N20,8000,5982,Cell-Based,CPU-Parallel,NeoN + Julia,1,gpu-nvidia-h100
LDC_N20,8000,5431,Cell-Based,CPU-Parallel,NeoN + Julia,1,gpu-nvidia-h100
LDC_N20,8000,5310,Cell-Based,CPU-Parallel,NeoN + Julia,1,gpu-nvidia-h100
LDC_N20,8000,11725,Cell-Based,CPU-Parallel,NeoN,2,gpu-nvidia-h100
LDC_N20,8000,11612,Cell-Based,CPU-Parallel,NeoN,2,gpu-nvidia-h100
LDC_N20,8000,11634,Cell-Based,CPU-Parallel,NeoN,2,gpu-nvidia-h100
LDC_N20,8000,4383,Cell-Based,CPU-Parallel,NeoN + Julia,2,gpu-nvidia-h100
LDC_N20,8000,2933,Cell-Based,CPU-Parallel,NeoN + Julia,2,gpu-nvidia-h100
LDC_N20,8000,2870,Cell-Based,CPU-Parallel,NeoN + Julia,2,gpu-nvidia-h100
LDC_N20,8000,11785,Cell-Based,CPU-Parallel,NeoN,4,gpu-nvidia-h100
LDC_N20,8000,11514,Cell-Based,CPU-Parallel,NeoN,4,gpu-nvidia-h100
LDC_N20,8000,11666,Cell-Based,CPU-Parallel,NeoN,4,gpu-nvidia-h100
LDC_N20,8000,4130,Cell-Based,CPU-Parallel,NeoN + Julia,4,gpu-nvidia-h100
LDC_N20,8000,2767,Cell-Based,CPU-Parallel,NeoN + Julia,4,gpu-nvidia-h100
LDC_N20,8000,2861,Cell-Based,CPU-Parallel,NeoN + Julia,4,gpu-nvidia-h100
LDC_N20,8000,12039,Cell-Based,CPU-Parallel,NeoN,8,gpu-nvidia-h100
LDC_N20,8000,11856,Cell-Based,CPU-Parallel,NeoN,8,gpu-nvidia-h100
LDC_N20,8000,11702,Cell-Based,CPU-Parallel,NeoN,8,gpu-nvidia-h100
LDC_N20,8000,3664,Cell-Based,CPU-Parallel,NeoN + Julia,8,gpu-nvidia-h100
LDC_N20,8000,3549,Cell-Based,CPU-Parallel,NeoN + Julia,8,gpu-nvidia-h100
LDC_N20,8000,2907,Cell-Based,CPU-Parallel,NeoN + Julia,8,gpu-nvidia-h100
LDC_N20,8000,11813,Cell-Based,CPU-Parallel,NeoN,16,gpu-nvidia-h100
LDC_N20,8000,11674,Cell-Based,CPU-Parallel,NeoN,16,gpu-nvidia-h100
LDC_N20,8000,11611,Cell-Based,CPU-Parallel,NeoN,16,gpu-nvidia-h100
LDC_N20,8000,3454,Cell-Based,CPU-Parallel,NeoN + Julia,16,gpu-nvidia-h100
LDC_N20,8000,2972,Cell-Based,CPU-Parallel,NeoN + Julia,16,gpu-nvidia-h100
LDC_N20,8000,2418,Cell-Based,CPU-Parallel,NeoN + Julia,16,gpu-nvidia-h100
LDC_N20,8000,12413,Cell-Based,CPU-Parallel,NeoN,32,gpu-nvidia-h100
LDC_N20,8000,24166,Cell-Based,CPU-Parallel,NeoN,32,gpu-nvidia-h100
LDC_N20,8000,12314,Cell-Based,CPU-Parallel,NeoN,32,gpu-nvidia-h100
LDC_N20,8000,3477,Cell-Based,CPU-Parallel,NeoN + Julia,32,gpu-nvidia-h100
LDC_N20,8000,2600,Cell-Based,CPU-Parallel,NeoN + Julia,32,gpu-nvidia-h100
LDC_N20,8000,2622,Cell-Based,CPU-Parallel,NeoN + Julia,32,gpu-nvidia-h100
LDC_N20,8000,12376,Cell-Based,CPU-Parallel,NeoN,64,gpu-nvidia-h100
LDC_N20,8000,12136,Cell-Based,CPU-Parallel,NeoN,64,gpu-nvidia-h100
LDC_N20,8000,12201,Cell-Based,CPU-Parallel,NeoN,64,gpu-nvidia-h100
LDC_N20,8000,18137,Cell-Based,CPU-Parallel,NeoN + Julia,64,gpu-nvidia-h100
LDC_N20,8000,11699,Cell-Based,CPU-Parallel,NeoN + Julia,64,gpu-nvidia-h100
LDC_N20,8000,2920,Cell-Based,CPU-Parallel,NeoN + Julia,64,gpu-nvidia-h100
LDC_N20,8000,12373,Cell-Based,CPU-Parallel,NeoN,128,gpu-nvidia-h100
LDC_N20,8000,12159,Cell-Based,CPU-Parallel,NeoN,128,gpu-nvidia-h100
LDC_N20,8000,12290,Cell-Based,CPU-Parallel,NeoN,128,gpu-nvidia-h100
LDC_N20,8000,18726,Cell-Based,CPU-Parallel,NeoN + Julia,128,gpu-nvidia-h100
LDC_N20,8000,25130,Cell-Based,CPU-Parallel,NeoN + Julia,128,gpu-nvidia-h100
LDC_N20,8000,27977,Cell-Based,CPU-Parallel,NeoN + Julia,128,gpu-nvidia-h100
LDC_N30,27000,37684,Cell-Based,CPU-Parallel,NeoN,1,gpu-nvidia-h100
LDC_N30,27000,37611,Cell-Based,CPU-Parallel,NeoN,1,gpu-nvidia-h100
LDC_N30,27000,37303,Cell-Based,CPU-Parallel,NeoN,1,gpu-nvidia-h100
LDC_N30,27000,79497,Cell-Based,CPU-Parallel,NeoN + Julia,1,gpu-nvidia-h100
LDC_N30,27000,13921,Cell-Based,CPU-Parallel,NeoN + Julia,1,gpu-nvidia-h100
LDC_N30,27000,13312,Cell-Based,CPU-Parallel,NeoN + Julia,1,gpu-nvidia-h100
LDC_N30,27000,38528,Cell-Based,CPU-Parallel,NeoN,2,gpu-nvidia-h100
LDC_N30,27000,38518,Cell-Based,CPU-Parallel,NeoN,2,gpu-nvidia-h100
LDC_N30,27000,38306,Cell-Based,CPU-Parallel,NeoN,2,gpu-nvidia-h100
LDC_N30,27000,9426,Cell-Based,CPU-Parallel,NeoN + Julia,2,gpu-nvidia-h100
LDC_N30,27000,8648,Cell-Based,CPU-Parallel,NeoN + Julia,2,gpu-nvidia-h100
LDC_N30,27000,9317,Cell-Based,CPU-Parallel,NeoN + Julia,2,gpu-nvidia-h100
LDC_N30,27000,38819,Cell-Based,CPU-Parallel,NeoN,4,gpu-nvidia-h100
LDC_N30,27000,38025,Cell-Based,CPU-Parallel,NeoN,4,gpu-nvidia-h100
LDC_N30,27000,38131,Cell-Based,CPU-Parallel,NeoN,4,gpu-nvidia-h100
LDC_N30,27000,8795,Cell-Based,CPU-Parallel,NeoN + Julia,4,gpu-nvidia-h100
LDC_N30,27000,8519,Cell-Based,CPU-Parallel,NeoN + Julia,4,gpu-nvidia-h100
LDC_N30,27000,8362,Cell-Based,CPU-Parallel,NeoN + Julia,4,gpu-nvidia-h100
LDC_N30,27000,38509,Cell-Based,CPU-Parallel,NeoN,8,gpu-nvidia-h100
LDC_N30,27000,37968,Cell-Based,CPU-Parallel,NeoN,8,gpu-nvidia-h100
LDC_N30,27000,37878,Cell-Based,CPU-Parallel,NeoN,8,gpu-nvidia-h100
LDC_N30,27000,8696,Cell-Based,CPU-Parallel,NeoN + Julia,8,gpu-nvidia-h100
LDC_N30,27000,7418,Cell-Based,CPU-Parallel,NeoN + Julia,8,gpu-nvidia-h100
LDC_N30,27000,7674,Cell-Based,CPU-Parallel,NeoN + Julia,8,gpu-nvidia-h100
LDC_N30,27000,38330,Cell-Based,CPU-Parallel,NeoN,16,gpu-nvidia-h100
LDC_N30,27000,38041,Cell-Based,CPU-Parallel,NeoN,16,gpu-nvidia-h100
LDC_N30,27000,37951,Cell-Based,CPU-Parallel,NeoN,16,gpu-nvidia-h100
LDC_N30,27000,8101,Cell-Based,CPU-Parallel,NeoN + Julia,16,gpu-nvidia-h100
LDC_N30,27000,7567,Cell-Based,CPU-Parallel,NeoN + Julia,16,gpu-nvidia-h100
LDC_N30,27000,7266,Cell-Based,CPU-Parallel,NeoN + Julia,16,gpu-nvidia-h100
LDC_N30,27000,38354,Cell-Based,CPU-Parallel,NeoN,32,gpu-nvidia-h100
LDC_N30,27000,38057,Cell-Based,CPU-Parallel,NeoN,32,gpu-nvidia-h100
LDC_N30,27000,37679,Cell-Based,CPU-Parallel,NeoN,32,gpu-nvidia-h100
LDC_N30,27000,7824,Cell-Based,CPU-Parallel,NeoN + Julia,32,gpu-nvidia-h100
LDC_N30,27000,21508,Cell-Based,CPU-Parallel,NeoN + Julia,32,gpu-nvidia-h100
LDC_N30,27000,16936,Cell-Based,CPU-Parallel,NeoN + Julia,32,gpu-nvidia-h100
LDC_N30,27000,38280,Cell-Based,CPU-Parallel,NeoN,64,gpu-nvidia-h100
LDC_N30,27000,37950,Cell-Based,CPU-Parallel,NeoN,64,gpu-nvidia-h100
LDC_N30,27000,37900,Cell-Based,CPU-Parallel,NeoN,64,gpu-nvidia-h100
LDC_N30,27000,21921,Cell-Based,CPU-Parallel,NeoN + Julia,64,gpu-nvidia-h100
LDC_N30,27000,8890,Cell-Based,CPU-Parallel,NeoN + Julia,64,gpu-nvidia-h100
LDC_N30,27000,7893,Cell-Based,CPU-Parallel,NeoN + Julia,64,gpu-nvidia-h100
LDC_N30,27000,38943,Cell-Based,CPU-Parallel,NeoN,128,gpu-nvidia-h100
LDC_N30,27000,38405,Cell-Based,CPU-Parallel,NeoN,128,gpu-nvidia-h100
LDC_N30,27000,38412,Cell-Based,CPU-Parallel,NeoN,128,gpu-nvidia-h100
LDC_N30,27000,56933,Cell-Based,CPU-Parallel,NeoN + Julia,128,gpu-nvidia-h100
LDC_N30,27000,40040,Cell-Based,CPU-Parallel,NeoN + Julia,128,gpu-nvidia-h100
LDC_N30,27000,33255,Cell-Based,CPU-Parallel,NeoN + Julia,128,gpu-nvidia-h100
LDC_N40,64000,89752,Cell-Based,CPU-Parallel,NeoN,1,gpu-nvidia-h100
LDC_N40,64000,96625,Cell-Based,CPU-Parallel,NeoN,1,gpu-nvidia-h100
LDC_N40,64000,89623,Cell-Based,CPU-Parallel,NeoN,1,gpu-nvidia-h100
LDC_N40,64000,37175,Cell-Based,CPU-Parallel,NeoN + Julia,1,gpu-nvidia-h100
LDC_N40,64000,331363,Cell-Based,CPU-Parallel,NeoN + Julia,1,gpu-nvidia-h100
LDC_N40,64000,33462,Cell-Based,CPU-Parallel,NeoN + Julia,1,gpu-nvidia-h100
LDC_N40,64000,89512,Cell-Based,CPU-Parallel,NeoN,2,gpu-nvidia-h100
LDC_N40,64000,88689,Cell-Based,CPU-Parallel,NeoN,2,gpu-nvidia-h100
LDC_N40,64000,88098,Cell-Based,CPU-Parallel,NeoN,2,gpu-nvidia-h100
LDC_N40,64000,23287,Cell-Based,CPU-Parallel,NeoN + Julia,2,gpu-nvidia-h100
LDC_N40,64000,21615,Cell-Based,CPU-Parallel,NeoN + Julia,2,gpu-nvidia-h100
LDC_N40,64000,20973,Cell-Based,CPU-Parallel,NeoN + Julia,2,gpu-nvidia-h100
LDC_N280,21952000,19007125,Cell-Based,CPU-Parallel,NeoN,2,gpu-nvidia-h200
LDC_N280,21952000,18968506,Cell-Based,CPU-Parallel,NeoN,2,gpu-nvidia-h200
LDC_N280,21952000,18896801,Cell-Based,CPU-Parallel,NeoN,2,gpu-nvidia-h200
LDC_N280,21952000,3870535,Cell-Based,CPU-Parallel,NeoN,2,gpu-nvidia-h200
LDC_N280,21952000,3859955,Cell-Based,CPU-Parallel,NeoN,2,gpu-nvidia-h200
LDC_N280,21952000,3874506,Cell-Based,CPU-Parallel,NeoN,2,gpu-nvidia-h200
LDC_N40,64000,88283,Cell-Based,CPU-Parallel,NeoN,4,gpu-nvidia-h100
LDC_N40,64000,87716,Cell-Based,CPU-Parallel,NeoN,4,gpu-nvidia-h100
LDC_N40,64000,88138,Cell-Based,CPU-Parallel,NeoN,4,gpu-nvidia-h100
LDC_N40,64000,20418,Cell-Based,CPU-Parallel,NeoN + Julia,4,gpu-nvidia-h100
LDC_N40,64000,19102,Cell-Based,CPU-Parallel,NeoN + Julia,4,gpu-nvidia-h100
LDC_N40,64000,18147,Cell-Based,CPU-Parallel,NeoN + Julia,4,gpu-nvidia-h100
LDC_N40,64000,88274,Cell-Based,CPU-Parallel,NeoN,8,gpu-nvidia-h100
LDC_N40,64000,88123,Cell-Based,CPU-Parallel,NeoN,8,gpu-nvidia-h100
LDC_N40,64000,87901,Cell-Based,CPU-Parallel,NeoN,8,gpu-nvidia-h100
LDC_N40,64000,17433,Cell-Based,CPU-Parallel,NeoN + Julia,8,gpu-nvidia-h100
LDC_N40,64000,16310,Cell-Based,CPU-Parallel,NeoN + Julia,8,gpu-nvidia-h100
LDC_N40,64000,48109,Cell-Based,CPU-Parallel,NeoN + Julia,8,gpu-nvidia-h100
LDC_N40,64000,88892,Cell-Based,CPU-Parallel,NeoN,16,gpu-nvidia-h100
LDC_N40,64000,87815,Cell-Based,CPU-Parallel,NeoN,16,gpu-nvidia-h100
LDC_N40,64000,88084,Cell-Based,CPU-Parallel,NeoN,16,gpu-nvidia-h100
LDC_N40,64000,18066,Cell-Based,CPU-Parallel,NeoN + Julia,16,gpu-nvidia-h100
LDC_N40,64000,35779,Cell-Based,CPU-Parallel,NeoN + Julia,16,gpu-nvidia-h100
LDC_N40,64000,22592,Cell-Based,CPU-Parallel,NeoN + Julia,16,gpu-nvidia-h100
LDC_N40,64000,88613,Cell-Based,CPU-Parallel,NeoN,32,gpu-nvidia-h100
LDC_N40,64000,88134,Cell-Based,CPU-Parallel,NeoN,32,gpu-nvidia-h100
LDC_N40,64000,87361,Cell-Based,CPU-Parallel,NeoN,32,gpu-nvidia-h100
LDC_N40,64000,37538,Cell-Based,CPU-Parallel,NeoN + Julia,32,gpu-nvidia-h100
LDC_N40,64000,23361,Cell-Based,CPU-Parallel,NeoN + Julia,32,gpu-nvidia-h100
LDC_N40,64000,14415,Cell-Based,CPU-Parallel,NeoN + Julia,32,gpu-nvidia-h100
LDC_N40,64000,88832,Cell-Based,CPU-Parallel,NeoN,64,gpu-nvidia-h100
LDC_N40,64000,88328,Cell-Based,CPU-Parallel,NeoN,64,gpu-nvidia-h100
LDC_N40,64000,88045,Cell-Based,CPU-Parallel,NeoN,64,gpu-nvidia-h100
LDC_N40,64000,25029,Cell-Based,CPU-Parallel,NeoN + Julia,64,gpu-nvidia-h100
LDC_N40,64000,59767,Cell-Based,CPU-Parallel,NeoN + Julia,64,gpu-nvidia-h100
LDC_N40,64000,35560,Cell-Based,CPU-Parallel,NeoN + Julia,64,gpu-nvidia-h100
LDC_N40,64000,89800,Cell-Based,CPU-Parallel,NeoN,128,gpu-nvidia-h100
LDC_N40,64000,89982,Cell-Based,CPU-Parallel,NeoN,128,gpu-nvidia-h100
LDC_N40,64000,89925,Cell-Based,CPU-Parallel,NeoN,128,gpu-nvidia-h100
LDC_N40,64000,38815,Cell-Based,CPU-Parallel,NeoN + Julia,128,gpu-nvidia-h100
LDC_N40,64000,63150,Cell-Based,CPU-Parallel,NeoN + Julia,128,gpu-nvidia-h100
LDC_N40,64000,63922,Cell-Based,CPU-Parallel,NeoN + Julia,128,gpu-nvidia-h100
LDC_N50,125000,171536,Cell-Based,CPU-Parallel,NeoN,1,gpu-nvidia-h100
LDC_N50,125000,171439,Cell-Based,CPU-Parallel,NeoN,1,gpu-nvidia-h100
LDC_N50,125000,170754,Cell-Based,CPU-Parallel,NeoN,1,gpu-nvidia-h100
LDC_N50,125000,299180,Cell-Based,CPU-Parallel,NeoN + Julia,1,gpu-nvidia-h100
LDC_N50,125000,58757,Cell-Based,CPU-Parallel,NeoN + Julia,1,gpu-nvidia-h100
LDC_N50,125000,54029,Cell-Based,CPU-Parallel,NeoN + Julia,1,gpu-nvidia-h100
LDC_N50,125000,175645,Cell-Based,CPU-Parallel,NeoN,2,gpu-nvidia-h100
LDC_N50,125000,175643,Cell-Based,CPU-Parallel,NeoN,2,gpu-nvidia-h100
LDC_N50,125000,179069,Cell-Based,CPU-Parallel,NeoN,2,gpu-nvidia-h100
LDC_N50,125000,56049,Cell-Based,CPU-Parallel,NeoN + Julia,2,gpu-nvidia-h100
LDC_N50,125000,51428,Cell-Based,CPU-Parallel,NeoN + Julia,2,gpu-nvidia-h100
LDC_N50,125000,66364,Cell-Based,CPU-Parallel,NeoN + Julia,2,gpu-nvidia-h100
LDC_N50,125000,173078,Cell-Based,CPU-Parallel,NeoN,4,gpu-nvidia-h100
LDC_N50,125000,172141,Cell-Based,CPU-Parallel,NeoN,4,gpu-nvidia-h100
LDC_N50,125000,172239,Cell-Based,CPU-Parallel,NeoN,4,gpu-nvidia-h100
LDC_N50,125000,45013,Cell-Based,CPU-Parallel,NeoN + Julia,4,gpu-nvidia-h100
LDC_N50,125000,87173,Cell-Based,CPU-Parallel,NeoN + Julia,4,gpu-nvidia-h100
LDC_N50,125000,44804,Cell-Based,CPU-Parallel,NeoN + Julia,4,gpu-nvidia-h100
LDC_N50,125000,172542,Cell-Based,CPU-Parallel,NeoN,8,gpu-nvidia-h100
LDC_N50,125000,171134,Cell-Based,CPU-Parallel,NeoN,8,gpu-nvidia-h100
LDC_N50,125000,170894,Cell-Based,CPU-Parallel,NeoN,8,gpu-nvidia-h100
LDC_N50,125000,54564,Cell-Based,CPU-Parallel,NeoN + Julia,8,gpu-nvidia-h100
LDC_N50,125000,44251,Cell-Based,CPU-Parallel,NeoN + Julia,8,gpu-nvidia-h100
LDC_N50,125000,42973,Cell-Based,CPU-Parallel,NeoN + Julia,8,gpu-nvidia-h100
LDC_N50,125000,175327,Cell-Based,CPU-Parallel,NeoN,16,gpu-nvidia-h100
LDC_N50,125000,174087,Cell-Based,CPU-Parallel,NeoN,16,gpu-nvidia-h100
LDC_N50,125000,173645,Cell-Based,CPU-Parallel,NeoN,16,gpu-nvidia-h100
LDC_N50,125000,33807,Cell-Based,CPU-Parallel,NeoN + Julia,16,gpu-nvidia-h100
LDC_N50,125000,34297,Cell-Based,CPU-Parallel,NeoN + Julia,16,gpu-nvidia-h100
LDC_N50,125000,21632,Cell-Based,CPU-Parallel,NeoN + Julia,16,gpu-nvidia-h100
LDC_N50,125000,176499,Cell-Based,CPU-Parallel,NeoN,32,gpu-nvidia-h100
LDC_N50,125000,171834,Cell-Based,CPU-Parallel,NeoN,32,gpu-nvidia-h100
LDC_N50,125000,170689,Cell-Based,CPU-Parallel,NeoN,32,gpu-nvidia-h100
LDC_N50,125000,65559,Cell-Based,CPU-Parallel,NeoN + Julia,32,gpu-nvidia-h100
LDC_N50,125000,46237,Cell-Based,CPU-Parallel,NeoN + Julia,32,gpu-nvidia-h100
LDC_N50,125000,55928,Cell-Based,CPU-Parallel,NeoN + Julia,32,gpu-nvidia-h100
LDC_N50,125000,171880,Cell-Based,CPU-Parallel,NeoN,64,gpu-nvidia-h100
LDC_N50,125000,170839,Cell-Based,CPU-Parallel,NeoN,64,gpu-nvidia-h100
LDC_N50,125000,170858,Cell-Based,CPU-Parallel,NeoN,64,gpu-nvidia-h100
LDC_N50,125000,70840,Cell-Based,CPU-Parallel,NeoN + Julia,64,gpu-nvidia-h100
LDC_N50,125000,84719,Cell-Based,CPU-Parallel,NeoN + Julia,64,gpu-nvidia-h100
LDC_N50,125000,83752,Cell-Based,CPU-Parallel,NeoN + Julia,64,gpu-nvidia-h100
LDC_N50,125000,172331,Cell-Based,CPU-Parallel,NeoN,128,gpu-nvidia-h100
LDC_N50,125000,171483,Cell-Based,CPU-Parallel,NeoN,128,gpu-nvidia-h100
LDC_N50,125000,171787,Cell-Based,CPU-Parallel,NeoN,128,gpu-nvidia-h100
LDC_N50,125000,93964,Cell-Based,CPU-Parallel,NeoN + Julia,128,gpu-nvidia-h100
LDC_N50,125000,95978,Cell-Based,CPU-Parallel,NeoN + Julia,128,gpu-nvidia-h100
LDC_N50,125000,96853,Cell-Based,CPU-Parallel,NeoN + Julia,128,gpu-nvidia-h100
LDC_N60,216000,296792,Cell-Based,CPU-Parallel,NeoN,1,gpu-nvidia-h100
LDC_N60,216000,294235,Cell-Based,CPU-Parallel,NeoN,1,gpu-nvidia-h100
LDC_N60,216000,295677,Cell-Based,CPU-Parallel,NeoN,1,gpu-nvidia-h100
LDC_N60,216000,98056,Cell-Based,CPU-Parallel,NeoN + Julia,1,gpu-nvidia-h100
LDC_N60,216000,92095,Cell-Based,CPU-Parallel,NeoN + Julia,1,gpu-nvidia-h100
LDC_N60,216000,90074,Cell-Based,CPU-Parallel,NeoN + Julia,1,gpu-nvidia-h100
LDC_N60,216000,304000,Cell-Based,CPU-Parallel,NeoN,2,gpu-nvidia-h100
LDC_N60,216000,301469,Cell-Based,CPU-Parallel,NeoN,2,gpu-nvidia-h100
LDC_N60,216000,305450,Cell-Based,CPU-Parallel,NeoN,2,gpu-nvidia-h100
LDC_N60,216000,102719,Cell-Based,CPU-Parallel,NeoN + Julia,2,gpu-nvidia-h100
LDC_N60,216000,86920,Cell-Based,CPU-Parallel,NeoN + Julia,2,gpu-nvidia-h100
LDC_N60,216000,85872,Cell-Based,CPU-Parallel,NeoN + Julia,2,gpu-nvidia-h100
LDC_N60,216000,298029,Cell-Based,CPU-Parallel,NeoN,4,gpu-nvidia-h100
LDC_N60,216000,296082,Cell-Based,CPU-Parallel,NeoN,4,gpu-nvidia-h100
LDC_N60,216000,297373,Cell-Based,CPU-Parallel,NeoN,4,gpu-nvidia-h100
LDC_N60,216000,98379,Cell-Based,CPU-Parallel,NeoN + Julia,4,gpu-nvidia-h100
LDC_N60,216000,89251,Cell-Based,CPU-Parallel,NeoN + Julia,4,gpu-nvidia-h100
LDC_N60,216000,80235,Cell-Based,CPU-Parallel,NeoN + Julia,4,gpu-nvidia-h100
LDC_N60,216000,315456,Cell-Based,CPU-Parallel,NeoN,8,gpu-nvidia-h100
LDC_N60,216000,302076,Cell-Based,CPU-Parallel,NeoN,8,gpu-nvidia-h100
LDC_N60,216000,300116,Cell-Based,CPU-Parallel,NeoN,8,gpu-nvidia-h100
LDC_N60,216000,72750,Cell-Based,CPU-Parallel,NeoN + Julia,8,gpu-nvidia-h100
LDC_N60,216000,67414,Cell-Based,CPU-Parallel,NeoN + Julia,8,gpu-nvidia-h100
LDC_N60,216000,62666,Cell-Based,CPU-Parallel,NeoN + Julia,8,gpu-nvidia-h100
LDC_N60,216000,299874,Cell-Based,CPU-Parallel,NeoN,16,gpu-nvidia-h100
LDC_N60,216000,295312,Cell-Based,CPU-Parallel,NeoN,16,gpu-nvidia-h100
LDC_N60,216000,296869,Cell-Based,CPU-Parallel,NeoN,16,gpu-nvidia-h100
LDC_N60,216000,75994,Cell-Based,CPU-Parallel,NeoN + Julia,16,gpu-nvidia-h100
LDC_N60,216000,68932,Cell-Based,CPU-Parallel,NeoN + Julia,16,gpu-nvidia-h100
LDC_N60,216000,61493,Cell-Based,CPU-Parallel,NeoN + Julia,16,gpu-nvidia-h100
LDC_N60,216000,303328,Cell-Based,CPU-Parallel,NeoN,32,gpu-nvidia-h100
LDC_N60,216000,302812,Cell-Based,CPU-Parallel,NeoN,32,gpu-nvidia-h100
LDC_N60,216000,299904,Cell-Based,CPU-Parallel,NeoN,32,gpu-nvidia-h100
LDC_N60,216000,86607,Cell-Based,CPU-Parallel,NeoN + Julia,32,gpu-nvidia-h100
LDC_N60,216000,57027,Cell-Based,CPU-Parallel,NeoN + Julia,32,gpu-nvidia-h100
LDC_N60,216000,109065,Cell-Based,CPU-Parallel,NeoN + Julia,32,gpu-nvidia-h100
LDC_N60,216000,207783,Cell-Based,CPU-Parallel,NeoN,64,gpu-nvidia-h100
LDC_N60,216000,207426,Cell-Based,CPU-Parallel,NeoN,64,gpu-nvidia-h100
LDC_N60,216000,206745,Cell-Based,CPU-Parallel,NeoN,64,gpu-nvidia-h100
LDC_N60,216000,124214,Cell-Based,CPU-Parallel,NeoN + Julia,64,gpu-nvidia-h100
LDC_N60,216000,118569,Cell-Based,CPU-Parallel,NeoN + Julia,64,gpu-nvidia-h100
LDC_N60,216000,114548,Cell-Based,CPU-Parallel,NeoN + Julia,64,gpu-nvidia-h100
LDC_N60,216000,296238,Cell-Based,CPU-Parallel,NeoN,128,gpu-nvidia-h100
LDC_N60,216000,334849,Cell-Based,CPU-Parallel,NeoN,128,gpu-nvidia-h100
LDC_N60,216000,295029,Cell-Based,CPU-Parallel,NeoN,128,gpu-nvidia-h100
LDC_N60,216000,111038,Cell-Based,CPU-Parallel,NeoN + Julia,128,gpu-nvidia-h100
LDC_N60,216000,145078,Cell-Based,CPU-Parallel,NeoN + Julia,128,gpu-nvidia-h100
LDC_N60,216000,123348,Cell-Based,CPU-Parallel,NeoN + Julia,128,gpu-nvidia-h100
LDC_N70,343000,468446,Cell-Based,CPU-Parallel,NeoN,1,gpu-nvidia-h100
LDC_N70,343000,465570,Cell-Based,CPU-Parallel,NeoN,1,gpu-nvidia-h100
LDC_N70,343000,468563,Cell-Based,CPU-Parallel,NeoN,1,gpu-nvidia-h100
LDC_N70,343000,148032,Cell-Based,CPU-Parallel,NeoN + Julia,1,gpu-nvidia-h100
LDC_N70,343000,147419,Cell-Based,CPU-Parallel,NeoN + Julia,1,gpu-nvidia-h100
LDC_N70,343000,146257,Cell-Based,CPU-Parallel,NeoN + Julia,1,gpu-nvidia-h100
LDC_N70,343000,483040,Cell-Based,CPU-Parallel,NeoN,2,gpu-nvidia-h100
LDC_N70,343000,481506,Cell-Based,CPU-Parallel,NeoN,2,gpu-nvidia-h100
LDC_N70,343000,478675,Cell-Based,CPU-Parallel,NeoN,2,gpu-nvidia-h100
LDC_N70,343000,151233,Cell-Based,CPU-Parallel,NeoN + Julia,2,gpu-nvidia-h100
LDC_N70,343000,134746,Cell-Based,CPU-Parallel,NeoN + Julia,2,gpu-nvidia-h100
LDC_N70,343000,128942,Cell-Based,CPU-Parallel,NeoN + Julia,2,gpu-nvidia-h100
LDC_N70,343000,482222,Cell-Based,CPU-Parallel,NeoN,4,gpu-nvidia-h100
LDC_N70,343000,487662,Cell-Based,CPU-Parallel,NeoN,4,gpu-nvidia-h100
LDC_N70,343000,482211,Cell-Based,CPU-Parallel,NeoN,4,gpu-nvidia-h100
LDC_N70,343000,141848,Cell-Based,CPU-Parallel,NeoN + Julia,4,gpu-nvidia-h100
LDC_N70,343000,118304,Cell-Based,CPU-Parallel,NeoN + Julia,4,gpu-nvidia-h100
LDC_N70,343000,124625,Cell-Based,CPU-Parallel,NeoN + Julia,4,gpu-nvidia-h100
LDC_N70,343000,472061,Cell-Based,CPU-Parallel,NeoN,8,gpu-nvidia-h100
LDC_N70,343000,472519,Cell-Based,CPU-Parallel,NeoN,8,gpu-nvidia-h100
LDC_N70,343000,481280,Cell-Based,CPU-Parallel,NeoN,8,gpu-nvidia-h100
LDC_N70,343000,114922,Cell-Based,CPU-Parallel,NeoN + Julia,8,gpu-nvidia-h100
LDC_N70,343000,106182,Cell-Based,CPU-Parallel,NeoN + Julia,8,gpu-nvidia-h100
LDC_N70,343000,160825,Cell-Based,CPU-Parallel,NeoN + Julia,8,gpu-nvidia-h100
LDC_N70,343000,469592,Cell-Based,CPU-Parallel,NeoN,16,gpu-nvidia-h100
LDC_N70,343000,465768,Cell-Based,CPU-Parallel,NeoN,16,gpu-nvidia-h100
LDC_N70,343000,466214,Cell-Based,CPU-Parallel,NeoN,16,gpu-nvidia-h100
LDC_N70,343000,154096,Cell-Based,CPU-Parallel,NeoN + Julia,16,gpu-nvidia-h100
LDC_N70,343000,170262,Cell-Based,CPU-Parallel,NeoN + Julia,16,gpu-nvidia-h100
LDC_N70,343000,153177,Cell-Based,CPU-Parallel,NeoN + Julia,16,gpu-nvidia-h100
LDC_N70,343000,467658,Cell-Based,CPU-Parallel,NeoN,32,gpu-nvidia-h100
LDC_N70,343000,468793,Cell-Based,CPU-Parallel,NeoN,32,gpu-nvidia-h100
LDC_N70,343000,466117,Cell-Based,CPU-Parallel,NeoN,32,gpu-nvidia-h100
LDC_N70,343000,134232,Cell-Based,CPU-Parallel,NeoN + Julia,32,gpu-nvidia-h100
LDC_N70,343000,180591,Cell-Based,CPU-Parallel,NeoN + Julia,32,gpu-nvidia-h100
LDC_N70,343000,131095,Cell-Based,CPU-Parallel,NeoN + Julia,32,gpu-nvidia-h100
LDC_N280,21952000,18886909,Cell-Based,CPU-Parallel,NeoN,4,gpu-nvidia-h200
LDC_N280,21952000,18838827,Cell-Based,CPU-Parallel,NeoN,4,gpu-nvidia-h200
LDC_N280,21952000,18810768,Cell-Based,CPU-Parallel,NeoN,4,gpu-nvidia-h200
LDC_N280,21952000,3847242,Cell-Based,CPU-Parallel,NeoN,4,gpu-nvidia-h200
LDC_N280,21952000,3840770,Cell-Based,CPU-Parallel,NeoN,4,gpu-nvidia-h200
LDC_N280,21952000,3839661,Cell-Based,CPU-Parallel,NeoN,4,gpu-nvidia-h200
LDC_N70,343000,481591,Cell-Based,CPU-Parallel,NeoN,64,gpu-nvidia-h100
LDC_N70,343000,479552,Cell-Based,CPU-Parallel,NeoN,64,gpu-nvidia-h100
LDC_N70,343000,466863,Cell-Based,CPU-Parallel,NeoN,64,gpu-nvidia-h100
LDC_N70,343000,185717,Cell-Based,CPU-Parallel,NeoN + Julia,64,gpu-nvidia-h100
LDC_N70,343000,137953,Cell-Based,CPU-Parallel,NeoN + Julia,64,gpu-nvidia-h100
LDC_N70,343000,155627,Cell-Based,CPU-Parallel,NeoN + Julia,64,gpu-nvidia-h100
LDC_N70,343000,484557,Cell-Based,CPU-Parallel,NeoN,128,gpu-nvidia-h100
LDC_N70,343000,468459,Cell-Based,CPU-Parallel,NeoN,128,gpu-nvidia-h100
LDC_N70,343000,466393,Cell-Based,CPU-Parallel,NeoN,128,gpu-nvidia-h100
LDC_N70,343000,192401,Cell-Based,CPU-Parallel,NeoN + Julia,128,gpu-nvidia-h100
LDC_N70,343000,212112,Cell-Based,CPU-Parallel,NeoN + Julia,128,gpu-nvidia-h100
LDC_N70,343000,167965,Cell-Based,CPU-Parallel,NeoN + Julia,128,gpu-nvidia-h100
LDC_N80,512000,696461,Cell-Based,CPU-Parallel,NeoN,1,gpu-nvidia-h100
LDC_N80,512000,696671,Cell-Based,CPU-Parallel,NeoN,1,gpu-nvidia-h100
LDC_N80,512000,703280,Cell-Based,CPU-Parallel,NeoN,1,gpu-nvidia-h100
LDC_N80,512000,138654,Cell-Based,CPU-Parallel,NeoN + Julia,1,gpu-nvidia-h100
LDC_N80,512000,137665,Cell-Based,CPU-Parallel,NeoN + Julia,1,gpu-nvidia-h100
LDC_N80,512000,139566,Cell-Based,CPU-Parallel,NeoN + Julia,1,gpu-nvidia-h100
LDC_N80,512000,706756,Cell-Based,CPU-Parallel,NeoN,2,gpu-nvidia-h100
LDC_N80,512000,702951,Cell-Based,CPU-Parallel,NeoN,2,gpu-nvidia-h100
LDC_N80,512000,701683,Cell-Based,CPU-Parallel,NeoN,2,gpu-nvidia-h100
LDC_N80,512000,138988,Cell-Based,CPU-Parallel,NeoN + Julia,2,gpu-nvidia-h100
LDC_N80,512000,116149,Cell-Based,CPU-Parallel,NeoN + Julia,2,gpu-nvidia-h100
LDC_N80,512000,121995,Cell-Based,CPU-Parallel,NeoN + Julia,2,gpu-nvidia-h100
LDC_N80,512000,484530,Cell-Based,CPU-Parallel,NeoN,4,gpu-nvidia-h100
LDC_N80,512000,493038,Cell-Based,CPU-Parallel,NeoN,4,gpu-nvidia-h100
LDC_N80,512000,493384,Cell-Based,CPU-Parallel,NeoN,4,gpu-nvidia-h100
LDC_N80,512000,143611,Cell-Based,CPU-Parallel,NeoN + Julia,4,gpu-nvidia-h100
LDC_N80,512000,168806,Cell-Based,CPU-Parallel,NeoN + Julia,4,gpu-nvidia-h100
LDC_N80,512000,180549,Cell-Based,CPU-Parallel,NeoN + Julia,4,gpu-nvidia-h100
LDC_N80,512000,716733,Cell-Based,CPU-Parallel,NeoN,8,gpu-nvidia-h100
LDC_N80,512000,632122,Cell-Based,CPU-Parallel,NeoN,8,gpu-nvidia-h100
LDC_N80,512000,565280,Cell-Based,CPU-Parallel,NeoN,8,gpu-nvidia-h100
LDC_N80,512000,244341,Cell-Based,CPU-Parallel,NeoN + Julia,8,gpu-nvidia-h100
LDC_N80,512000,218838,Cell-Based,CPU-Parallel,NeoN + Julia,8,gpu-nvidia-h100
LDC_N80,512000,243862,Cell-Based,CPU-Parallel,NeoN + Julia,8,gpu-nvidia-h100
LDC_N80,512000,484324,Cell-Based,CPU-Parallel,NeoN,16,gpu-nvidia-h100
LDC_N80,512000,479829,Cell-Based,CPU-Parallel,NeoN,16,gpu-nvidia-h100
LDC_N80,512000,478682,Cell-Based,CPU-Parallel,NeoN,16,gpu-nvidia-h100
LDC_N80,512000,260469,Cell-Based,CPU-Parallel,NeoN + Julia,16,gpu-nvidia-h100
LDC_N80,512000,238593,Cell-Based,CPU-Parallel,NeoN + Julia,16,gpu-nvidia-h100
LDC_N80,512000,268052,Cell-Based,CPU-Parallel,NeoN + Julia,16,gpu-nvidia-h100
LDC_N80,512000,498467,Cell-Based,CPU-Parallel,NeoN,32,gpu-nvidia-h100
LDC_N80,512000,489755,Cell-Based,CPU-Parallel,NeoN,32,gpu-nvidia-h100
LDC_N80,512000,491468,Cell-Based,CPU-Parallel,NeoN,32,gpu-nvidia-h100
LDC_N80,512000,210625,Cell-Based,CPU-Parallel,NeoN + Julia,32,gpu-nvidia-h100
LDC_N80,512000,185105,Cell-Based,CPU-Parallel,NeoN + Julia,32,gpu-nvidia-h100
LDC_N80,512000,243314,Cell-Based,CPU-Parallel,NeoN + Julia,32,gpu-nvidia-h100
LDC_N80,512000,490676,Cell-Based,CPU-Parallel,NeoN,64,gpu-nvidia-h100
LDC_N80,512000,488098,Cell-Based,CPU-Parallel,NeoN,64,gpu-nvidia-h100
LDC_N80,512000,489053,Cell-Based,CPU-Parallel,NeoN,64,gpu-nvidia-h100
LDC_N80,512000,244393,Cell-Based,CPU-Parallel,NeoN + Julia,64,gpu-nvidia-h100
LDC_N80,512000,154250,Cell-Based,CPU-Parallel,NeoN + Julia,64,gpu-nvidia-h100
LDC_N80,512000,168536,Cell-Based,CPU-Parallel,NeoN + Julia,64,gpu-nvidia-h100
LDC_N80,512000,703503,Cell-Based,CPU-Parallel,NeoN,128,gpu-nvidia-h100
LDC_N80,512000,701381,Cell-Based,CPU-Parallel,NeoN,128,gpu-nvidia-h100
LDC_N80,512000,704467,Cell-Based,CPU-Parallel,NeoN,128,gpu-nvidia-h100
LDC_N80,512000,215916,Cell-Based,CPU-Parallel,NeoN + Julia,128,gpu-nvidia-h100
LDC_N80,512000,230624,Cell-Based,CPU-Parallel,NeoN + Julia,128,gpu-nvidia-h100
LDC_N80,512000,274794,Cell-Based,CPU-Parallel,NeoN + Julia,128,gpu-nvidia-h100
LDC_N90,729000,826446,Cell-Based,CPU-Parallel,NeoN,1,gpu-nvidia-h100
LDC_N90,729000,684798,Cell-Based,CPU-Parallel,NeoN,1,gpu-nvidia-h100
LDC_N90,729000,687705,Cell-Based,CPU-Parallel,NeoN,1,gpu-nvidia-h100
LDC_N90,729000,194330,Cell-Based,CPU-Parallel,NeoN + Julia,1,gpu-nvidia-h100
LDC_N90,729000,202149,Cell-Based,CPU-Parallel,NeoN + Julia,1,gpu-nvidia-h100
LDC_N90,729000,195905,Cell-Based,CPU-Parallel,NeoN + Julia,1,gpu-nvidia-h100
LDC_N90,729000,1002236,Cell-Based,CPU-Parallel,NeoN,2,gpu-nvidia-h100
LDC_N90,729000,1001220,Cell-Based,CPU-Parallel,NeoN,2,gpu-nvidia-h100
LDC_N90,729000,1000602,Cell-Based,CPU-Parallel,NeoN,2,gpu-nvidia-h100
LDC_N90,729000,231460,Cell-Based,CPU-Parallel,NeoN + Julia,2,gpu-nvidia-h100
LDC_N90,729000,218121,Cell-Based,CPU-Parallel,NeoN + Julia,2,gpu-nvidia-h100
LDC_N90,729000,244923,Cell-Based,CPU-Parallel,NeoN + Julia,2,gpu-nvidia-h100
LDC_N90,729000,1000997,Cell-Based,CPU-Parallel,NeoN,4,gpu-nvidia-h100
LDC_N90,729000,1004452,Cell-Based,CPU-Parallel,NeoN,4,gpu-nvidia-h100
LDC_N90,729000,996238,Cell-Based,CPU-Parallel,NeoN,4,gpu-nvidia-h100
LDC_N90,729000,222258,Cell-Based,CPU-Parallel,NeoN + Julia,4,gpu-nvidia-h100
LDC_N90,729000,233039,Cell-Based,CPU-Parallel,NeoN + Julia,4,gpu-nvidia-h100
LDC_N90,729000,199615,Cell-Based,CPU-Parallel,NeoN + Julia,4,gpu-nvidia-h100
LDC_N90,729000,1019366,Cell-Based,CPU-Parallel,NeoN,8,gpu-nvidia-h100
LDC_N90,729000,1008591,Cell-Based,CPU-Parallel,NeoN,8,gpu-nvidia-h100
LDC_N90,729000,846811,Cell-Based,CPU-Parallel,NeoN,8,gpu-nvidia-h100
LDC_N90,729000,257237,Cell-Based,CPU-Parallel,NeoN + Julia,8,gpu-nvidia-h100
LDC_N90,729000,193264,Cell-Based,CPU-Parallel,NeoN + Julia,8,gpu-nvidia-h100
LDC_N90,729000,229839,Cell-Based,CPU-Parallel,NeoN + Julia,8,gpu-nvidia-h100
LDC_N90,729000,683450,Cell-Based,CPU-Parallel,NeoN,16,gpu-nvidia-h100
LDC_N90,729000,683674,Cell-Based,CPU-Parallel,NeoN,16,gpu-nvidia-h100
LDC_N90,729000,681967,Cell-Based,CPU-Parallel,NeoN,16,gpu-nvidia-h100
LDC_N90,729000,301993,Cell-Based,CPU-Parallel,NeoN + Julia,16,gpu-nvidia-h100
LDC_N90,729000,309079,Cell-Based,CPU-Parallel,NeoN + Julia,16,gpu-nvidia-h100
LDC_N90,729000,285507,Cell-Based,CPU-Parallel,NeoN + Julia,16,gpu-nvidia-h100
LDC_N90,729000,797633,Cell-Based,CPU-Parallel,NeoN,32,gpu-nvidia-h100
LDC_N90,729000,683746,Cell-Based,CPU-Parallel,NeoN,32,gpu-nvidia-h100
LDC_N90,729000,680666,Cell-Based,CPU-Parallel,NeoN,32,gpu-nvidia-h100
LDC_N90,729000,299693,Cell-Based,CPU-Parallel,NeoN + Julia,32,gpu-nvidia-h100
LDC_N90,729000,311905,Cell-Based,CPU-Parallel,NeoN + Julia,32,gpu-nvidia-h100
LDC_N90,729000,274889,Cell-Based,CPU-Parallel,NeoN + Julia,32,gpu-nvidia-h100
LDC_N280,21952000,18934793,Cell-Based,CPU-Parallel,NeoN,8,gpu-nvidia-h200
LDC_N280,21952000,18871019,Cell-Based,CPU-Parallel,NeoN,8,gpu-nvidia-h200
LDC_N280,21952000,18930550,Cell-Based,CPU-Parallel,NeoN,8,gpu-nvidia-h200
LDC_N280,21952000,3614694,Cell-Based,CPU-Parallel,NeoN,8,gpu-nvidia-h200
LDC_N280,21952000,3583763,Cell-Based,CPU-Parallel,NeoN,8,gpu-nvidia-h200
LDC_N280,21952000,3588435,Cell-Based,CPU-Parallel,NeoN,8,gpu-nvidia-h200
LDC_N90,729000,684057,Cell-Based,CPU-Parallel,NeoN,64,gpu-nvidia-h100
LDC_N90,729000,684512,Cell-Based,CPU-Parallel,NeoN,64,gpu-nvidia-h100
LDC_N90,729000,687014,Cell-Based,CPU-Parallel,NeoN,64,gpu-nvidia-h100
LDC_N90,729000,345048,Cell-Based,CPU-Parallel,NeoN + Julia,64,gpu-nvidia-h100
LDC_N90,729000,217714,Cell-Based,CPU-Parallel,NeoN + Julia,64,gpu-nvidia-h100
LDC_N90,729000,180740,Cell-Based,CPU-Parallel,NeoN + Julia,64,gpu-nvidia-h100
LDC_N90,729000,679287,Cell-Based,CPU-Parallel,NeoN,128,gpu-nvidia-h100
LDC_N90,729000,684297,Cell-Based,CPU-Parallel,NeoN,128,gpu-nvidia-h100
LDC_N90,729000,680798,Cell-Based,CPU-Parallel,NeoN,128,gpu-nvidia-h100
LDC_N90,729000,338698,Cell-Based,CPU-Parallel,NeoN + Julia,128,gpu-nvidia-h100
LDC_N90,729000,298597,Cell-Based,CPU-Parallel,NeoN + Julia,128,gpu-nvidia-h100
LDC_N90,729000,299919,Cell-Based,CPU-Parallel,NeoN + Julia,128,gpu-nvidia-h100
LDC_N100,1000000,922746,Cell-Based,CPU-Parallel,NeoN,1,gpu-nvidia-h100
LDC_N100,1000000,927166,Cell-Based,CPU-Parallel,NeoN,1,gpu-nvidia-h100
LDC_N100,1000000,931312,Cell-Based,CPU-Parallel,NeoN,1,gpu-nvidia-h100
LDC_N100,1000000,268653,Cell-Based,CPU-Parallel,NeoN + Julia,1,gpu-nvidia-h100
LDC_N100,1000000,265957,Cell-Based,CPU-Parallel,NeoN + Julia,1,gpu-nvidia-h100
LDC_N100,1000000,265239,Cell-Based,CPU-Parallel,NeoN + Julia,1,gpu-nvidia-h100
LDC_N100,1000000,1373455,Cell-Based,CPU-Parallel,NeoN,2,gpu-nvidia-h100
LDC_N100,1000000,1379299,Cell-Based,CPU-Parallel,NeoN,2,gpu-nvidia-h100
LDC_N100,1000000,981394,Cell-Based,CPU-Parallel,NeoN,2,gpu-nvidia-h100
LDC_N100,1000000,248047,Cell-Based,CPU-Parallel,NeoN + Julia,2,gpu-nvidia-h100
LDC_N100,1000000,253125,Cell-Based,CPU-Parallel,NeoN + Julia,2,gpu-nvidia-h100
LDC_N100,1000000,235899,Cell-Based,CPU-Parallel,NeoN + Julia,2,gpu-nvidia-h100
LDC_N100,1000000,951334,Cell-Based,CPU-Parallel,NeoN,4,gpu-nvidia-h100
LDC_N100,1000000,970256,Cell-Based,CPU-Parallel,NeoN,4,gpu-nvidia-h100
LDC_N100,1000000,975448,Cell-Based,CPU-Parallel,NeoN,4,gpu-nvidia-h100
LDC_N100,1000000,313867,Cell-Based,CPU-Parallel,NeoN + Julia,4,gpu-nvidia-h100
LDC_N100,1000000,313385,Cell-Based,CPU-Parallel,NeoN + Julia,4,gpu-nvidia-h100
LDC_N100,1000000,296520,Cell-Based,CPU-Parallel,NeoN + Julia,4,gpu-nvidia-h100
LDC_N100,1000000,956827,Cell-Based,CPU-Parallel,NeoN,8,gpu-nvidia-h100
LDC_N100,1000000,937860,Cell-Based,CPU-Parallel,NeoN,8,gpu-nvidia-h100
LDC_N100,1000000,943930,Cell-Based,CPU-Parallel,NeoN,8,gpu-nvidia-h100
LDC_N100,1000000,374327,Cell-Based,CPU-Parallel,NeoN + Julia,8,gpu-nvidia-h100
LDC_N100,1000000,361488,Cell-Based,CPU-Parallel,NeoN + Julia,8,gpu-nvidia-h100
LDC_N100,1000000,311094,Cell-Based,CPU-Parallel,NeoN + Julia,8,gpu-nvidia-h100
LDC_N100,1000000,934779,Cell-Based,CPU-Parallel,NeoN,16,gpu-nvidia-h100
LDC_N100,1000000,936113,Cell-Based,CPU-Parallel,NeoN,16,gpu-nvidia-h100
LDC_N100,1000000,937892,Cell-Based,CPU-Parallel,NeoN,16,gpu-nvidia-h100
LDC_N100,1000000,321221,Cell-Based,CPU-Parallel,NeoN + Julia,16,gpu-nvidia-h100
LDC_N100,1000000,304280,Cell-Based,CPU-Parallel,NeoN + Julia,16,gpu-nvidia-h100
LDC_N100,1000000,270084,Cell-Based,CPU-Parallel,NeoN + Julia,16,gpu-nvidia-h100
LDC_N100,1000000,1209610,Cell-Based,CPU-Parallel,NeoN,32,gpu-nvidia-h100
LDC_N100,1000000,954166,Cell-Based,CPU-Parallel,NeoN,32,gpu-nvidia-h100
LDC_N100,1000000,939309,Cell-Based,CPU-Parallel,NeoN,32,gpu-nvidia-h100
LDC_N100,1000000,350968,Cell-Based,CPU-Parallel,NeoN + Julia,32,gpu-nvidia-h100
LDC_N100,1000000,328602,Cell-Based,CPU-Parallel,NeoN + Julia,32,gpu-nvidia-h100
LDC_N100,1000000,401810,Cell-Based,CPU-Parallel,NeoN + Julia,32,gpu-nvidia-h100
LDC_N100,1000000,937258,Cell-Based,CPU-Parallel,NeoN,64,gpu-nvidia-h100
LDC_N100,1000000,939986,Cell-Based,CPU-Parallel,NeoN,64,gpu-nvidia-h100
LDC_N100,1000000,936975,Cell-Based,CPU-Parallel,NeoN,64,gpu-nvidia-h100
LDC_N100,1000000,321732,Cell-Based,CPU-Parallel,NeoN + Julia,64,gpu-nvidia-h100
LDC_N100,1000000,325493,Cell-Based,CPU-Parallel,NeoN + Julia,64,gpu-nvidia-h100
LDC_N100,1000000,281730,Cell-Based,CPU-Parallel,NeoN + Julia,64,gpu-nvidia-h100
LDC_N100,1000000,936811,Cell-Based,CPU-Parallel,NeoN,128,gpu-nvidia-h100
LDC_N100,1000000,938807,Cell-Based,CPU-Parallel,NeoN,128,gpu-nvidia-h100
LDC_N100,1000000,936296,Cell-Based,CPU-Parallel,NeoN,128,gpu-nvidia-h100
LDC_N100,1000000,349351,Cell-Based,CPU-Parallel,NeoN + Julia,128,gpu-nvidia-h100
LDC_N100,1000000,330029,Cell-Based,CPU-Parallel,NeoN + Julia,128,gpu-nvidia-h100
LDC_N100,1000000,386249,Cell-Based,CPU-Parallel,NeoN + Julia,128,gpu-nvidia-h100
LDC_N110,1331000,1238008,Cell-Based,CPU-Parallel,NeoN,1,gpu-nvidia-h100
LDC_N110,1331000,1238354,Cell-Based,CPU-Parallel,NeoN,1,gpu-nvidia-h100
LDC_N110,1331000,1241326,Cell-Based,CPU-Parallel,NeoN,1,gpu-nvidia-h100
LDC_N110,1331000,353143,Cell-Based,CPU-Parallel,NeoN + Julia,1,gpu-nvidia-h100
LDC_N110,1331000,354471,Cell-Based,CPU-Parallel,NeoN + Julia,1,gpu-nvidia-h100
LDC_N110,1331000,348861,Cell-Based,CPU-Parallel,NeoN + Julia,1,gpu-nvidia-h100
LDC_N110,1331000,1292692,Cell-Based,CPU-Parallel,NeoN,2,gpu-nvidia-h100
LDC_N110,1331000,1289311,Cell-Based,CPU-Parallel,NeoN,2,gpu-nvidia-h100
LDC_N110,1331000,1289223,Cell-Based,CPU-Parallel,NeoN,2,gpu-nvidia-h100
LDC_N110,1331000,317982,Cell-Based,CPU-Parallel,NeoN + Julia,2,gpu-nvidia-h100
LDC_N110,1331000,299975,Cell-Based,CPU-Parallel,NeoN + Julia,2,gpu-nvidia-h100
LDC_N110,1331000,315061,Cell-Based,CPU-Parallel,NeoN + Julia,2,gpu-nvidia-h100
LDC_N280,21952000,19117270,Cell-Based,CPU-Parallel,NeoN,16,gpu-nvidia-h200
LDC_N280,21952000,19015342,Cell-Based,CPU-Parallel,NeoN,16,gpu-nvidia-h200
LDC_N280,21952000,19065679,Cell-Based,CPU-Parallel,NeoN,16,gpu-nvidia-h200
LDC_N280,21952000,3482148,Cell-Based,CPU-Parallel,NeoN,16,gpu-nvidia-h200
LDC_N280,21952000,3464352,Cell-Based,CPU-Parallel,NeoN,16,gpu-nvidia-h200
LDC_N280,21952000,3470964,Cell-Based,CPU-Parallel,NeoN,16,gpu-nvidia-h200
LDC_N110,1331000,1298354,Cell-Based,CPU-Parallel,NeoN,4,gpu-nvidia-h100
LDC_N110,1331000,1298079,Cell-Based,CPU-Parallel,NeoN,4,gpu-nvidia-h100
LDC_N110,1331000,1267711,Cell-Based,CPU-Parallel,NeoN,4,gpu-nvidia-h100
LDC_N110,1331000,378771,Cell-Based,CPU-Parallel,NeoN + Julia,4,gpu-nvidia-h100
LDC_N110,1331000,383372,Cell-Based,CPU-Parallel,NeoN + Julia,4,gpu-nvidia-h100
LDC_N110,1331000,376272,Cell-Based,CPU-Parallel,NeoN + Julia,4,gpu-nvidia-h100
LDC_N110,1331000,1289780,Cell-Based,CPU-Parallel,NeoN,8,gpu-nvidia-h100
LDC_N110,1331000,1264405,Cell-Based,CPU-Parallel,NeoN,8,gpu-nvidia-h100
LDC_N110,1331000,1268589,Cell-Based,CPU-Parallel,NeoN,8,gpu-nvidia-h100
LDC_N110,1331000,442603,Cell-Based,CPU-Parallel,NeoN + Julia,8,gpu-nvidia-h100
LDC_N110,1331000,419667,Cell-Based,CPU-Parallel,NeoN + Julia,8,gpu-nvidia-h100
LDC_N110,1331000,381840,Cell-Based,CPU-Parallel,NeoN + Julia,8,gpu-nvidia-h100
LDC_N110,1331000,1275386,Cell-Based,CPU-Parallel,NeoN,16,gpu-nvidia-h100
LDC_N110,1331000,1277305,Cell-Based,CPU-Parallel,NeoN,16,gpu-nvidia-h100
LDC_N110,1331000,1253762,Cell-Based,CPU-Parallel,NeoN,16,gpu-nvidia-h100
LDC_N110,1331000,504580,Cell-Based,CPU-Parallel,NeoN + Julia,16,gpu-nvidia-h100
LDC_N110,1331000,452312,Cell-Based,CPU-Parallel,NeoN + Julia,16,gpu-nvidia-h100
LDC_N110,1331000,506323,Cell-Based,CPU-Parallel,NeoN + Julia,16,gpu-nvidia-h100
LDC_N110,1331000,1253323,Cell-Based,CPU-Parallel,NeoN,32,gpu-nvidia-h100
LDC_N110,1331000,1243551,Cell-Based,CPU-Parallel,NeoN,32,gpu-nvidia-h100
LDC_N110,1331000,1249549,Cell-Based,CPU-Parallel,NeoN,32,gpu-nvidia-h100
LDC_N110,1331000,535273,Cell-Based,CPU-Parallel,NeoN + Julia,32,gpu-nvidia-h100
LDC_N110,1331000,543333,Cell-Based,CPU-Parallel,NeoN + Julia,32,gpu-nvidia-h100
LDC_N110,1331000,437360,Cell-Based,CPU-Parallel,NeoN + Julia,32,gpu-nvidia-h100
LDC_N110,1331000,1242678,Cell-Based,CPU-Parallel,NeoN,64,gpu-nvidia-h100
LDC_N110,1331000,1244674,Cell-Based,CPU-Parallel,NeoN,64,gpu-nvidia-h100
LDC_N110,1331000,1247971,Cell-Based,CPU-Parallel,NeoN,64,gpu-nvidia-h100
LDC_N110,1331000,534899,Cell-Based,CPU-Parallel,NeoN + Julia,64,gpu-nvidia-h100
LDC_N110,1331000,548174,Cell-Based,CPU-Parallel,NeoN + Julia,64,gpu-nvidia-h100
LDC_N110,1331000,445148,Cell-Based,CPU-Parallel,NeoN + Julia,64,gpu-nvidia-h100
LDC_N110,1331000,1242729,Cell-Based,CPU-Parallel,NeoN,128,gpu-nvidia-h100
LDC_N110,1331000,1239953,Cell-Based,CPU-Parallel,NeoN,128,gpu-nvidia-h100
LDC_N110,1331000,1239598,Cell-Based,CPU-Parallel,NeoN,128,gpu-nvidia-h100
LDC_N110,1331000,427701,Cell-Based,CPU-Parallel,NeoN + Julia,128,gpu-nvidia-h100
LDC_N110,1331000,537512,Cell-Based,CPU-Parallel,NeoN + Julia,128,gpu-nvidia-h100
LDC_N110,1331000,512412,Cell-Based,CPU-Parallel,NeoN + Julia,128,gpu-nvidia-h100
LDC_N120,1728000,1611855,Cell-Based,CPU-Parallel,NeoN,1,gpu-nvidia-h100
LDC_N120,1728000,1610607,Cell-Based,CPU-Parallel,NeoN,1,gpu-nvidia-h100
LDC_N120,1728000,1614434,Cell-Based,CPU-Parallel,NeoN,1,gpu-nvidia-h100
LDC_N120,1728000,463591,Cell-Based,CPU-Parallel,NeoN + Julia,1,gpu-nvidia-h100
LDC_N120,1728000,451793,Cell-Based,CPU-Parallel,NeoN + Julia,1,gpu-nvidia-h100
LDC_N120,1728000,469760,Cell-Based,CPU-Parallel,NeoN + Julia,1,gpu-nvidia-h100
LDC_N120,1728000,1663010,Cell-Based,CPU-Parallel,NeoN,2,gpu-nvidia-h100
LDC_N120,1728000,1647290,Cell-Based,CPU-Parallel,NeoN,2,gpu-nvidia-h100
LDC_N120,1728000,1645048,Cell-Based,CPU-Parallel,NeoN,2,gpu-nvidia-h100
LDC_N120,1728000,393206,Cell-Based,CPU-Parallel,NeoN + Julia,2,gpu-nvidia-h100
LDC_N120,1728000,389219,Cell-Based,CPU-Parallel,NeoN + Julia,2,gpu-nvidia-h100
LDC_N120,1728000,394107,Cell-Based,CPU-Parallel,NeoN + Julia,2,gpu-nvidia-h100
LDC_N120,1728000,1653124,Cell-Based,CPU-Parallel,NeoN,4,gpu-nvidia-h100
LDC_N120,1728000,1642254,Cell-Based,CPU-Parallel,NeoN,4,gpu-nvidia-h100
LDC_N120,1728000,1649863,Cell-Based,CPU-Parallel,NeoN,4,gpu-nvidia-h100
LDC_N120,1728000,465038,Cell-Based,CPU-Parallel,NeoN + Julia,4,gpu-nvidia-h100
LDC_N120,1728000,460209,Cell-Based,CPU-Parallel,NeoN + Julia,4,gpu-nvidia-h100
LDC_N120,1728000,453907,Cell-Based,CPU-Parallel,NeoN + Julia,4,gpu-nvidia-h100
LDC_N280,21952000,19409049,Cell-Based,CPU-Parallel,NeoN,32,gpu-nvidia-h200
LDC_N280,21952000,19367706,Cell-Based,CPU-Parallel,NeoN,32,gpu-nvidia-h200
LDC_N280,21952000,19295523,Cell-Based,CPU-Parallel,NeoN,32,gpu-nvidia-h200
LDC_N280,21952000,3577842,Cell-Based,CPU-Parallel,NeoN,32,gpu-nvidia-h200
LDC_N280,21952000,3625298,Cell-Based,CPU-Parallel,NeoN,32,gpu-nvidia-h200
LDC_N280,21952000,3632746,Cell-Based,CPU-Parallel,NeoN,32,gpu-nvidia-h200
LDC_N120,1728000,1643518,Cell-Based,CPU-Parallel,NeoN,8,gpu-nvidia-h100
LDC_N120,1728000,1648106,Cell-Based,CPU-Parallel,NeoN,8,gpu-nvidia-h100
LDC_N120,1728000,1663353,Cell-Based,CPU-Parallel,NeoN,8,gpu-nvidia-h100
LDC_N120,1728000,476324,Cell-Based,CPU-Parallel,NeoN + Julia,8,gpu-nvidia-h100
LDC_N120,1728000,596776,Cell-Based,CPU-Parallel,NeoN + Julia,8,gpu-nvidia-h100
LDC_N120,1728000,535533,Cell-Based,CPU-Parallel,NeoN + Julia,8,gpu-nvidia-h100
LDC_N120,1728000,1645909,Cell-Based,CPU-Parallel,NeoN,16,gpu-nvidia-h100
LDC_N120,1728000,1643096,Cell-Based,CPU-Parallel,NeoN,16,gpu-nvidia-h100
LDC_N120,1728000,1648885,Cell-Based,CPU-Parallel,NeoN,16,gpu-nvidia-h100
LDC_N120,1728000,484263,Cell-Based,CPU-Parallel,NeoN + Julia,16,gpu-nvidia-h100
LDC_N120,1728000,471501,Cell-Based,CPU-Parallel,NeoN + Julia,16,gpu-nvidia-h100
LDC_N120,1728000,461715,Cell-Based,CPU-Parallel,NeoN + Julia,16,gpu-nvidia-h100
LDC_N120,1728000,1624576,Cell-Based,CPU-Parallel,NeoN,32,gpu-nvidia-h100
LDC_N120,1728000,1610899,Cell-Based,CPU-Parallel,NeoN,32,gpu-nvidia-h100
LDC_N120,1728000,1613113,Cell-Based,CPU-Parallel,NeoN,32,gpu-nvidia-h100
LDC_N120,1728000,628012,Cell-Based,CPU-Parallel,NeoN + Julia,32,gpu-nvidia-h100
LDC_N120,1728000,624613,Cell-Based,CPU-Parallel,NeoN + Julia,32,gpu-nvidia-h100
LDC_N120,1728000,534101,Cell-Based,CPU-Parallel,NeoN + Julia,32,gpu-nvidia-h100
LDC_N120,1728000,1632750,Cell-Based,CPU-Parallel,NeoN,64,gpu-nvidia-h100
LDC_N120,1728000,1610224,Cell-Based,CPU-Parallel,NeoN,64,gpu-nvidia-h100
LDC_N120,1728000,1625043,Cell-Based,CPU-Parallel,NeoN,64,gpu-nvidia-h100
LDC_N120,1728000,549795,Cell-Based,CPU-Parallel,NeoN + Julia,64,gpu-nvidia-h100
LDC_N120,1728000,631956,Cell-Based,CPU-Parallel,NeoN + Julia,64,gpu-nvidia-h100
LDC_N120,1728000,691505,Cell-Based,CPU-Parallel,NeoN + Julia,64,gpu-nvidia-h100
LDC_N120,1728000,2373569,Cell-Based,CPU-Parallel,NeoN,128,gpu-nvidia-h100
LDC_N120,1728000,2320944,Cell-Based,CPU-Parallel,NeoN,128,gpu-nvidia-h100
LDC_N120,1728000,2327695,Cell-Based,CPU-Parallel,NeoN,128,gpu-nvidia-h100
LDC_N120,1728000,645249,Cell-Based,CPU-Parallel,NeoN + Julia,128,gpu-nvidia-h100
LDC_N120,1728000,612964,Cell-Based,CPU-Parallel,NeoN + Julia,128,gpu-nvidia-h100
LDC_N120,1728000,557547,Cell-Based,CPU-Parallel,NeoN + Julia,128,gpu-nvidia-h100
LDC_N130,2197000,2042631,Cell-Based,CPU-Parallel,NeoN,1,gpu-nvidia-h100
LDC_N130,2197000,2045174,Cell-Based,CPU-Parallel,NeoN,1,gpu-nvidia-h100
LDC_N130,2197000,2038126,Cell-Based,CPU-Parallel,NeoN,1,gpu-nvidia-h100
LDC_N130,2197000,577932,Cell-Based,CPU-Parallel,NeoN + Julia,1,gpu-nvidia-h100
LDC_N130,2197000,589633,Cell-Based,CPU-Parallel,NeoN + Julia,1,gpu-nvidia-h100
LDC_N130,2197000,586046,Cell-Based,CPU-Parallel,NeoN + Julia,1,gpu-nvidia-h100
LDC_N130,2197000,2086666,Cell-Based,CPU-Parallel,NeoN,2,gpu-nvidia-h100
LDC_N130,2197000,2099386,Cell-Based,CPU-Parallel,NeoN,2,gpu-nvidia-h100
LDC_N130,2197000,2102106,Cell-Based,CPU-Parallel,NeoN,2,gpu-nvidia-h100
LDC_N130,2197000,498630,Cell-Based,CPU-Parallel,NeoN + Julia,2,gpu-nvidia-h100
LDC_N130,2197000,461726,Cell-Based,CPU-Parallel,NeoN + Julia,2,gpu-nvidia-h100
LDC_N130,2197000,508281,Cell-Based,CPU-Parallel,NeoN + Julia,2,gpu-nvidia-h100
LDC_N130,2197000,2115608,Cell-Based,CPU-Parallel,NeoN,4,gpu-nvidia-h100
LDC_N130,2197000,2099099,Cell-Based,CPU-Parallel,NeoN,4,gpu-nvidia-h100
LDC_N130,2197000,2111238,Cell-Based,CPU-Parallel,NeoN,4,gpu-nvidia-h100
LDC_N130,2197000,654485,Cell-Based,CPU-Parallel,NeoN + Julia,4,gpu-nvidia-h100
LDC_N130,2197000,686398,Cell-Based,CPU-Parallel,NeoN + Julia,4,gpu-nvidia-h100
LDC_N130,2197000,668129,Cell-Based,CPU-Parallel,NeoN + Julia,4,gpu-nvidia-h100
LDC_N280,21952000,19999412,Cell-Based,CPU-Parallel,NeoN,64,gpu-nvidia-h200
LDC_N280,21952000,20154598,Cell-Based,CPU-Parallel,NeoN,64,gpu-nvidia-h200
LDC_N280,21952000,20524252,Cell-Based,CPU-Parallel,NeoN,64,gpu-nvidia-h200
LDC_N280,21952000,3812108,Cell-Based,CPU-Parallel,NeoN,64,gpu-nvidia-h200
LDC_N280,21952000,3831458,Cell-Based,CPU-Parallel,NeoN,64,gpu-nvidia-h200
LDC_N280,21952000,3769959,Cell-Based,CPU-Parallel,NeoN,64,gpu-nvidia-h200
LDC_N130,2197000,2109431,Cell-Based,CPU-Parallel,NeoN,8,gpu-nvidia-h100
LDC_N130,2197000,2084761,Cell-Based,CPU-Parallel,NeoN,8,gpu-nvidia-h100
LDC_N130,2197000,2079096,Cell-Based,CPU-Parallel,NeoN,8,gpu-nvidia-h100
LDC_N130,2197000,564396,Cell-Based,CPU-Parallel,NeoN + Julia,8,gpu-nvidia-h100
LDC_N130,2197000,552451,Cell-Based,CPU-Parallel,NeoN + Julia,8,gpu-nvidia-h100
LDC_N130,2197000,534811,Cell-Based,CPU-Parallel,NeoN + Julia,8,gpu-nvidia-h100
LDC_N130,2197000,2076877,Cell-Based,CPU-Parallel,NeoN,16,gpu-nvidia-h100
LDC_N130,2197000,2097097,Cell-Based,CPU-Parallel,NeoN,16,gpu-nvidia-h100
LDC_N130,2197000,2081842,Cell-Based,CPU-Parallel,NeoN,16,gpu-nvidia-h100
LDC_N130,2197000,718371,Cell-Based,CPU-Parallel,NeoN + Julia,16,gpu-nvidia-h100
LDC_N130,2197000,626780,Cell-Based,CPU-Parallel,NeoN + Julia,16,gpu-nvidia-h100
LDC_N130,2197000,652810,Cell-Based,CPU-Parallel,NeoN + Julia,16,gpu-nvidia-h100
LDC_N130,2197000,2083812,Cell-Based,CPU-Parallel,NeoN,32,gpu-nvidia-h100
LDC_N130,2197000,2070325,Cell-Based,CPU-Parallel,NeoN,32,gpu-nvidia-h100
LDC_N130,2197000,2051168,Cell-Based,CPU-Parallel,NeoN,32,gpu-nvidia-h100
LDC_N130,2197000,621325,Cell-Based,CPU-Parallel,NeoN + Julia,32,gpu-nvidia-h100
LDC_N130,2197000,613211,Cell-Based,CPU-Parallel,NeoN + Julia,32,gpu-nvidia-h100
LDC_N130,2197000,594977,Cell-Based,CPU-Parallel,NeoN + Julia,32,gpu-nvidia-h100
LDC_N130,2197000,2047880,Cell-Based,CPU-Parallel,NeoN,64,gpu-nvidia-h100
LDC_N130,2197000,2045141,Cell-Based,CPU-Parallel,NeoN,64,gpu-nvidia-h100
LDC_N130,2197000,2051385,Cell-Based,CPU-Parallel,NeoN,64,gpu-nvidia-h100
LDC_N130,2197000,642639,Cell-Based,CPU-Parallel,NeoN + Julia,64,gpu-nvidia-h100
LDC_N130,2197000,786570,Cell-Based,CPU-Parallel,NeoN + Julia,64,gpu-nvidia-h100
LDC_N130,2197000,817577,Cell-Based,CPU-Parallel,NeoN + Julia,64,gpu-nvidia-h100
LDC_N130,2197000,2045874,Cell-Based,CPU-Parallel,NeoN,128,gpu-nvidia-h100
LDC_N130,2197000,2042559,Cell-Based,CPU-Parallel,NeoN,128,gpu-nvidia-h100
LDC_N130,2197000,2047735,Cell-Based,CPU-Parallel,NeoN,128,gpu-nvidia-h100
LDC_N130,2197000,617473,Cell-Based,CPU-Parallel,NeoN + Julia,128,gpu-nvidia-h100
LDC_N130,2197000,690638,Cell-Based,CPU-Parallel,NeoN + Julia,128,gpu-nvidia-h100
LDC_N130,2197000,646424,Cell-Based,CPU-Parallel,NeoN + Julia,128,gpu-nvidia-h100
LDC_N140,2744000,2549468,Cell-Based,CPU-Parallel,NeoN,1,gpu-nvidia-h100
LDC_N140,2744000,2550308,Cell-Based,CPU-Parallel,NeoN,1,gpu-nvidia-h100
LDC_N140,2744000,2549767,Cell-Based,CPU-Parallel,NeoN,1,gpu-nvidia-h100
LDC_N140,2744000,734770,Cell-Based,CPU-Parallel,NeoN + Julia,1,gpu-nvidia-h100
LDC_N140,2744000,718361,Cell-Based,CPU-Parallel,NeoN + Julia,1,gpu-nvidia-h100
LDC_N140,2744000,725301,Cell-Based,CPU-Parallel,NeoN + Julia,1,gpu-nvidia-h100
LDC_N280,21952000,18996571,Cell-Based,CPU-Parallel,NeoN,128,gpu-nvidia-h200
LDC_N280,21952000,19052487,Cell-Based,CPU-Parallel,NeoN,128,gpu-nvidia-h200
LDC_N280,21952000,19085815,Cell-Based,CPU-Parallel,NeoN,128,gpu-nvidia-h200
LDC_N280,21952000,4044063,Cell-Based,CPU-Parallel,NeoN,128,gpu-nvidia-h200
LDC_N280,21952000,4124093,Cell-Based,CPU-Parallel,NeoN,128,gpu-nvidia-h200
LDC_N280,21952000,3992051,Cell-Based,CPU-Parallel,NeoN,128,gpu-nvidia-h200
LDC_N140,2744000,2622360,Cell-Based,CPU-Parallel,NeoN,2,gpu-nvidia-h100
LDC_N140,2744000,2602247,Cell-Based,CPU-Parallel,NeoN,2,gpu-nvidia-h100
LDC_N140,2744000,2597311,Cell-Based,CPU-Parallel,NeoN,2,gpu-nvidia-h100
LDC_N140,2744000,593250,Cell-Based,CPU-Parallel,NeoN + Julia,2,gpu-nvidia-h100
LDC_N140,2744000,593612,Cell-Based,CPU-Parallel,NeoN + Julia,2,gpu-nvidia-h100
LDC_N140,2744000,626311,Cell-Based,CPU-Parallel,NeoN + Julia,2,gpu-nvidia-h100
LDC_N140,2744000,2598155,Cell-Based,CPU-Parallel,NeoN,4,gpu-nvidia-h100
LDC_N140,2744000,2621014,Cell-Based,CPU-Parallel,NeoN,4,gpu-nvidia-h100
LDC_N140,2744000,2585275,Cell-Based,CPU-Parallel,NeoN,4,gpu-nvidia-h100
LDC_N140,2744000,640402,Cell-Based,CPU-Parallel,NeoN + Julia,4,gpu-nvidia-h100
LDC_N140,2744000,649480,Cell-Based,CPU-Parallel,NeoN + Julia,4,gpu-nvidia-h100
LDC_N140,2744000,642311,Cell-Based,CPU-Parallel,NeoN + Julia,4,gpu-nvidia-h100
LDC_N140,2744000,2599296,Cell-Based,CPU-Parallel,NeoN,8,gpu-nvidia-h100
LDC_N140,2744000,2605762,Cell-Based,CPU-Parallel,NeoN,8,gpu-nvidia-h100
LDC_N140,2744000,2578050,Cell-Based,CPU-Parallel,NeoN,8,gpu-nvidia-h100
LDC_N140,2744000,651748,Cell-Based,CPU-Parallel,NeoN + Julia,8,gpu-nvidia-h100
LDC_N140,2744000,649188,Cell-Based,CPU-Parallel,NeoN + Julia,8,gpu-nvidia-h100
LDC_N140,2744000,606764,Cell-Based,CPU-Parallel,NeoN + Julia,8,gpu-nvidia-h100
LDC_N140,2744000,2622869,Cell-Based,CPU-Parallel,NeoN,16,gpu-nvidia-h100
LDC_N140,2744000,2564588,Cell-Based,CPU-Parallel,NeoN,16,gpu-nvidia-h100
LDC_N140,2744000,2586337,Cell-Based,CPU-Parallel,NeoN,16,gpu-nvidia-h100
LDC_N140,2744000,609140,Cell-Based,CPU-Parallel,NeoN + Julia,16,gpu-nvidia-h100
LDC_N140,2744000,809903,Cell-Based,CPU-Parallel,NeoN + Julia,16,gpu-nvidia-h100
LDC_N140,2744000,758840,Cell-Based,CPU-Parallel,NeoN + Julia,16,gpu-nvidia-h100
LDC_N140,2744000,2570353,Cell-Based,CPU-Parallel,NeoN,32,gpu-nvidia-h100
LDC_N140,2744000,2589696,Cell-Based,CPU-Parallel,NeoN,32,gpu-nvidia-h100
LDC_N140,2744000,2606894,Cell-Based,CPU-Parallel,NeoN,32,gpu-nvidia-h100
LDC_N140,2744000,785696,Cell-Based,CPU-Parallel,NeoN + Julia,32,gpu-nvidia-h100
LDC_N140,2744000,741410,Cell-Based,CPU-Parallel,NeoN + Julia,32,gpu-nvidia-h100
LDC_N140,2744000,655386,Cell-Based,CPU-Parallel,NeoN + Julia,32,gpu-nvidia-h100
LDC_N140,2744000,2550522,Cell-Based,CPU-Parallel,NeoN,64,gpu-nvidia-h100
LDC_N140,2744000,2541582,Cell-Based,CPU-Parallel,NeoN,64,gpu-nvidia-h100
LDC_N140,2744000,2559239,Cell-Based,CPU-Parallel,NeoN,64,gpu-nvidia-h100
LDC_N140,2744000,778394,Cell-Based,CPU-Parallel,NeoN + Julia,64,gpu-nvidia-h100
LDC_N140,2744000,866028,Cell-Based,CPU-Parallel,NeoN + Julia,64,gpu-nvidia-h100
LDC_N140,2744000,880545,Cell-Based,CPU-Parallel,NeoN + Julia,64,gpu-nvidia-h100
LDC_N140,2744000,2554635,Cell-Based,CPU-Parallel,NeoN,128,gpu-nvidia-h100
LDC_N140,2744000,2557069,Cell-Based,CPU-Parallel,NeoN,128,gpu-nvidia-h100
LDC_N140,2744000,2558510,Cell-Based,CPU-Parallel,NeoN,128,gpu-nvidia-h100
LDC_N140,2744000,893682,Cell-Based,CPU-Parallel,NeoN + Julia,128,gpu-nvidia-h100
LDC_N140,2744000,805634,Cell-Based,CPU-Parallel,NeoN + Julia,128,gpu-nvidia-h100
LDC_N140,2744000,814514,Cell-Based,CPU-Parallel,NeoN + Julia,128,gpu-nvidia-h100
LDC_N150,3375000,3123993,Cell-Based,CPU-Parallel,NeoN,1,gpu-nvidia-h100
LDC_N150,3375000,3119713,Cell-Based,CPU-Parallel,NeoN,1,gpu-nvidia-h100
LDC_N150,3375000,3125801,Cell-Based,CPU-Parallel,NeoN,1,gpu-nvidia-h100
LDC_N150,3375000,884695,Cell-Based,CPU-Parallel,NeoN + Julia,1,gpu-nvidia-h100
LDC_N150,3375000,900659,Cell-Based,CPU-Parallel,NeoN + Julia,1,gpu-nvidia-h100
LDC_N150,3375000,904650,Cell-Based,CPU-Parallel,NeoN + Julia,1,gpu-nvidia-h100
LDC_N300,27000000,23473648,Cell-Based,CPU-Parallel,NeoN,1,gpu-nvidia-h200
LDC_N300,27000000,23420262,Cell-Based,CPU-Parallel,NeoN,1,gpu-nvidia-h200
LDC_N300,27000000,23514390,Cell-Based,CPU-Parallel,NeoN,1,gpu-nvidia-h200
LDC_N300,27000000,6612033,Cell-Based,CPU-Parallel,NeoN,1,gpu-nvidia-h200
LDC_N300,27000000,6599722,Cell-Based,CPU-Parallel,NeoN,1,gpu-nvidia-h200
LDC_N300,27000000,6610792,Cell-Based,CPU-Parallel,NeoN,1,gpu-nvidia-h200
LDC_N150,3375000,3187216,Cell-Based,CPU-Parallel,NeoN,2,gpu-nvidia-h100
LDC_N150,3375000,3189224,Cell-Based,CPU-Parallel,NeoN,2,gpu-nvidia-h100
LDC_N150,3375000,3211260,Cell-Based,CPU-Parallel,NeoN,2,gpu-nvidia-h100
LDC_N150,3375000,761734,Cell-Based,CPU-Parallel,NeoN + Julia,2,gpu-nvidia-h100
LDC_N150,3375000,733733,Cell-Based,CPU-Parallel,NeoN + Julia,2,gpu-nvidia-h100
LDC_N150,3375000,749829,Cell-Based,CPU-Parallel,NeoN + Julia,2,gpu-nvidia-h100
LDC_N150,3375000,3174811,Cell-Based,CPU-Parallel,NeoN,4,gpu-nvidia-h100
LDC_N150,3375000,3173584,Cell-Based,CPU-Parallel,NeoN,4,gpu-nvidia-h100
LDC_N150,3375000,3203002,Cell-Based,CPU-Parallel,NeoN,4,gpu-nvidia-h100
LDC_N150,3375000,746979,Cell-Based,CPU-Parallel,NeoN + Julia,4,gpu-nvidia-h100
LDC_N150,3375000,759690,Cell-Based,CPU-Parallel,NeoN + Julia,4,gpu-nvidia-h100
LDC_N150,3375000,760605,Cell-Based,CPU-Parallel,NeoN + Julia,4,gpu-nvidia-h100
LDC_N150,3375000,3199736,Cell-Based,CPU-Parallel,NeoN,8,gpu-nvidia-h100
LDC_N150,3375000,3218699,Cell-Based,CPU-Parallel,NeoN,8,gpu-nvidia-h100
LDC_N150,3375000,3169606,Cell-Based,CPU-Parallel,NeoN,8,gpu-nvidia-h100
LDC_N150,3375000,773433,Cell-Based,CPU-Parallel,NeoN + Julia,8,gpu-nvidia-h100
LDC_N150,3375000,740299,Cell-Based,CPU-Parallel,NeoN + Julia,8,gpu-nvidia-h100
LDC_N150,3375000,764596,Cell-Based,CPU-Parallel,NeoN + Julia,8,gpu-nvidia-h100
LDC_N150,3375000,3156599,Cell-Based,CPU-Parallel,NeoN,16,gpu-nvidia-h100
LDC_N150,3375000,3156851,Cell-Based,CPU-Parallel,NeoN,16,gpu-nvidia-h100
LDC_N150,3375000,3147820,Cell-Based,CPU-Parallel,NeoN,16,gpu-nvidia-h100
LDC_N150,3375000,834069,Cell-Based,CPU-Parallel,NeoN + Julia,16,gpu-nvidia-h100
LDC_N150,3375000,832663,Cell-Based,CPU-Parallel,NeoN + Julia,16,gpu-nvidia-h100
LDC_N150,3375000,899451,Cell-Based,CPU-Parallel,NeoN + Julia,16,gpu-nvidia-h100
LDC_N150,3375000,3209911,Cell-Based,CPU-Parallel,NeoN,32,gpu-nvidia-h100
LDC_N150,3375000,3140736,Cell-Based,CPU-Parallel,NeoN,32,gpu-nvidia-h100
LDC_N150,3375000,3172644,Cell-Based,CPU-Parallel,NeoN,32,gpu-nvidia-h100
LDC_N150,3375000,858994,Cell-Based,CPU-Parallel,NeoN + Julia,32,gpu-nvidia-h100
LDC_N150,3375000,817203,Cell-Based,CPU-Parallel,NeoN + Julia,32,gpu-nvidia-h100
LDC_N150,3375000,1106467,Cell-Based,CPU-Parallel,NeoN + Julia,32,gpu-nvidia-h100
LDC_N150,3375000,3185961,Cell-Based,CPU-Parallel,NeoN,64,gpu-nvidia-h100
LDC_N150,3375000,3146204,Cell-Based,CPU-Parallel,NeoN,64,gpu-nvidia-h100
LDC_N150,3375000,3136270,Cell-Based,CPU-Parallel,NeoN,64,gpu-nvidia-h100
LDC_N150,3375000,839999,Cell-Based,CPU-Parallel,NeoN + Julia,64,gpu-nvidia-h100
LDC_N150,3375000,977844,Cell-Based,CPU-Parallel,NeoN + Julia,64,gpu-nvidia-h100
LDC_N150,3375000,998615,Cell-Based,CPU-Parallel,NeoN + Julia,64,gpu-nvidia-h100
LDC_N300,27000000,23463080,Cell-Based,CPU-Parallel,NeoN,2,gpu-nvidia-h200
LDC_N300,27000000,23263732,Cell-Based,CPU-Parallel,NeoN,2,gpu-nvidia-h200
LDC_N300,27000000,23234264,Cell-Based,CPU-Parallel,NeoN,2,gpu-nvidia-h200
LDC_N300,27000000,4689901,Cell-Based,CPU-Parallel,NeoN,2,gpu-nvidia-h200
LDC_N300,27000000,4711418,Cell-Based,CPU-Parallel,NeoN,2,gpu-nvidia-h200
LDC_N300,27000000,4709437,Cell-Based,CPU-Parallel,NeoN,2,gpu-nvidia-h200
LDC_N150,3375000,3131312,Cell-Based,CPU-Parallel,NeoN,128,gpu-nvidia-h100
LDC_N150,3375000,3131351,Cell-Based,CPU-Parallel,NeoN,128,gpu-nvidia-h100
LDC_N150,3375000,3134216,Cell-Based,CPU-Parallel,NeoN,128,gpu-nvidia-h100
LDC_N150,3375000,805231,Cell-Based,CPU-Parallel,NeoN + Julia,128,gpu-nvidia-h100
LDC_N150,3375000,939425,Cell-Based,CPU-Parallel,NeoN + Julia,128,gpu-nvidia-h100
LDC_N150,3375000,886365,Cell-Based,CPU-Parallel,NeoN + Julia,128,gpu-nvidia-h100
LDC_N160,4096000,3793365,Cell-Based,CPU-Parallel,NeoN,1,gpu-nvidia-h100
LDC_N160,4096000,3798111,Cell-Based,CPU-Parallel,NeoN,1,gpu-nvidia-h100
LDC_N160,4096000,3798183,Cell-Based,CPU-Parallel,NeoN,1,gpu-nvidia-h100
LDC_N160,4096000,1080507,Cell-Based,CPU-Parallel,NeoN + Julia,1,gpu-nvidia-h100
LDC_N160,4096000,1081831,Cell-Based,CPU-Parallel,NeoN + Julia,1,gpu-nvidia-h100
LDC_N160,4096000,1070494,Cell-Based,CPU-Parallel,NeoN + Julia,1,gpu-nvidia-h100
LDC_N160,4096000,3825356,Cell-Based,CPU-Parallel,NeoN,2,gpu-nvidia-h100
LDC_N160,4096000,3835042,Cell-Based,CPU-Parallel,NeoN,2,gpu-nvidia-h100
LDC_N160,4096000,3832966,Cell-Based,CPU-Parallel,NeoN,2,gpu-nvidia-h100
LDC_N160,4096000,879094,Cell-Based,CPU-Parallel,NeoN + Julia,2,gpu-nvidia-h100
LDC_N160,4096000,877672,Cell-Based,CPU-Parallel,NeoN + Julia,2,gpu-nvidia-h100
LDC_N160,4096000,839028,Cell-Based,CPU-Parallel,NeoN + Julia,2,gpu-nvidia-h100
LDC_N160,4096000,3839881,Cell-Based,CPU-Parallel,NeoN,4,gpu-nvidia-h100
LDC_N160,4096000,3856294,Cell-Based,CPU-Parallel,NeoN,4,gpu-nvidia-h100
LDC_N160,4096000,3849835,Cell-Based,CPU-Parallel,NeoN,4,gpu-nvidia-h100
LDC_N160,4096000,897143,Cell-Based,CPU-Parallel,NeoN + Julia,4,gpu-nvidia-h100
LDC_N160,4096000,884268,Cell-Based,CPU-Parallel,NeoN + Julia,4,gpu-nvidia-h100
LDC_N160,4096000,847259,Cell-Based,CPU-Parallel,NeoN + Julia,4,gpu-nvidia-h100
LDC_N160,4096000,3821362,Cell-Based,CPU-Parallel,NeoN,8,gpu-nvidia-h100
LDC_N160,4096000,3824228,Cell-Based,CPU-Parallel,NeoN,8,gpu-nvidia-h100
LDC_N160,4096000,3829021,Cell-Based,CPU-Parallel,NeoN,8,gpu-nvidia-h100
LDC_N160,4096000,1123227,Cell-Based,CPU-Parallel,NeoN + Julia,8,gpu-nvidia-h100
LDC_N160,4096000,1068421,Cell-Based,CPU-Parallel,NeoN + Julia,8,gpu-nvidia-h100
LDC_N160,4096000,1073612,Cell-Based,CPU-Parallel,NeoN + Julia,8,gpu-nvidia-h100
LDC_N300,27000000,23305160,Cell-Based,CPU-Parallel,NeoN,4,gpu-nvidia-h200
LDC_N300,27000000,23295884,Cell-Based,CPU-Parallel,NeoN,4,gpu-nvidia-h200
LDC_N300,27000000,23324082,Cell-Based,CPU-Parallel,NeoN,4,gpu-nvidia-h200
LDC_N300,27000000,4572684,Cell-Based,CPU-Parallel,NeoN,4,gpu-nvidia-h200
LDC_N300,27000000,4545966,Cell-Based,CPU-Parallel,NeoN,4,gpu-nvidia-h200
LDC_N300,27000000,4617649,Cell-Based,CPU-Parallel,NeoN,4,gpu-nvidia-h200
LDC_N160,4096000,3877904,Cell-Based,CPU-Parallel,NeoN,16,gpu-nvidia-h100
LDC_N160,4096000,3820837,Cell-Based,CPU-Parallel,NeoN,16,gpu-nvidia-h100
LDC_N160,4096000,3878336,Cell-Based,CPU-Parallel,NeoN,16,gpu-nvidia-h100
LDC_N160,4096000,861924,Cell-Based,CPU-Parallel,NeoN + Julia,16,gpu-nvidia-h100
LDC_N160,4096000,837481,Cell-Based,CPU-Parallel,NeoN + Julia,16,gpu-nvidia-h100
LDC_N160,4096000,811235,Cell-Based,CPU-Parallel,NeoN + Julia,16,gpu-nvidia-h100
LDC_N160,4096000,3826490,Cell-Based,CPU-Parallel,NeoN,32,gpu-nvidia-h100
LDC_N160,4096000,3828168,Cell-Based,CPU-Parallel,NeoN,32,gpu-nvidia-h100
LDC_N160,4096000,3824034,Cell-Based,CPU-Parallel,NeoN,32,gpu-nvidia-h100
LDC_N160,4096000,954479,Cell-Based,CPU-Parallel,NeoN + Julia,32,gpu-nvidia-h100
LDC_N160,4096000,962726,Cell-Based,CPU-Parallel,NeoN + Julia,32,gpu-nvidia-h100
LDC_N160,4096000,1016900,Cell-Based,CPU-Parallel,NeoN + Julia,32,gpu-nvidia-h100
LDC_N160,4096000,3841848,Cell-Based,CPU-Parallel,NeoN,64,gpu-nvidia-h100
LDC_N160,4096000,3831544,Cell-Based,CPU-Parallel,NeoN,64,gpu-nvidia-h100
LDC_N160,4096000,3807710,Cell-Based,CPU-Parallel,NeoN,64,gpu-nvidia-h100
LDC_N160,4096000,896026,Cell-Based,CPU-Parallel,NeoN + Julia,64,gpu-nvidia-h100
LDC_N160,4096000,1165190,Cell-Based,CPU-Parallel,NeoN + Julia,64,gpu-nvidia-h100
LDC_N160,4096000,1158217,Cell-Based,CPU-Parallel,NeoN + Julia,64,gpu-nvidia-h100
LDC_N160,4096000,3789145,Cell-Based,CPU-Parallel,NeoN,128,gpu-nvidia-h100
LDC_N160,4096000,3791420,Cell-Based,CPU-Parallel,NeoN,128,gpu-nvidia-h100
LDC_N160,4096000,3791993,Cell-Based,CPU-Parallel,NeoN,128,gpu-nvidia-h100
LDC_N160,4096000,1152808,Cell-Based,CPU-Parallel,NeoN + Julia,128,gpu-nvidia-h100
LDC_N160,4096000,1187976,Cell-Based,CPU-Parallel,NeoN + Julia,128,gpu-nvidia-h100
LDC_N160,4096000,1177490,Cell-Based,CPU-Parallel,NeoN + Julia,128,gpu-nvidia-h100
LDC_N170,4913000,4541909,Cell-Based,CPU-Parallel,NeoN,1,gpu-nvidia-h100
LDC_N170,4913000,4548391,Cell-Based,CPU-Parallel,NeoN,1,gpu-nvidia-h100
LDC_N170,4913000,4547548,Cell-Based,CPU-Parallel,NeoN,1,gpu-nvidia-h100
LDC_N170,4913000,1283917,Cell-Based,CPU-Parallel,NeoN + Julia,1,gpu-nvidia-h100
LDC_N170,4913000,1279494,Cell-Based,CPU-Parallel,NeoN + Julia,1,gpu-nvidia-h100
LDC_N170,4913000,1269525,Cell-Based,CPU-Parallel,NeoN + Julia,1,gpu-nvidia-h100
LDC_N300,27000000,23441078,Cell-Based,CPU-Parallel,NeoN,8,gpu-nvidia-h200
LDC_N300,27000000,23311078,Cell-Based,CPU-Parallel,NeoN,8,gpu-nvidia-h200
LDC_N300,27000000,23245817,Cell-Based,CPU-Parallel,NeoN,8,gpu-nvidia-h200
LDC_N300,27000000,4395836,Cell-Based,CPU-Parallel,NeoN,8,gpu-nvidia-h200
LDC_N300,27000000,4359895,Cell-Based,CPU-Parallel,NeoN,8,gpu-nvidia-h200
LDC_N300,27000000,4398761,Cell-Based,CPU-Parallel,NeoN,8,gpu-nvidia-h200
LDC_N170,4913000,4635247,Cell-Based,CPU-Parallel,NeoN,2,gpu-nvidia-h100
LDC_N170,4913000,4627364,Cell-Based,CPU-Parallel,NeoN,2,gpu-nvidia-h100
LDC_N170,4913000,4619205,Cell-Based,CPU-Parallel,NeoN,2,gpu-nvidia-h100
LDC_N170,4913000,1023955,Cell-Based,CPU-Parallel,NeoN + Julia,2,gpu-nvidia-h100
LDC_N170,4913000,1000806,Cell-Based,CPU-Parallel,NeoN + Julia,2,gpu-nvidia-h100
LDC_N170,4913000,1038118,Cell-Based,CPU-Parallel,NeoN + Julia,2,gpu-nvidia-h100
LDC_N170,4913000,4589335,Cell-Based,CPU-Parallel,NeoN,4,gpu-nvidia-h100
LDC_N170,4913000,4583287,Cell-Based,CPU-Parallel,NeoN,4,gpu-nvidia-h100
LDC_N170,4913000,4563136,Cell-Based,CPU-Parallel,NeoN,4,gpu-nvidia-h100
LDC_N170,4913000,1013284,Cell-Based,CPU-Parallel,NeoN + Julia,4,gpu-nvidia-h100
LDC_N170,4913000,1002132,Cell-Based,CPU-Parallel,NeoN + Julia,4,gpu-nvidia-h100
LDC_N170,4913000,1027835,Cell-Based,CPU-Parallel,NeoN + Julia,4,gpu-nvidia-h100
LDC_N170,4913000,4586297,Cell-Based,CPU-Parallel,NeoN,8,gpu-nvidia-h100
LDC_N170,4913000,4588881,Cell-Based,CPU-Parallel,NeoN,8,gpu-nvidia-h100
LDC_N170,4913000,4584970,Cell-Based,CPU-Parallel,NeoN,8,gpu-nvidia-h100
LDC_N170,4913000,998065,Cell-Based,CPU-Parallel,NeoN + Julia,8,gpu-nvidia-h100
LDC_N170,4913000,1039334,Cell-Based,CPU-Parallel,NeoN + Julia,8,gpu-nvidia-h100
LDC_N170,4913000,1008620,Cell-Based,CPU-Parallel,NeoN + Julia,8,gpu-nvidia-h100
LDC_N170,4913000,4594590,Cell-Based,CPU-Parallel,NeoN,16,gpu-nvidia-h100
LDC_N170,4913000,4584278,Cell-Based,CPU-Parallel,NeoN,16,gpu-nvidia-h100
LDC_N170,4913000,4572064,Cell-Based,CPU-Parallel,NeoN,16,gpu-nvidia-h100
LDC_N170,4913000,1035489,Cell-Based,CPU-Parallel,NeoN + Julia,16,gpu-nvidia-h100
LDC_N170,4913000,999665,Cell-Based,CPU-Parallel,NeoN + Julia,16,gpu-nvidia-h100
LDC_N170,4913000,988125,Cell-Based,CPU-Parallel,NeoN + Julia,16,gpu-nvidia-h100
LDC_N300,27000000,23395167,Cell-Based,CPU-Parallel,NeoN,16,gpu-nvidia-h200
LDC_N300,27000000,23404998,Cell-Based,CPU-Parallel,NeoN,16,gpu-nvidia-h200
LDC_N300,27000000,23325408,Cell-Based,CPU-Parallel,NeoN,16,gpu-nvidia-h200
LDC_N300,27000000,4192703,Cell-Based,CPU-Parallel,NeoN,16,gpu-nvidia-h200
LDC_N300,27000000,4210420,Cell-Based,CPU-Parallel,NeoN,16,gpu-nvidia-h200
LDC_N300,27000000,4184202,Cell-Based,CPU-Parallel,NeoN,16,gpu-nvidia-h200
LDC_N170,4913000,4592431,Cell-Based,CPU-Parallel,NeoN,32,gpu-nvidia-h100
LDC_N170,4913000,4588897,Cell-Based,CPU-Parallel,NeoN,32,gpu-nvidia-h100
LDC_N170,4913000,4561648,Cell-Based,CPU-Parallel,NeoN,32,gpu-nvidia-h100
LDC_N170,4913000,1117663,Cell-Based,CPU-Parallel,NeoN + Julia,32,gpu-nvidia-h100
LDC_N170,4913000,1241334,Cell-Based,CPU-Parallel,NeoN + Julia,32,gpu-nvidia-h100
LDC_N170,4913000,1492721,Cell-Based,CPU-Parallel,NeoN + Julia,32,gpu-nvidia-h100
LDC_N170,4913000,4526001,Cell-Based,CPU-Parallel,NeoN,64,gpu-nvidia-h100
LDC_N170,4913000,4526096,Cell-Based,CPU-Parallel,NeoN,64,gpu-nvidia-h100
LDC_N170,4913000,4526308,Cell-Based,CPU-Parallel,NeoN,64,gpu-nvidia-h100
LDC_N170,4913000,1083179,Cell-Based,CPU-Parallel,NeoN + Julia,64,gpu-nvidia-h100
LDC_N170,4913000,1359491,Cell-Based,CPU-Parallel,NeoN + Julia,64,gpu-nvidia-h100
LDC_N170,4913000,1319248,Cell-Based,CPU-Parallel,NeoN + Julia,64,gpu-nvidia-h100
LDC_N170,4913000,4553483,Cell-Based,CPU-Parallel,NeoN,128,gpu-nvidia-h100
LDC_N170,4913000,4551986,Cell-Based,CPU-Parallel,NeoN,128,gpu-nvidia-h100
LDC_N170,4913000,4554385,Cell-Based,CPU-Parallel,NeoN,128,gpu-nvidia-h100
LDC_N170,4913000,1165032,Cell-Based,CPU-Parallel,NeoN + Julia,128,gpu-nvidia-h100
LDC_N170,4913000,1485141,Cell-Based,CPU-Parallel,NeoN + Julia,128,gpu-nvidia-h100
LDC_N170,4913000,1387745,Cell-Based,CPU-Parallel,NeoN + Julia,128,gpu-nvidia-h100
LDC_N180,5832000,5394858,Cell-Based,CPU-Parallel,NeoN,1,gpu-nvidia-h100
LDC_N180,5832000,5405463,Cell-Based,CPU-Parallel,NeoN,1,gpu-nvidia-h100
LDC_N180,5832000,5407979,Cell-Based,CPU-Parallel,NeoN,1,gpu-nvidia-h100
LDC_N180,5832000,1517144,Cell-Based,CPU-Parallel,NeoN + Julia,1,gpu-nvidia-h100
LDC_N180,5832000,1526327,Cell-Based,CPU-Parallel,NeoN + Julia,1,gpu-nvidia-h100
LDC_N180,5832000,1531240,Cell-Based,CPU-Parallel,NeoN + Julia,1,gpu-nvidia-h100
LDC_N300,27000000,23219979,Cell-Based,CPU-Parallel,NeoN,32,gpu-nvidia-h200
LDC_N300,27000000,23241770,Cell-Based,CPU-Parallel,NeoN,32,gpu-nvidia-h200
LDC_N300,27000000,23244168,Cell-Based,CPU-Parallel,NeoN,32,gpu-nvidia-h200
LDC_N300,27000000,4400362,Cell-Based,CPU-Parallel,NeoN,32,gpu-nvidia-h200
LDC_N300,27000000,4448130,Cell-Based,CPU-Parallel,NeoN,32,gpu-nvidia-h200
LDC_N300,27000000,4501932,Cell-Based,CPU-Parallel,NeoN,32,gpu-nvidia-h200
LDC_N180,5832000,5436564,Cell-Based,CPU-Parallel,NeoN,2,gpu-nvidia-h100
LDC_N180,5832000,5471856,Cell-Based,CPU-Parallel,NeoN,2,gpu-nvidia-h100
LDC_N180,5832000,5464018,Cell-Based,CPU-Parallel,NeoN,2,gpu-nvidia-h100
LDC_N180,5832000,1240430,Cell-Based,CPU-Parallel,NeoN + Julia,2,gpu-nvidia-h100
LDC_N180,5832000,1222269,Cell-Based,CPU-Parallel,NeoN + Julia,2,gpu-nvidia-h100
LDC_N180,5832000,1192852,Cell-Based,CPU-Parallel,NeoN + Julia,2,gpu-nvidia-h100
LDC_N180,5832000,5470781,Cell-Based,CPU-Parallel,NeoN,4,gpu-nvidia-h100
LDC_N180,5832000,5468162,Cell-Based,CPU-Parallel,NeoN,4,gpu-nvidia-h100
LDC_N180,5832000,5456093,Cell-Based,CPU-Parallel,NeoN,4,gpu-nvidia-h100
LDC_N180,5832000,1173259,Cell-Based,CPU-Parallel,NeoN + Julia,4,gpu-nvidia-h100
LDC_N180,5832000,1182887,Cell-Based,CPU-Parallel,NeoN + Julia,4,gpu-nvidia-h100
LDC_N180,5832000,1200484,Cell-Based,CPU-Parallel,NeoN + Julia,4,gpu-nvidia-h100
LDC_N180,5832000,5455466,Cell-Based,CPU-Parallel,NeoN,8,gpu-nvidia-h100
LDC_N180,5832000,5447555,Cell-Based,CPU-Parallel,NeoN,8,gpu-nvidia-h100
LDC_N180,5832000,5438711,Cell-Based,CPU-Parallel,NeoN,8,gpu-nvidia-h100
LDC_N180,5832000,1206845,Cell-Based,CPU-Parallel,NeoN + Julia,8,gpu-nvidia-h100
LDC_N180,5832000,1213517,Cell-Based,CPU-Parallel,NeoN + Julia,8,gpu-nvidia-h100
LDC_N180,5832000,1201272,Cell-Based,CPU-Parallel,NeoN + Julia,8,gpu-nvidia-h100
LDC_N300,27000000,23237281,Cell-Based,CPU-Parallel,NeoN,64,gpu-nvidia-h200
LDC_N300,27000000,23220933,Cell-Based,CPU-Parallel,NeoN,64,gpu-nvidia-h200
LDC_N300,27000000,23233847,Cell-Based,CPU-Parallel,NeoN,64,gpu-nvidia-h200
LDC_N300,27000000,4598164,Cell-Based,CPU-Parallel,NeoN,64,gpu-nvidia-h200
LDC_N300,27000000,4614793,Cell-Based,CPU-Parallel,NeoN,64,gpu-nvidia-h200
LDC_N300,27000000,4600679,Cell-Based,CPU-Parallel,NeoN,64,gpu-nvidia-h200
LDC_N180,5832000,5425653,Cell-Based,CPU-Parallel,NeoN,16,gpu-nvidia-h100
LDC_N180,5832000,5429693,Cell-Based,CPU-Parallel,NeoN,16,gpu-nvidia-h100
LDC_N180,5832000,5428962,Cell-Based,CPU-Parallel,NeoN,16,gpu-nvidia-h100
LDC_N180,5832000,1662897,Cell-Based,CPU-Parallel,NeoN + Julia,16,gpu-nvidia-h100
LDC_N180,5832000,1600669,Cell-Based,CPU-Parallel,NeoN + Julia,16,gpu-nvidia-h100
LDC_N180,5832000,1709088,Cell-Based,CPU-Parallel,NeoN + Julia,16,gpu-nvidia-h100
LDC_N180,5832000,5424016,Cell-Based,CPU-Parallel,NeoN,32,gpu-nvidia-h100
LDC_N180,5832000,5383798,Cell-Based,CPU-Parallel,NeoN,32,gpu-nvidia-h100
LDC_N180,5832000,5402769,Cell-Based,CPU-Parallel,NeoN,32,gpu-nvidia-h100
LDC_N180,5832000,1317930,Cell-Based,CPU-Parallel,NeoN + Julia,32,gpu-nvidia-h100
LDC_N180,5832000,1653616,Cell-Based,CPU-Parallel,NeoN + Julia,32,gpu-nvidia-h100
LDC_N180,5832000,1729760,Cell-Based,CPU-Parallel,NeoN + Julia,32,gpu-nvidia-h100
LDC_N180,5832000,5456525,Cell-Based,CPU-Parallel,NeoN,64,gpu-nvidia-h100
LDC_N180,5832000,5424071,Cell-Based,CPU-Parallel,NeoN,64,gpu-nvidia-h100
LDC_N180,5832000,5413501,Cell-Based,CPU-Parallel,NeoN,64,gpu-nvidia-h100
LDC_N180,5832000,1219147,Cell-Based,CPU-Parallel,NeoN + Julia,64,gpu-nvidia-h100
LDC_N180,5832000,1599669,Cell-Based,CPU-Parallel,NeoN + Julia,64,gpu-nvidia-h100
LDC_N180,5832000,1632406,Cell-Based,CPU-Parallel,NeoN + Julia,64,gpu-nvidia-h100
LDC_N180,5832000,5407433,Cell-Based,CPU-Parallel,NeoN,128,gpu-nvidia-h100
LDC_N180,5832000,5402359,Cell-Based,CPU-Parallel,NeoN,128,gpu-nvidia-h100
LDC_N180,5832000,5410495,Cell-Based,CPU-Parallel,NeoN,128,gpu-nvidia-h100
LDC_N180,5832000,1727389,Cell-Based,CPU-Parallel,NeoN + Julia,128,gpu-nvidia-h100
LDC_N180,5832000,1570012,Cell-Based,CPU-Parallel,NeoN + Julia,128,gpu-nvidia-h100
LDC_N180,5832000,1482603,Cell-Based,CPU-Parallel,NeoN + Julia,128,gpu-nvidia-h100
LDC_N300,27000000,23251538,Cell-Based,CPU-Parallel,NeoN,128,gpu-nvidia-h200
LDC_N300,27000000,23265822,Cell-Based,CPU-Parallel,NeoN,128,gpu-nvidia-h200
LDC_N300,27000000,23306006,Cell-Based,CPU-Parallel,NeoN,128,gpu-nvidia-h200
LDC_N300,27000000,4945089,Cell-Based,CPU-Parallel,NeoN,128,gpu-nvidia-h200
LDC_N300,27000000,4745904,Cell-Based,CPU-Parallel,NeoN,128,gpu-nvidia-h200
LDC_N300,27000000,4879116,Cell-Based,CPU-Parallel,NeoN,128,gpu-nvidia-h200
LDC_N190,6859000,6322338,Cell-Based,CPU-Parallel,NeoN,1,gpu-nvidia-h100
LDC_N190,6859000,6323839,Cell-Based,CPU-Parallel,NeoN,1,gpu-nvidia-h100
LDC_N190,6859000,6334940,Cell-Based,CPU-Parallel,NeoN,1,gpu-nvidia-h100
LDC_N190,6859000,1759589,Cell-Based,CPU-Parallel,NeoN + Julia,1,gpu-nvidia-h100
LDC_N190,6859000,1773208,Cell-Based,CPU-Parallel,NeoN + Julia,1,gpu-nvidia-h100
LDC_N190,6859000,1766169,Cell-Based,CPU-Parallel,NeoN + Julia,1,gpu-nvidia-h100
LDC_N190,6859000,6448763,Cell-Based,CPU-Parallel,NeoN,2,gpu-nvidia-h100
LDC_N190,6859000,6430977,Cell-Based,CPU-Parallel,NeoN,2,gpu-nvidia-h100
LDC_N190,6859000,6424877,Cell-Based,CPU-Parallel,NeoN,2,gpu-nvidia-h100
LDC_N190,6859000,1441885,Cell-Based,CPU-Parallel,NeoN + Julia,2,gpu-nvidia-h100
LDC_N190,6859000,1417758,Cell-Based,CPU-Parallel,NeoN + Julia,2,gpu-nvidia-h100
LDC_N190,6859000,1435230,Cell-Based,CPU-Parallel,NeoN + Julia,2,gpu-nvidia-h100
LDC_N190,6859000,6428314,Cell-Based,CPU-Parallel,NeoN,4,gpu-nvidia-h100
LDC_N190,6859000,6440448,Cell-Based,CPU-Parallel,NeoN,4,gpu-nvidia-h100
LDC_N190,6859000,6402903,Cell-Based,CPU-Parallel,NeoN,4,gpu-nvidia-h100
LDC_N190,6859000,1760510,Cell-Based,CPU-Parallel,NeoN + Julia,4,gpu-nvidia-h100
LDC_N190,6859000,1797424,Cell-Based,CPU-Parallel,NeoN + Julia,4,gpu-nvidia-h100
LDC_N190,6859000,1761593,Cell-Based,CPU-Parallel,NeoN + Julia,4,gpu-nvidia-h100
LDC_N190,6859000,6350079,Cell-Based,CPU-Parallel,NeoN,8,gpu-nvidia-h100
LDC_N190,6859000,6367316,Cell-Based,CPU-Parallel,NeoN,8,gpu-nvidia-h100
LDC_N190,6859000,6389061,Cell-Based,CPU-Parallel,NeoN,8,gpu-nvidia-h100
LDC_N190,6859000,1388211,Cell-Based,CPU-Parallel,NeoN + Julia,8,gpu-nvidia-h100
LDC_N190,6859000,1370895,Cell-Based,CPU-Parallel,NeoN + Julia,8,gpu-nvidia-h100
LDC_N190,6859000,1392379,Cell-Based,CPU-Parallel,NeoN + Julia,8,gpu-nvidia-h100
LDC_N320,32768000,28393583,Cell-Based,CPU-Parallel,NeoN,1,gpu-nvidia-h200
LDC_N320,32768000,28232660,Cell-Based,CPU-Parallel,NeoN,1,gpu-nvidia-h200
LDC_N320,32768000,28255673,Cell-Based,CPU-Parallel,NeoN,1,gpu-nvidia-h200
LDC_N320,32768000,7993134,Cell-Based,CPU-Parallel,NeoN,1,gpu-nvidia-h200
LDC_N320,32768000,7987263,Cell-Based,CPU-Parallel,NeoN,1,gpu-nvidia-h200
LDC_N320,32768000,7984106,Cell-Based,CPU-Parallel,NeoN,1,gpu-nvidia-h200
LDC_N190,6859000,6368968,Cell-Based,CPU-Parallel,NeoN,16,gpu-nvidia-h100
LDC_N190,6859000,6399717,Cell-Based,CPU-Parallel,NeoN,16,gpu-nvidia-h100
LDC_N190,6859000,6412325,Cell-Based,CPU-Parallel,NeoN,16,gpu-nvidia-h100
LDC_N190,6859000,1330093,Cell-Based,CPU-Parallel,NeoN + Julia,16,gpu-nvidia-h100
LDC_N190,6859000,1403041,Cell-Based,CPU-Parallel,NeoN + Julia,16,gpu-nvidia-h100
LDC_N190,6859000,1432980,Cell-Based,CPU-Parallel,NeoN + Julia,16,gpu-nvidia-h100
LDC_N190,6859000,6387296,Cell-Based,CPU-Parallel,NeoN,32,gpu-nvidia-h100
LDC_N190,6859000,6403796,Cell-Based,CPU-Parallel,NeoN,32,gpu-nvidia-h100
LDC_N190,6859000,6378575,Cell-Based,CPU-Parallel,NeoN,32,gpu-nvidia-h100
LDC_N190,6859000,1532249,Cell-Based,CPU-Parallel,NeoN + Julia,32,gpu-nvidia-h100
LDC_N190,6859000,1907523,Cell-Based,CPU-Parallel,NeoN + Julia,32,gpu-nvidia-h100
LDC_N190,6859000,1843556,Cell-Based,CPU-Parallel,NeoN + Julia,32,gpu-nvidia-h100
LDC_N190,6859000,6404608,Cell-Based,CPU-Parallel,NeoN,64,gpu-nvidia-h100
LDC_N190,6859000,6423701,Cell-Based,CPU-Parallel,NeoN,64,gpu-nvidia-h100
LDC_N190,6859000,6365030,Cell-Based,CPU-Parallel,NeoN,64,gpu-nvidia-h100
LDC_N190,6859000,1337061,Cell-Based,CPU-Parallel,NeoN + Julia,64,gpu-nvidia-h100
LDC_N190,6859000,1884918,Cell-Based,CPU-Parallel,NeoN + Julia,64,gpu-nvidia-h100
LDC_N190,6859000,1896306,Cell-Based,CPU-Parallel,NeoN + Julia,64,gpu-nvidia-h100
LDC_N320,32768000,28500838,Cell-Based,CPU-Parallel,NeoN,2,gpu-nvidia-h200
LDC_N320,32768000,28383667,Cell-Based,CPU-Parallel,NeoN,2,gpu-nvidia-h200
LDC_N320,32768000,28201121,Cell-Based,CPU-Parallel,NeoN,2,gpu-nvidia-h200
LDC_N320,32768000,5764511,Cell-Based,CPU-Parallel,NeoN,2,gpu-nvidia-h200
LDC_N320,32768000,5756951,Cell-Based,CPU-Parallel,NeoN,2,gpu-nvidia-h200
LDC_N320,32768000,5766257,Cell-Based,CPU-Parallel,NeoN,2,gpu-nvidia-h200
LDC_N190,6859000,6347904,Cell-Based,CPU-Parallel,NeoN,128,gpu-nvidia-h100
LDC_N190,6859000,6352730,Cell-Based,CPU-Parallel,NeoN,128,gpu-nvidia-h100
LDC_N190,6859000,6441852,Cell-Based,CPU-Parallel,NeoN,128,gpu-nvidia-h100
LDC_N190,6859000,1425007,Cell-Based,CPU-Parallel,NeoN + Julia,128,gpu-nvidia-h100
LDC_N190,6859000,1790160,Cell-Based,CPU-Parallel,NeoN + Julia,128,gpu-nvidia-h100
LDC_N190,6859000,1878922,Cell-Based,CPU-Parallel,NeoN + Julia,128,gpu-nvidia-h100
LDC_N200,8000000,7427955,Cell-Based,CPU-Parallel,NeoN,1,gpu-nvidia-h100
LDC_N200,8000000,7417331,Cell-Based,CPU-Parallel,NeoN,1,gpu-nvidia-h100
LDC_N200,8000000,7431575,Cell-Based,CPU-Parallel,NeoN,1,gpu-nvidia-h100
LDC_N200,8000000,2091455,Cell-Based,CPU-Parallel,NeoN + Julia,1,gpu-nvidia-h100
LDC_N200,8000000,2068543,Cell-Based,CPU-Parallel,NeoN + Julia,1,gpu-nvidia-h100
LDC_N200,8000000,2082640,Cell-Based,CPU-Parallel,NeoN + Julia,1,gpu-nvidia-h100
LDC_N200,8000000,7467648,Cell-Based,CPU-Parallel,NeoN,2,gpu-nvidia-h100
LDC_N200,8000000,7504152,Cell-Based,CPU-Parallel,NeoN,2,gpu-nvidia-h100
LDC_N200,8000000,7529009,Cell-Based,CPU-Parallel,NeoN,2,gpu-nvidia-h100
LDC_N200,8000000,1653383,Cell-Based,CPU-Parallel,NeoN + Julia,2,gpu-nvidia-h100
LDC_N200,8000000,1642743,Cell-Based,CPU-Parallel,NeoN + Julia,2,gpu-nvidia-h100
LDC_N200,8000000,1647538,Cell-Based,CPU-Parallel,NeoN + Julia,2,gpu-nvidia-h100
LDC_N200,8000000,7442272,Cell-Based,CPU-Parallel,NeoN,4,gpu-nvidia-h100
LDC_N200,8000000,7442472,Cell-Based,CPU-Parallel,NeoN,4,gpu-nvidia-h100
LDC_N200,8000000,7463492,Cell-Based,CPU-Parallel,NeoN,4,gpu-nvidia-h100
LDC_N200,8000000,1550630,Cell-Based,CPU-Parallel,NeoN + Julia,4,gpu-nvidia-h100
LDC_N200,8000000,1596367,Cell-Based,CPU-Parallel,NeoN + Julia,4,gpu-nvidia-h100
LDC_N200,8000000,2127734,Cell-Based,CPU-Parallel,NeoN + Julia,4,gpu-nvidia-h100
LDC_N320,32768000,28178533,Cell-Based,CPU-Parallel,NeoN,4,gpu-nvidia-h200
LDC_N320,32768000,28191532,Cell-Based,CPU-Parallel,NeoN,4,gpu-nvidia-h200
LDC_N320,32768000,28214215,Cell-Based,CPU-Parallel,NeoN,4,gpu-nvidia-h200
LDC_N320,32768000,5715106,Cell-Based,CPU-Parallel,NeoN,4,gpu-nvidia-h200
LDC_N320,32768000,5718976,Cell-Based,CPU-Parallel,NeoN,4,gpu-nvidia-h200
LDC_N320,32768000,5742525,Cell-Based,CPU-Parallel,NeoN,4,gpu-nvidia-h200
LDC_N200,8000000,7451591,Cell-Based,CPU-Parallel,NeoN,8,gpu-nvidia-h100
LDC_N200,8000000,7451438,Cell-Based,CPU-Parallel,NeoN,8,gpu-nvidia-h100
LDC_N200,8000000,7442070,Cell-Based,CPU-Parallel,NeoN,8,gpu-nvidia-h100
LDC_N200,8000000,1562682,Cell-Based,CPU-Parallel,NeoN + Julia,8,gpu-nvidia-h100
LDC_N200,8000000,2106073,Cell-Based,CPU-Parallel,NeoN + Julia,8,gpu-nvidia-h100
LDC_N200,8000000,1985565,Cell-Based,CPU-Parallel,NeoN + Julia,8,gpu-nvidia-h100
LDC_N200,8000000,7440800,Cell-Based,CPU-Parallel,NeoN,16,gpu-nvidia-h100
LDC_N200,8000000,7470372,Cell-Based,CPU-Parallel,NeoN,16,gpu-nvidia-h100
LDC_N200,8000000,7547090,Cell-Based,CPU-Parallel,NeoN,16,gpu-nvidia-h100
LDC_N200,8000000,1625146,Cell-Based,CPU-Parallel,NeoN + Julia,16,gpu-nvidia-h100
LDC_N200,8000000,1935075,Cell-Based,CPU-Parallel,NeoN + Julia,16,gpu-nvidia-h100
LDC_N200,8000000,1966128,Cell-Based,CPU-Parallel,NeoN + Julia,16,gpu-nvidia-h100
LDC_N200,8000000,7458374,Cell-Based,CPU-Parallel,NeoN,32,gpu-nvidia-h100
LDC_N200,8000000,7465931,Cell-Based,CPU-Parallel,NeoN,32,gpu-nvidia-h100
LDC_N200,8000000,7506369,Cell-Based,CPU-Parallel,NeoN,32,gpu-nvidia-h100
LDC_N200,8000000,1655373,Cell-Based,CPU-Parallel,NeoN + Julia,32,gpu-nvidia-h100
LDC_N200,8000000,1706550,Cell-Based,CPU-Parallel,NeoN + Julia,32,gpu-nvidia-h100
LDC_N200,8000000,1584944,Cell-Based,CPU-Parallel,NeoN + Julia,32,gpu-nvidia-h100
LDC_N320,32768000,28311165,Cell-Based,CPU-Parallel,NeoN,8,gpu-nvidia-h200
LDC_N320,32768000,28200945,Cell-Based,CPU-Parallel,NeoN,8,gpu-nvidia-h200
LDC_N320,32768000,28209001,Cell-Based,CPU-Parallel,NeoN,8,gpu-nvidia-h200
LDC_N320,32768000,5459741,Cell-Based,CPU-Parallel,NeoN,8,gpu-nvidia-h200
LDC_N320,32768000,5434361,Cell-Based,CPU-Parallel,NeoN,8,gpu-nvidia-h200
LDC_N320,32768000,5460876,Cell-Based,CPU-Parallel,NeoN,8,gpu-nvidia-h200
LDC_N200,8000000,7400657,Cell-Based,CPU-Parallel,NeoN,64,gpu-nvidia-h100
LDC_N200,8000000,7432337,Cell-Based,CPU-Parallel,NeoN,64,gpu-nvidia-h100
LDC_N200,8000000,7371639,Cell-Based,CPU-Parallel,NeoN,64,gpu-nvidia-h100
LDC_N200,8000000,1776397,Cell-Based,CPU-Parallel,NeoN + Julia,64,gpu-nvidia-h100
LDC_N200,8000000,2240223,Cell-Based,CPU-Parallel,NeoN + Julia,64,gpu-nvidia-h100
LDC_N200,8000000,2256683,Cell-Based,CPU-Parallel,NeoN + Julia,64,gpu-nvidia-h100
LDC_N200,8000000,7428044,Cell-Based,CPU-Parallel,NeoN,128,gpu-nvidia-h100
LDC_N200,8000000,7424177,Cell-Based,CPU-Parallel,NeoN,128,gpu-nvidia-h100
LDC_N200,8000000,7368940,Cell-Based,CPU-Parallel,NeoN,128,gpu-nvidia-h100
LDC_N200,8000000,2026570,Cell-Based,CPU-Parallel,NeoN + Julia,128,gpu-nvidia-h100
LDC_N200,8000000,1960681,Cell-Based,CPU-Parallel,NeoN + Julia,128,gpu-nvidia-h100
LDC_N200,8000000,1870581,Cell-Based,CPU-Parallel,NeoN + Julia,128,gpu-nvidia-h100
LDC_N220,10648000,9820608,Cell-Based,CPU-Parallel,NeoN,1,gpu-nvidia-h100
LDC_N220,10648000,9813287,Cell-Based,CPU-Parallel,NeoN,1,gpu-nvidia-h100
LDC_N220,10648000,9813657,Cell-Based,CPU-Parallel,NeoN,1,gpu-nvidia-h100
LDC_N220,10648000,2746950,Cell-Based,CPU-Parallel,NeoN + Julia,1,gpu-nvidia-h100
LDC_N220,10648000,2706100,Cell-Based,CPU-Parallel,NeoN + Julia,1,gpu-nvidia-h100
LDC_N220,10648000,2738154,Cell-Based,CPU-Parallel,NeoN + Julia,1,gpu-nvidia-h100
LDC_N320,32768000,28415938,Cell-Based,CPU-Parallel,NeoN,16,gpu-nvidia-h200
LDC_N320,32768000,28249699,Cell-Based,CPU-Parallel,NeoN,16,gpu-nvidia-h200
LDC_N320,32768000,28296676,Cell-Based,CPU-Parallel,NeoN,16,gpu-nvidia-h200
LDC_N320,32768000,5169762,Cell-Based,CPU-Parallel,NeoN,16,gpu-nvidia-h200
LDC_N320,32768000,5202232,Cell-Based,CPU-Parallel,NeoN,16,gpu-nvidia-h200
LDC_N320,32768000,5190902,Cell-Based,CPU-Parallel,NeoN,16,gpu-nvidia-h200
LDC_N220,10648000,9948698,Cell-Based,CPU-Parallel,NeoN,2,gpu-nvidia-h100
LDC_N220,10648000,10068900,Cell-Based,CPU-Parallel,NeoN,2,gpu-nvidia-h100
LDC_N220,10648000,10002118,Cell-Based,CPU-Parallel,NeoN,2,gpu-nvidia-h100
LDC_N220,10648000,2182533,Cell-Based,CPU-Parallel,NeoN + Julia,2,gpu-nvidia-h100
LDC_N220,10648000,2175706,Cell-Based,CPU-Parallel,NeoN + Julia,2,gpu-nvidia-h100
LDC_N220,10648000,2198190,Cell-Based,CPU-Parallel,NeoN + Julia,2,gpu-nvidia-h100
LDC_N220,10648000,9864890,Cell-Based,CPU-Parallel,NeoN,4,gpu-nvidia-h100
LDC_N220,10648000,9961592,Cell-Based,CPU-Parallel,NeoN,4,gpu-nvidia-h100
LDC_N220,10648000,9904890,Cell-Based,CPU-Parallel,NeoN,4,gpu-nvidia-h100
LDC_N220,10648000,2137846,Cell-Based,CPU-Parallel,NeoN + Julia,4,gpu-nvidia-h100
LDC_N220,10648000,2000931,Cell-Based,CPU-Parallel,NeoN + Julia,4,gpu-nvidia-h100
LDC_N220,10648000,2145614,Cell-Based,CPU-Parallel,NeoN + Julia,4,gpu-nvidia-h100
LDC_N320,32768000,28567893,Cell-Based,CPU-Parallel,NeoN,32,gpu-nvidia-h200
LDC_N320,32768000,28381112,Cell-Based,CPU-Parallel,NeoN,32,gpu-nvidia-h200
LDC_N320,32768000,28240983,Cell-Based,CPU-Parallel,NeoN,32,gpu-nvidia-h200
LDC_N320,32768000,5416053,Cell-Based,CPU-Parallel,NeoN,32,gpu-nvidia-h200
LDC_N320,32768000,5407217,Cell-Based,CPU-Parallel,NeoN,32,gpu-nvidia-h200
LDC_N320,32768000,5454359,Cell-Based,CPU-Parallel,NeoN,32,gpu-nvidia-h200
LDC_N220,10648000,9989272,Cell-Based,CPU-Parallel,NeoN,8,gpu-nvidia-h100
LDC_N220,10648000,9923699,Cell-Based,CPU-Parallel,NeoN,8,gpu-nvidia-h100
LDC_N220,10648000,10069107,Cell-Based,CPU-Parallel,NeoN,8,gpu-nvidia-h100
LDC_N220,10648000,2052638,Cell-Based,CPU-Parallel,NeoN + Julia,8,gpu-nvidia-h100
LDC_N220,10648000,1998456,Cell-Based,CPU-Parallel,NeoN + Julia,8,gpu-nvidia-h100
LDC_N220,10648000,2114135,Cell-Based,CPU-Parallel,NeoN + Julia,8,gpu-nvidia-h100
LDC_N220,10648000,9904616,Cell-Based,CPU-Parallel,NeoN,16,gpu-nvidia-h100
LDC_N220,10648000,9925700,Cell-Based,CPU-Parallel,NeoN,16,gpu-nvidia-h100
LDC_N220,10648000,9933246,Cell-Based,CPU-Parallel,NeoN,16,gpu-nvidia-h100
LDC_N220,10648000,2091201,Cell-Based,CPU-Parallel,NeoN + Julia,16,gpu-nvidia-h100
LDC_N220,10648000,2094776,Cell-Based,CPU-Parallel,NeoN + Julia,16,gpu-nvidia-h100
LDC_N220,10648000,2027749,Cell-Based,CPU-Parallel,NeoN + Julia,16,gpu-nvidia-h100
LDC_N220,10648000,9946499,Cell-Based,CPU-Parallel,NeoN,32,gpu-nvidia-h100
LDC_N220,10648000,9905691,Cell-Based,CPU-Parallel,NeoN,32,gpu-nvidia-h100
LDC_N220,10648000,10038619,Cell-Based,CPU-Parallel,NeoN,32,gpu-nvidia-h100
LDC_N220,10648000,2194516,Cell-Based,CPU-Parallel,NeoN + Julia,32,gpu-nvidia-h100
LDC_N220,10648000,2096851,Cell-Based,CPU-Parallel,NeoN + Julia,32,gpu-nvidia-h100
LDC_N220,10648000,2212234,Cell-Based,CPU-Parallel,NeoN + Julia,32,gpu-nvidia-h100
LDC_N320,32768000,28317556,Cell-Based,CPU-Parallel,NeoN,64,gpu-nvidia-h200
LDC_N320,32768000,28379956,Cell-Based,CPU-Parallel,NeoN,64,gpu-nvidia-h200
LDC_N320,32768000,28398805,Cell-Based,CPU-Parallel,NeoN,64,gpu-nvidia-h200
LDC_N320,32768000,5670753,Cell-Based,CPU-Parallel,NeoN,64,gpu-nvidia-h200
LDC_N320,32768000,5591933,Cell-Based,CPU-Parallel,NeoN,64,gpu-nvidia-h200
LDC_N320,32768000,5627467,Cell-Based,CPU-Parallel,NeoN,64,gpu-nvidia-h200
LDC_N220,10648000,9956677,Cell-Based,CPU-Parallel,NeoN,64,gpu-nvidia-h100
LDC_N220,10648000,9946576,Cell-Based,CPU-Parallel,NeoN,64,gpu-nvidia-h100
LDC_N220,10648000,10059849,Cell-Based,CPU-Parallel,NeoN,64,gpu-nvidia-h100
LDC_N220,10648000,2170730,Cell-Based,CPU-Parallel,NeoN + Julia,64,gpu-nvidia-h100
LDC_N220,10648000,2777233,Cell-Based,CPU-Parallel,NeoN + Julia,64,gpu-nvidia-h100
LDC_N220,10648000,2796338,Cell-Based,CPU-Parallel,NeoN + Julia,64,gpu-nvidia-h100
LDC_N220,10648000,9873541,Cell-Based,CPU-Parallel,NeoN,128,gpu-nvidia-h100
LDC_N220,10648000,9960580,Cell-Based,CPU-Parallel,NeoN,128,gpu-nvidia-h100
LDC_N220,10648000,10067993,Cell-Based,CPU-Parallel,NeoN,128,gpu-nvidia-h100
LDC_N220,10648000,2813600,Cell-Based,CPU-Parallel,NeoN + Julia,128,gpu-nvidia-h100
LDC_N220,10648000,3061615,Cell-Based,CPU-Parallel,NeoN + Julia,128,gpu-nvidia-h100
LDC_N220,10648000,2763152,Cell-Based,CPU-Parallel,NeoN + Julia,128,gpu-nvidia-h100
LDC_N320,32768000,28263056,Cell-Based,CPU-Parallel,NeoN,128,gpu-nvidia-h200
LDC_N320,32768000,28149796,Cell-Based,CPU-Parallel,NeoN,128,gpu-nvidia-h200
LDC_N320,32768000,28050650,Cell-Based,CPU-Parallel,NeoN,128,gpu-nvidia-h200
LDC_N320,32768000,5687313,Cell-Based,CPU-Parallel,NeoN,128,gpu-nvidia-h200
LDC_N320,32768000,5659924,Cell-Based,CPU-Parallel,NeoN,128,gpu-nvidia-h200
LDC_N320,32768000,5886150,Cell-Based,CPU-Parallel,NeoN,128,gpu-nvidia-h200
LDC_N240,13824000,12752500,Cell-Based,CPU-Parallel,NeoN,1,gpu-nvidia-h100
LDC_N240,13824000,12742965,Cell-Based,CPU-Parallel,NeoN,1,gpu-nvidia-h100
LDC_N240,13824000,12744367,Cell-Based,CPU-Parallel,NeoN,1,gpu-nvidia-h100
LDC_N240,13824000,3555216,Cell-Based,CPU-Parallel,NeoN + Julia,1,gpu-nvidia-h100
LDC_N240,13824000,3549348,Cell-Based,CPU-Parallel,NeoN + Julia,1,gpu-nvidia-h100
LDC_N240,13824000,3565560,Cell-Based,CPU-Parallel,NeoN + Julia,1,gpu-nvidia-h100
LDC_N240,13824000,12922213,Cell-Based,CPU-Parallel,NeoN,2,gpu-nvidia-h100
LDC_N240,13824000,12869186,Cell-Based,CPU-Parallel,NeoN,2,gpu-nvidia-h100
LDC_N240,13824000,12928637,Cell-Based,CPU-Parallel,NeoN,2,gpu-nvidia-h100
LDC_N240,13824000,2717629,Cell-Based,CPU-Parallel,NeoN + Julia,2,gpu-nvidia-h100
LDC_N240,13824000,2785637,Cell-Based,CPU-Parallel,NeoN + Julia,2,gpu-nvidia-h100
LDC_N240,13824000,2774589,Cell-Based,CPU-Parallel,NeoN + Julia,2,gpu-nvidia-h100
LDC_N340,39304000,34148485,Cell-Based,CPU-Parallel,NeoN,1,gpu-nvidia-h200
LDC_N340,39304000,34020339,Cell-Based,CPU-Parallel,NeoN,1,gpu-nvidia-h200
LDC_N340,39304000,34050813,Cell-Based,CPU-Parallel,NeoN,1,gpu-nvidia-h200
LDC_N340,39304000,9543736,Cell-Based,CPU-Parallel,NeoN,1,gpu-nvidia-h200
LDC_N340,39304000,9545908,Cell-Based,CPU-Parallel,NeoN,1,gpu-nvidia-h200
LDC_N340,39304000,9542698,Cell-Based,CPU-Parallel,NeoN,1,gpu-nvidia-h200
LDC_N240,13824000,12821749,Cell-Based,CPU-Parallel,NeoN,4,gpu-nvidia-h100
LDC_N240,13824000,12822503,Cell-Based,CPU-Parallel,NeoN,4,gpu-nvidia-h100
LDC_N240,13824000,12912580,Cell-Based,CPU-Parallel,NeoN,4,gpu-nvidia-h100
LDC_N240,13824000,2796953,Cell-Based,CPU-Parallel,NeoN + Julia,4,gpu-nvidia-h100
LDC_N240,13824000,2681696,Cell-Based,CPU-Parallel,NeoN + Julia,4,gpu-nvidia-h100
LDC_N240,13824000,2720958,Cell-Based,CPU-Parallel,NeoN + Julia,4,gpu-nvidia-h100
LDC_N240,13824000,12924785,Cell-Based,CPU-Parallel,NeoN,8,gpu-nvidia-h100
LDC_N240,13824000,12810388,Cell-Based,CPU-Parallel,NeoN,8,gpu-nvidia-h100
LDC_N240,13824000,12868575,Cell-Based,CPU-Parallel,NeoN,8,gpu-nvidia-h100
LDC_N240,13824000,3314383,Cell-Based,CPU-Parallel,NeoN + Julia,8,gpu-nvidia-h100
LDC_N240,13824000,3236451,Cell-Based,CPU-Parallel,NeoN + Julia,8,gpu-nvidia-h100
LDC_N240,13824000,3268694,Cell-Based,CPU-Parallel,NeoN + Julia,8,gpu-nvidia-h100
LDC_N240,13824000,12913279,Cell-Based,CPU-Parallel,NeoN,16,gpu-nvidia-h100
LDC_N240,13824000,12890804,Cell-Based,CPU-Parallel,NeoN,16,gpu-nvidia-h100
LDC_N240,13824000,12924146,Cell-Based,CPU-Parallel,NeoN,16,gpu-nvidia-h100
LDC_N240,13824000,2610809,Cell-Based,CPU-Parallel,NeoN + Julia,16,gpu-nvidia-h100
LDC_N240,13824000,2536779,Cell-Based,CPU-Parallel,NeoN + Julia,16,gpu-nvidia-h100
LDC_N240,13824000,2520927,Cell-Based,CPU-Parallel,NeoN + Julia,16,gpu-nvidia-h100
LDC_N340,39304000,33976908,Cell-Based,CPU-Parallel,NeoN,2,gpu-nvidia-h200
LDC_N340,39304000,33881137,Cell-Based,CPU-Parallel,NeoN,2,gpu-nvidia-h200
LDC_N340,39304000,33807937,Cell-Based,CPU-Parallel,NeoN,2,gpu-nvidia-h200
LDC_N340,39304000,6836525,Cell-Based,CPU-Parallel,NeoN,2,gpu-nvidia-h200
LDC_N340,39304000,6971085,Cell-Based,CPU-Parallel,NeoN,2,gpu-nvidia-h200
LDC_N340,39304000,6977687,Cell-Based,CPU-Parallel,NeoN,2,gpu-nvidia-h200
LDC_N240,13824000,12881506,Cell-Based,CPU-Parallel,NeoN,32,gpu-nvidia-h100
LDC_N240,13824000,12988144,Cell-Based,CPU-Parallel,NeoN,32,gpu-nvidia-h100
LDC_N240,13824000,12733091,Cell-Based,CPU-Parallel,NeoN,32,gpu-nvidia-h100
LDC_N240,13824000,2769856,Cell-Based,CPU-Parallel,NeoN + Julia,32,gpu-nvidia-h100
LDC_N240,13824000,3525191,Cell-Based,CPU-Parallel,NeoN + Julia,32,gpu-nvidia-h100
LDC_N240,13824000,2736292,Cell-Based,CPU-Parallel,NeoN + Julia,32,gpu-nvidia-h100
LDC_N240,13824000,13019034,Cell-Based,CPU-Parallel,NeoN,64,gpu-nvidia-h100
LDC_N240,13824000,12788910,Cell-Based,CPU-Parallel,NeoN,64,gpu-nvidia-h100
LDC_N240,13824000,12827807,Cell-Based,CPU-Parallel,NeoN,64,gpu-nvidia-h100
LDC_N240,13824000,2559439,Cell-Based,CPU-Parallel,NeoN + Julia,64,gpu-nvidia-h100
LDC_N240,13824000,3539445,Cell-Based,CPU-Parallel,NeoN + Julia,64,gpu-nvidia-h100
LDC_N240,13824000,3451109,Cell-Based,CPU-Parallel,NeoN + Julia,64,gpu-nvidia-h100
LDC_N340,39304000,33797663,Cell-Based,CPU-Parallel,NeoN,4,gpu-nvidia-h200
LDC_N340,39304000,33852428,Cell-Based,CPU-Parallel,NeoN,4,gpu-nvidia-h200
LDC_N340,39304000,33810325,Cell-Based,CPU-Parallel,NeoN,4,gpu-nvidia-h200
LDC_N340,39304000,6697175,Cell-Based,CPU-Parallel,NeoN,4,gpu-nvidia-h200
LDC_N340,39304000,6763281,Cell-Based,CPU-Parallel,NeoN,4,gpu-nvidia-h200
LDC_N340,39304000,6720837,Cell-Based,CPU-Parallel,NeoN,4,gpu-nvidia-h200
LDC_N240,13824000,12943255,Cell-Based,CPU-Parallel,NeoN,128,gpu-nvidia-h100
LDC_N240,13824000,12707259,Cell-Based,CPU-Parallel,NeoN,128,gpu-nvidia-h100
LDC_N240,13824000,12783633,Cell-Based,CPU-Parallel,NeoN,128,gpu-nvidia-h100
LDC_N240,13824000,2733266,Cell-Based,CPU-Parallel,NeoN + Julia,128,gpu-nvidia-h100
LDC_N240,13824000,3475436,Cell-Based,CPU-Parallel,NeoN + Julia,128,gpu-nvidia-h100
LDC_N240,13824000,3735426,Cell-Based,CPU-Parallel,NeoN + Julia,128,gpu-nvidia-h100
LDC_N260,17576000,16195290,Cell-Based,CPU-Parallel,NeoN,1,gpu-nvidia-h100
LDC_N260,17576000,16212409,Cell-Based,CPU-Parallel,NeoN,1,gpu-nvidia-h100
LDC_N260,17576000,16217539,Cell-Based,CPU-Parallel,NeoN,1,gpu-nvidia-h100
LDC_N260,17576000,4483056,Cell-Based,CPU-Parallel,NeoN + Julia,1,gpu-nvidia-h100
LDC_N260,17576000,4486551,Cell-Based,CPU-Parallel,NeoN + Julia,1,gpu-nvidia-h100
LDC_N260,17576000,4501949,Cell-Based,CPU-Parallel,NeoN + Julia,1,gpu-nvidia-h100
LDC_N340,39304000,33951008,Cell-Based,CPU-Parallel,NeoN,8,gpu-nvidia-h200
LDC_N340,39304000,34279903,Cell-Based,CPU-Parallel,NeoN,8,gpu-nvidia-h200
LDC_N340,39304000,33890648,Cell-Based,CPU-Parallel,NeoN,8,gpu-nvidia-h200
LDC_N340,39304000,6320614,Cell-Based,CPU-Parallel,NeoN,8,gpu-nvidia-h200
LDC_N340,39304000,6363151,Cell-Based,CPU-Parallel,NeoN,8,gpu-nvidia-h200
LDC_N340,39304000,6393209,Cell-Based,CPU-Parallel,NeoN,8,gpu-nvidia-h200
LDC_N260,17576000,16306097,Cell-Based,CPU-Parallel,NeoN,2,gpu-nvidia-h100
LDC_N260,17576000,16292796,Cell-Based,CPU-Parallel,NeoN,2,gpu-nvidia-h100
LDC_N260,17576000,16312544,Cell-Based,CPU-Parallel,NeoN,2,gpu-nvidia-h100
LDC_N260,17576000,3504003,Cell-Based,CPU-Parallel,NeoN + Julia,2,gpu-nvidia-h100
LDC_N260,17576000,3462687,Cell-Based,CPU-Parallel,NeoN + Julia,2,gpu-nvidia-h100
LDC_N260,17576000,3426055,Cell-Based,CPU-Parallel,NeoN + Julia,2,gpu-nvidia-h100
LDC_N260,17576000,16327307,Cell-Based,CPU-Parallel,NeoN,4,gpu-nvidia-h100
LDC_N260,17576000,16483844,Cell-Based,CPU-Parallel,NeoN,4,gpu-nvidia-h100
LDC_N260,17576000,16314959,Cell-Based,CPU-Parallel,NeoN,4,gpu-nvidia-h100
LDC_N260,17576000,3405926,Cell-Based,CPU-Parallel,NeoN + Julia,4,gpu-nvidia-h100
LDC_N260,17576000,3458851,Cell-Based,CPU-Parallel,NeoN + Julia,4,gpu-nvidia-h100
LDC_N260,17576000,3384168,Cell-Based,CPU-Parallel,NeoN + Julia,4,gpu-nvidia-h100
LDC_N340,39304000,33773648,Cell-Based,CPU-Parallel,NeoN,16,gpu-nvidia-h200
LDC_N340,39304000,33782712,Cell-Based,CPU-Parallel,NeoN,16,gpu-nvidia-h200
LDC_N340,39304000,33724358,Cell-Based,CPU-Parallel,NeoN,16,gpu-nvidia-h200
LDC_N340,39304000,6117873,Cell-Based,CPU-Parallel,NeoN,16,gpu-nvidia-h200
LDC_N340,39304000,6169480,Cell-Based,CPU-Parallel,NeoN,16,gpu-nvidia-h200
LDC_N340,39304000,6074027,Cell-Based,CPU-Parallel,NeoN,16,gpu-nvidia-h200
LDC_N260,17576000,16766235,Cell-Based,CPU-Parallel,NeoN,8,gpu-nvidia-h100
LDC_N260,17576000,16735386,Cell-Based,CPU-Parallel,NeoN,8,gpu-nvidia-h100
LDC_N260,17576000,16664841,Cell-Based,CPU-Parallel,NeoN,8,gpu-nvidia-h100
LDC_N260,17576000,3119965,Cell-Based,CPU-Parallel,NeoN + Julia,8,gpu-nvidia-h100
LDC_N260,17576000,3173344,Cell-Based,CPU-Parallel,NeoN + Julia,8,gpu-nvidia-h100
LDC_N260,17576000,3077405,Cell-Based,CPU-Parallel,NeoN + Julia,8,gpu-nvidia-h100
LDC_N260,17576000,16584789,Cell-Based,CPU-Parallel,NeoN,16,gpu-nvidia-h100
LDC_N260,17576000,16425782,Cell-Based,CPU-Parallel,NeoN,16,gpu-nvidia-h100
LDC_N260,17576000,16291945,Cell-Based,CPU-Parallel,NeoN,16,gpu-nvidia-h100
LDC_N260,17576000,3190116,Cell-Based,CPU-Parallel,NeoN + Julia,16,gpu-nvidia-h100
LDC_N260,17576000,3094219,Cell-Based,CPU-Parallel,NeoN + Julia,16,gpu-nvidia-h100
LDC_N260,17576000,3142016,Cell-Based,CPU-Parallel,NeoN + Julia,16,gpu-nvidia-h100
LDC_N340,39304000,33721682,Cell-Based,CPU-Parallel,NeoN,32,gpu-nvidia-h200
LDC_N340,39304000,33651324,Cell-Based,CPU-Parallel,NeoN,32,gpu-nvidia-h200
LDC_N340,39304000,33644579,Cell-Based,CPU-Parallel,NeoN,32,gpu-nvidia-h200
LDC_N340,39304000,6277339,Cell-Based,CPU-Parallel,NeoN,32,gpu-nvidia-h200
LDC_N340,39304000,6213300,Cell-Based,CPU-Parallel,NeoN,32,gpu-nvidia-h200
LDC_N340,39304000,6226736,Cell-Based,CPU-Parallel,NeoN,32,gpu-nvidia-h200
LDC_N260,17576000,16297112,Cell-Based,CPU-Parallel,NeoN,32,gpu-nvidia-h100
LDC_N260,17576000,16239045,Cell-Based,CPU-Parallel,NeoN,32,gpu-nvidia-h100
LDC_N260,17576000,16263205,Cell-Based,CPU-Parallel,NeoN,32,gpu-nvidia-h100
LDC_N260,17576000,3456067,Cell-Based,CPU-Parallel,NeoN + Julia,32,gpu-nvidia-h100
LDC_N260,17576000,4295536,Cell-Based,CPU-Parallel,NeoN + Julia,32,gpu-nvidia-h100
LDC_N260,17576000,3445204,Cell-Based,CPU-Parallel,NeoN + Julia,32,gpu-nvidia-h100
LDC_N340,39304000,37070168,Cell-Based,CPU-Parallel,NeoN,64,gpu-nvidia-h200
LDC_N340,39304000,34042316,Cell-Based,CPU-Parallel,NeoN,64,gpu-nvidia-h200
LDC_N340,39304000,34071935,Cell-Based,CPU-Parallel,NeoN,64,gpu-nvidia-h200
LDC_N340,39304000,6572380,Cell-Based,CPU-Parallel,NeoN,64,gpu-nvidia-h200
LDC_N340,39304000,6656647,Cell-Based,CPU-Parallel,NeoN,64,gpu-nvidia-h200
LDC_N340,39304000,6559892,Cell-Based,CPU-Parallel,NeoN,64,gpu-nvidia-h200
LDC_N260,17576000,16455720,Cell-Based,CPU-Parallel,NeoN,64,gpu-nvidia-h100
LDC_N260,17576000,16219119,Cell-Based,CPU-Parallel,NeoN,64,gpu-nvidia-h100
LDC_N260,17576000,16214489,Cell-Based,CPU-Parallel,NeoN,64,gpu-nvidia-h100
LDC_N260,17576000,4195459,Cell-Based,CPU-Parallel,NeoN + Julia,64,gpu-nvidia-h100
LDC_N260,17576000,4280585,Cell-Based,CPU-Parallel,NeoN + Julia,64,gpu-nvidia-h100
LDC_N260,17576000,4488639,Cell-Based,CPU-Parallel,NeoN + Julia,64,gpu-nvidia-h100
LDC_N260,17576000,16561005,Cell-Based,CPU-Parallel,NeoN,128,gpu-nvidia-h100
LDC_N260,17576000,16364559,Cell-Based,CPU-Parallel,NeoN,128,gpu-nvidia-h100
LDC_N260,17576000,16234258,Cell-Based,CPU-Parallel,NeoN,128,gpu-nvidia-h100
LDC_N260,17576000,4307813,Cell-Based,CPU-Parallel,NeoN + Julia,128,gpu-nvidia-h100
LDC_N260,17576000,4671684,Cell-Based,CPU-Parallel,NeoN + Julia,128,gpu-nvidia-h100
LDC_N260,17576000,4637164,Cell-Based,CPU-Parallel,NeoN + Julia,128,gpu-nvidia-h100
LDC_N340,39304000,33755700,Cell-Based,CPU-Parallel,NeoN,128,gpu-nvidia-h200
LDC_N340,39304000,33840498,Cell-Based,CPU-Parallel,NeoN,128,gpu-nvidia-h200
LDC_N340,39304000,33692923,Cell-Based,CPU-Parallel,NeoN,128,gpu-nvidia-h200
LDC_N340,39304000,6898912,Cell-Based,CPU-Parallel,NeoN,128,gpu-nvidia-h200
LDC_N340,39304000,6932001,Cell-Based,CPU-Parallel,NeoN,128,gpu-nvidia-h200
LDC_N340,39304000,7103019,Cell-Based,CPU-Parallel,NeoN,128,gpu-nvidia-h200
LDC_N280,21952000,20276291,Cell-Based,CPU-Parallel,NeoN,1,gpu-nvidia-h100
LDC_N280,21952000,20295472,Cell-Based,CPU-Parallel,NeoN,1,gpu-nvidia-h100
LDC_N280,21952000,20281883,Cell-Based,CPU-Parallel,NeoN,1,gpu-nvidia-h100
LDC_N280,21952000,5574707,Cell-Based,CPU-Parallel,NeoN + Julia,1,gpu-nvidia-h100
LDC_N280,21952000,5602559,Cell-Based,CPU-Parallel,NeoN + Julia,1,gpu-nvidia-h100
LDC_N280,21952000,5605818,Cell-Based,CPU-Parallel,NeoN + Julia,1,gpu-nvidia-h100
LDC_N280,21952000,20384138,Cell-Based,CPU-Parallel,NeoN,2,gpu-nvidia-h100
LDC_N280,21952000,20384176,Cell-Based,CPU-Parallel,NeoN,2,gpu-nvidia-h100
LDC_N280,21952000,20384224,Cell-Based,CPU-Parallel,NeoN,2,gpu-nvidia-h100
LDC_N280,21952000,4308344,Cell-Based,CPU-Parallel,NeoN + Julia,2,gpu-nvidia-h100
LDC_N280,21952000,4351247,Cell-Based,CPU-Parallel,NeoN + Julia,2,gpu-nvidia-h100
LDC_N280,21952000,4396180,Cell-Based,CPU-Parallel,NeoN + Julia,2,gpu-nvidia-h100
LDC_N360,46656000,40173719,Cell-Based,CPU-Parallel,NeoN,1,gpu-nvidia-h200
LDC_N360,46656000,40200367,Cell-Based,CPU-Parallel,NeoN,1,gpu-nvidia-h200
LDC_N360,46656000,40010887,Cell-Based,CPU-Parallel,NeoN,1,gpu-nvidia-h200
LDC_N360,46656000,11273725,Cell-Based,CPU-Parallel,NeoN,1,gpu-nvidia-h200
LDC_N360,46656000,11278941,Cell-Based,CPU-Parallel,NeoN,1,gpu-nvidia-h200
LDC_N360,46656000,11454543,Cell-Based,CPU-Parallel,NeoN,1,gpu-nvidia-h200
LDC_N280,21952000,20959218,Cell-Based,CPU-Parallel,NeoN,4,gpu-nvidia-h100
LDC_N280,21952000,20928667,Cell-Based,CPU-Parallel,NeoN,4,gpu-nvidia-h100
LDC_N280,21952000,20901620,Cell-Based,CPU-Parallel,NeoN,4,gpu-nvidia-h100
LDC_N280,21952000,4179828,Cell-Based,CPU-Parallel,NeoN + Julia,4,gpu-nvidia-h100
LDC_N280,21952000,4220715,Cell-Based,CPU-Parallel,NeoN + Julia,4,gpu-nvidia-h100
LDC_N280,21952000,4328328,Cell-Based,CPU-Parallel,NeoN + Julia,4,gpu-nvidia-h100
LDC_N280,21952000,20422343,Cell-Based,CPU-Parallel,NeoN,8,gpu-nvidia-h100
LDC_N280,21952000,20480956,Cell-Based,CPU-Parallel,NeoN,8,gpu-nvidia-h100
LDC_N280,21952000,20247057,Cell-Based,CPU-Parallel,NeoN,8,gpu-nvidia-h100
LDC_N280,21952000,5079635,Cell-Based,CPU-Parallel,NeoN + Julia,8,gpu-nvidia-h100
LDC_N280,21952000,5075963,Cell-Based,CPU-Parallel,NeoN + Julia,8,gpu-nvidia-h100
LDC_N280,21952000,5051472,Cell-Based,CPU-Parallel,NeoN + Julia,8,gpu-nvidia-h100
LDC_N360,46656000,40181652,Cell-Based,CPU-Parallel,NeoN,2,gpu-nvidia-h200
LDC_N360,46656000,40077302,Cell-Based,CPU-Parallel,NeoN,2,gpu-nvidia-h200
LDC_N360,46656000,40049187,Cell-Based,CPU-Parallel,NeoN,2,gpu-nvidia-h200
LDC_N360,46656000,8102127,Cell-Based,CPU-Parallel,NeoN,2,gpu-nvidia-h200
LDC_N360,46656000,8120683,Cell-Based,CPU-Parallel,NeoN,2,gpu-nvidia-h200
LDC_N360,46656000,8159043,Cell-Based,CPU-Parallel,NeoN,2,gpu-nvidia-h200
LDC_N280,21952000,20407064,Cell-Based,CPU-Parallel,NeoN,16,gpu-nvidia-h100
LDC_N280,21952000,20208511,Cell-Based,CPU-Parallel,NeoN,16,gpu-nvidia-h100
LDC_N280,21952000,20203696,Cell-Based,CPU-Parallel,NeoN,16,gpu-nvidia-h100
LDC_N280,21952000,3897872,Cell-Based,CPU-Parallel,NeoN + Julia,16,gpu-nvidia-h100
LDC_N280,21952000,5143860,Cell-Based,CPU-Parallel,NeoN + Julia,16,gpu-nvidia-h100
LDC_N280,21952000,5058447,Cell-Based,CPU-Parallel,NeoN + Julia,16,gpu-nvidia-h100
LDC_N360,46656000,40361909,Cell-Based,CPU-Parallel,NeoN,4,gpu-nvidia-h200
LDC_N360,46656000,40212584,Cell-Based,CPU-Parallel,NeoN,4,gpu-nvidia-h200
LDC_N360,46656000,40041020,Cell-Based,CPU-Parallel,NeoN,4,gpu-nvidia-h200
LDC_N360,46656000,8018399,Cell-Based,CPU-Parallel,NeoN,4,gpu-nvidia-h200
LDC_N360,46656000,8055537,Cell-Based,CPU-Parallel,NeoN,4,gpu-nvidia-h200
LDC_N360,46656000,8039938,Cell-Based,CPU-Parallel,NeoN,4,gpu-nvidia-h200
LDC_N280,21952000,20334900,Cell-Based,CPU-Parallel,NeoN,32,gpu-nvidia-h100
LDC_N280,21952000,20328870,Cell-Based,CPU-Parallel,NeoN,32,gpu-nvidia-h100
LDC_N280,21952000,20286958,Cell-Based,CPU-Parallel,NeoN,32,gpu-nvidia-h100
LDC_N280,21952000,4025212,Cell-Based,CPU-Parallel,NeoN + Julia,32,gpu-nvidia-h100
LDC_N280,21952000,4180787,Cell-Based,CPU-Parallel,NeoN + Julia,32,gpu-nvidia-h100
LDC_N280,21952000,4017743,Cell-Based,CPU-Parallel,NeoN + Julia,32,gpu-nvidia-h100
LDC_N280,21952000,20451092,Cell-Based,CPU-Parallel,NeoN,64,gpu-nvidia-h100
LDC_N280,21952000,20398797,Cell-Based,CPU-Parallel,NeoN,64,gpu-nvidia-h100
LDC_N280,21952000,20241762,Cell-Based,CPU-Parallel,NeoN,64,gpu-nvidia-h100
LDC_N280,21952000,3963783,Cell-Based,CPU-Parallel,NeoN + Julia,64,gpu-nvidia-h100
LDC_N280,21952000,5319452,Cell-Based,CPU-Parallel,NeoN + Julia,64,gpu-nvidia-h100
LDC_N280,21952000,5384792,Cell-Based,CPU-Parallel,NeoN + Julia,64,gpu-nvidia-h100
LDC_N360,46656000,39983251,Cell-Based,CPU-Parallel,NeoN,8,gpu-nvidia-h200
LDC_N360,46656000,39860800,Cell-Based,CPU-Parallel,NeoN,8,gpu-nvidia-h200
LDC_N360,46656000,39861630,Cell-Based,CPU-Parallel,NeoN,8,gpu-nvidia-h200
LDC_N360,46656000,7485508,Cell-Based,CPU-Parallel,NeoN,8,gpu-nvidia-h200
LDC_N360,46656000,7598740,Cell-Based,CPU-Parallel,NeoN,8,gpu-nvidia-h200
LDC_N360,46656000,7584923,Cell-Based,CPU-Parallel,NeoN,8,gpu-nvidia-h200
LDC_N280,21952000,20372809,Cell-Based,CPU-Parallel,NeoN,128,gpu-nvidia-h100
LDC_N280,21952000,20298346,Cell-Based,CPU-Parallel,NeoN,128,gpu-nvidia-h100
LDC_N280,21952000,20238824,Cell-Based,CPU-Parallel,NeoN,128,gpu-nvidia-h100
LDC_N280,21952000,5543866,Cell-Based,CPU-Parallel,NeoN + Julia,128,gpu-nvidia-h100
LDC_N280,21952000,5653365,Cell-Based,CPU-Parallel,NeoN + Julia,128,gpu-nvidia-h100
LDC_N280,21952000,5539697,Cell-Based,CPU-Parallel,NeoN + Julia,128,gpu-nvidia-h100
LDC_N300,27000000,24986867,Cell-Based,CPU-Parallel,NeoN,1,gpu-nvidia-h100
LDC_N300,27000000,24982384,Cell-Based,CPU-Parallel,NeoN,1,gpu-nvidia-h100
LDC_N300,27000000,24991355,Cell-Based,CPU-Parallel,NeoN,1,gpu-nvidia-h100
LDC_N300,27000000,6910777,Cell-Based,CPU-Parallel,NeoN + Julia,1,gpu-nvidia-h100
LDC_N300,27000000,6865903,Cell-Based,CPU-Parallel,NeoN + Julia,1,gpu-nvidia-h100
LDC_N300,27000000,6923607,Cell-Based,CPU-Parallel,NeoN + Julia,1,gpu-nvidia-h100
LDC_N360,46656000,40061168,Cell-Based,CPU-Parallel,NeoN,16,gpu-nvidia-h200
LDC_N360,46656000,39899594,Cell-Based,CPU-Parallel,NeoN,16,gpu-nvidia-h200
LDC_N360,46656000,39889370,Cell-Based,CPU-Parallel,NeoN,16,gpu-nvidia-h200
LDC_N360,46656000,7211216,Cell-Based,CPU-Parallel,NeoN,16,gpu-nvidia-h200
LDC_N360,46656000,7268012,Cell-Based,CPU-Parallel,NeoN,16,gpu-nvidia-h200
LDC_N360,46656000,7308465,Cell-Based,CPU-Parallel,NeoN,16,gpu-nvidia-h200
LDC_N300,27000000,25156945,Cell-Based,CPU-Parallel,NeoN,2,gpu-nvidia-h100
LDC_N300,27000000,25114839,Cell-Based,CPU-Parallel,NeoN,2,gpu-nvidia-h100
LDC_N300,27000000,25133212,Cell-Based,CPU-Parallel,NeoN,2,gpu-nvidia-h100
LDC_N300,27000000,5167838,Cell-Based,CPU-Parallel,NeoN + Julia,2,gpu-nvidia-h100
LDC_N300,27000000,5125362,Cell-Based,CPU-Parallel,NeoN + Julia,2,gpu-nvidia-h100
LDC_N300,27000000,5362999,Cell-Based,CPU-Parallel,NeoN + Julia,2,gpu-nvidia-h100
LDC_N360,46656000,40276340,Cell-Based,CPU-Parallel,NeoN,32,gpu-nvidia-h200
LDC_N360,46656000,40369424,Cell-Based,CPU-Parallel,NeoN,32,gpu-nvidia-h200
LDC_N360,46656000,40243477,Cell-Based,CPU-Parallel,NeoN,32,gpu-nvidia-h200
LDC_N360,46656000,7408812,Cell-Based,CPU-Parallel,NeoN,32,gpu-nvidia-h200
LDC_N360,46656000,7282670,Cell-Based,CPU-Parallel,NeoN,32,gpu-nvidia-h200
LDC_N360,46656000,7293535,Cell-Based,CPU-Parallel,NeoN,32,gpu-nvidia-h200
LDC_N300,27000000,25279669,Cell-Based,CPU-Parallel,NeoN,4,gpu-nvidia-h100
LDC_N300,27000000,25130558,Cell-Based,CPU-Parallel,NeoN,4,gpu-nvidia-h100
LDC_N300,27000000,25032884,Cell-Based,CPU-Parallel,NeoN,4,gpu-nvidia-h100
LDC_N300,27000000,5560150,Cell-Based,CPU-Parallel,NeoN + Julia,4,gpu-nvidia-h100
LDC_N300,27000000,5227940,Cell-Based,CPU-Parallel,NeoN + Julia,4,gpu-nvidia-h100
LDC_N300,27000000,5560127,Cell-Based,CPU-Parallel,NeoN + Julia,4,gpu-nvidia-h100
LDC_N360,46656000,40214877,Cell-Based,CPU-Parallel,NeoN,64,gpu-nvidia-h200
LDC_N360,46656000,40084781,Cell-Based,CPU-Parallel,NeoN,64,gpu-nvidia-h200
LDC_N360,46656000,40127086,Cell-Based,CPU-Parallel,NeoN,64,gpu-nvidia-h200
LDC_N360,46656000,7851937,Cell-Based,CPU-Parallel,NeoN,64,gpu-nvidia-h200
LDC_N360,46656000,7792462,Cell-Based,CPU-Parallel,NeoN,64,gpu-nvidia-h200
LDC_N360,46656000,7840969,Cell-Based,CPU-Parallel,NeoN,64,gpu-nvidia-h200
LDC_N300,27000000,25495080,Cell-Based,CPU-Parallel,NeoN,8,gpu-nvidia-h100
LDC_N300,27000000,25272762,Cell-Based,CPU-Parallel,NeoN,8,gpu-nvidia-h100
LDC_N300,27000000,25080296,Cell-Based,CPU-Parallel,NeoN,8,gpu-nvidia-h100
LDC_N300,27000000,6123649,Cell-Based,CPU-Parallel,NeoN + Julia,8,gpu-nvidia-h100
LDC_N300,27000000,6496491,Cell-Based,CPU-Parallel,NeoN + Julia,8,gpu-nvidia-h100
LDC_N300,27000000,6035980,Cell-Based,CPU-Parallel,NeoN + Julia,8,gpu-nvidia-h100
LDC_N300,27000000,25183318,Cell-Based,CPU-Parallel,NeoN,16,gpu-nvidia-h100
LDC_N300,27000000,24960876,Cell-Based,CPU-Parallel,NeoN,16,gpu-nvidia-h100
LDC_N300,27000000,24971494,Cell-Based,CPU-Parallel,NeoN,16,gpu-nvidia-h100
LDC_N300,27000000,4658806,Cell-Based,CPU-Parallel,NeoN + Julia,16,gpu-nvidia-h100
LDC_N300,27000000,4697621,Cell-Based,CPU-Parallel,NeoN + Julia,16,gpu-nvidia-h100
LDC_N300,27000000,4649851,Cell-Based,CPU-Parallel,NeoN + Julia,16,gpu-nvidia-h100
LDC_N360,46656000,40344349,Cell-Based,CPU-Parallel,NeoN,128,gpu-nvidia-h200
LDC_N360,46656000,40261104,Cell-Based,CPU-Parallel,NeoN,128,gpu-nvidia-h200
LDC_N360,46656000,40207754,Cell-Based,CPU-Parallel,NeoN,128,gpu-nvidia-h200
LDC_N360,46656000,8100745,Cell-Based,CPU-Parallel,NeoN,128,gpu-nvidia-h200
LDC_N360,46656000,8223313,Cell-Based,CPU-Parallel,NeoN,128,gpu-nvidia-h200
LDC_N360,46656000,8191179,Cell-Based,CPU-Parallel,NeoN,128,gpu-nvidia-h200
LDC_N300,27000000,25564638,Cell-Based,CPU-Parallel,NeoN,32,gpu-nvidia-h100
LDC_N300,27000000,25119620,Cell-Based,CPU-Parallel,NeoN,32,gpu-nvidia-h100
LDC_N300,27000000,25025203,Cell-Based,CPU-Parallel,NeoN,32,gpu-nvidia-h100
LDC_N300,27000000,6388586,Cell-Based,CPU-Parallel,NeoN + Julia,32,gpu-nvidia-h100
LDC_N300,27000000,6454123,Cell-Based,CPU-Parallel,NeoN + Julia,32,gpu-nvidia-h100
LDC_N300,27000000,6410819,Cell-Based,CPU-Parallel,NeoN + Julia,32,gpu-nvidia-h100
LDC_N300,27000000,25159046,Cell-Based,CPU-Parallel,NeoN,64,gpu-nvidia-h100
LDC_N300,27000000,25013191,Cell-Based,CPU-Parallel,NeoN,64,gpu-nvidia-h100
LDC_N300,27000000,25178956,Cell-Based,CPU-Parallel,NeoN,64,gpu-nvidia-h100
LDC_N300,27000000,6377394,Cell-Based,CPU-Parallel,NeoN + Julia,64,gpu-nvidia-h100
LDC_N300,27000000,6436174,Cell-Based,CPU-Parallel,NeoN + Julia,64,gpu-nvidia-h100
LDC_N300,27000000,6587711,Cell-Based,CPU-Parallel,NeoN + Julia,64,gpu-nvidia-h100
LDC_N380,54872000,47263188,Cell-Based,CPU-Parallel,NeoN,1,gpu-nvidia-h200
LDC_N380,54872000,46982867,Cell-Based,CPU-Parallel,NeoN,1,gpu-nvidia-h200
LDC_N380,54872000,47178540,Cell-Based,CPU-Parallel,NeoN,1,gpu-nvidia-h200
LDC_N380,54872000,13139774,Cell-Based,CPU-Parallel,NeoN,1,gpu-nvidia-h200
LDC_N380,54872000,13147906,Cell-Based,CPU-Parallel,NeoN,1,gpu-nvidia-h200
LDC_N380,54872000,13148729,Cell-Based,CPU-Parallel,NeoN,1,gpu-nvidia-h200
LDC_N300,27000000,24809510,Cell-Based,CPU-Parallel,NeoN,128,gpu-nvidia-h100
LDC_N300,27000000,24984843,Cell-Based,CPU-Parallel,NeoN,128,gpu-nvidia-h100
LDC_N300,27000000,24801565,Cell-Based,CPU-Parallel,NeoN,128,gpu-nvidia-h100
LDC_N300,27000000,7129570,Cell-Based,CPU-Parallel,NeoN + Julia,128,gpu-nvidia-h100
LDC_N300,27000000,7409170,Cell-Based,CPU-Parallel,NeoN + Julia,128,gpu-nvidia-h100
LDC_N300,27000000,7029707,Cell-Based,CPU-Parallel,NeoN + Julia,128,gpu-nvidia-h100
LDC_N380,54872000,47741258,Cell-Based,CPU-Parallel,NeoN,2,gpu-nvidia-h200
LDC_N380,54872000,47053365,Cell-Based,CPU-Parallel,NeoN,2,gpu-nvidia-h200
LDC_N380,54872000,47098543,Cell-Based,CPU-Parallel,NeoN,2,gpu-nvidia-h200
LDC_N380,54872000,9558204,Cell-Based,CPU-Parallel,NeoN,2,gpu-nvidia-h200
LDC_N380,54872000,9573496,Cell-Based,CPU-Parallel,NeoN,2,gpu-nvidia-h200
LDC_N380,54872000,9569480,Cell-Based,CPU-Parallel,NeoN,2,gpu-nvidia-h200
LDC_N320,32768000,30178211,Cell-Based,CPU-Parallel,NeoN,1,gpu-nvidia-h100
LDC_N320,32768000,30184627,Cell-Based,CPU-Parallel,NeoN,1,gpu-nvidia-h100
LDC_N320,32768000,30185375,Cell-Based,CPU-Parallel,NeoN,1,gpu-nvidia-h100
LDC_N320,32768000,8298135,Cell-Based,CPU-Parallel,NeoN + Julia,1,gpu-nvidia-h100
LDC_N320,32768000,8355114,Cell-Based,CPU-Parallel,NeoN + Julia,1,gpu-nvidia-h100
LDC_N320,32768000,8317904,Cell-Based,CPU-Parallel,NeoN + Julia,1,gpu-nvidia-h100
LDC_N320,32768000,30501011,Cell-Based,CPU-Parallel,NeoN,2,gpu-nvidia-h100
LDC_N320,32768000,30439447,Cell-Based,CPU-Parallel,NeoN,2,gpu-nvidia-h100
LDC_N320,32768000,30485084,Cell-Based,CPU-Parallel,NeoN,2,gpu-nvidia-h100
LDC_N320,32768000,6197928,Cell-Based,CPU-Parallel,NeoN + Julia,2,gpu-nvidia-h100
LDC_N320,32768000,6585049,Cell-Based,CPU-Parallel,NeoN + Julia,2,gpu-nvidia-h100
LDC_N320,32768000,6492576,Cell-Based,CPU-Parallel,NeoN + Julia,2,gpu-nvidia-h100
LDC_N380,54872000,47488027,Cell-Based,CPU-Parallel,NeoN,4,gpu-nvidia-h200
LDC_N380,54872000,47251555,Cell-Based,CPU-Parallel,NeoN,4,gpu-nvidia-h200
LDC_N380,54872000,47126347,Cell-Based,CPU-Parallel,NeoN,4,gpu-nvidia-h200
LDC_N380,54872000,9288120,Cell-Based,CPU-Parallel,NeoN,4,gpu-nvidia-h200
LDC_N380,54872000,9375556,Cell-Based,CPU-Parallel,NeoN,4,gpu-nvidia-h200
LDC_N380,54872000,9375545,Cell-Based,CPU-Parallel,NeoN,4,gpu-nvidia-h200
LDC_N320,32768000,30507564,Cell-Based,CPU-Parallel,NeoN,4,gpu-nvidia-h100
LDC_N320,32768000,30386179,Cell-Based,CPU-Parallel,NeoN,4,gpu-nvidia-h100
LDC_N320,32768000,30424022,Cell-Based,CPU-Parallel,NeoN,4,gpu-nvidia-h100
LDC_N320,32768000,5985193,Cell-Based,CPU-Parallel,NeoN + Julia,4,gpu-nvidia-h100
LDC_N320,32768000,6043865,Cell-Based,CPU-Parallel,NeoN + Julia,4,gpu-nvidia-h100
LDC_N320,32768000,6213144,Cell-Based,CPU-Parallel,NeoN + Julia,4,gpu-nvidia-h100
LDC_N380,54872000,47223327,Cell-Based,CPU-Parallel,NeoN,8,gpu-nvidia-h200
LDC_N380,54872000,47137655,Cell-Based,CPU-Parallel,NeoN,8,gpu-nvidia-h200
LDC_N380,54872000,47269323,Cell-Based,CPU-Parallel,NeoN,8,gpu-nvidia-h200
LDC_N380,54872000,8769601,Cell-Based,CPU-Parallel,NeoN,8,gpu-nvidia-h200
LDC_N380,54872000,8736707,Cell-Based,CPU-Parallel,NeoN,8,gpu-nvidia-h200
LDC_N380,54872000,8736829,Cell-Based,CPU-Parallel,NeoN,8,gpu-nvidia-h200
LDC_N320,32768000,30570119,Cell-Based,CPU-Parallel,NeoN,8,gpu-nvidia-h100
LDC_N320,32768000,30419108,Cell-Based,CPU-Parallel,NeoN,8,gpu-nvidia-h100
LDC_N320,32768000,30308440,Cell-Based,CPU-Parallel,NeoN,8,gpu-nvidia-h100
LDC_N320,32768000,5757846,Cell-Based,CPU-Parallel,NeoN + Julia,8,gpu-nvidia-h100
LDC_N320,32768000,5771131,Cell-Based,CPU-Parallel,NeoN + Julia,8,gpu-nvidia-h100
LDC_N320,32768000,5874424,Cell-Based,CPU-Parallel,NeoN + Julia,8,gpu-nvidia-h100
LDC_N380,54872000,47233347,Cell-Based,CPU-Parallel,NeoN,16,gpu-nvidia-h200
LDC_N380,54872000,47314303,Cell-Based,CPU-Parallel,NeoN,16,gpu-nvidia-h200
LDC_N380,54872000,47202135,Cell-Based,CPU-Parallel,NeoN,16,gpu-nvidia-h200
LDC_N380,54872000,8512349,Cell-Based,CPU-Parallel,NeoN,16,gpu-nvidia-h200
LDC_N380,54872000,8499877,Cell-Based,CPU-Parallel,NeoN,16,gpu-nvidia-h200
LDC_N380,54872000,8547153,Cell-Based,CPU-Parallel,NeoN,16,gpu-nvidia-h200
LDC_N320,32768000,30616134,Cell-Based,CPU-Parallel,NeoN,16,gpu-nvidia-h100
LDC_N320,32768000,30385423,Cell-Based,CPU-Parallel,NeoN,16,gpu-nvidia-h100
LDC_N320,32768000,30270634,Cell-Based,CPU-Parallel,NeoN,16,gpu-nvidia-h100
LDC_N320,32768000,5704166,Cell-Based,CPU-Parallel,NeoN + Julia,16,gpu-nvidia-h100
LDC_N320,32768000,5560010,Cell-Based,CPU-Parallel,NeoN + Julia,16,gpu-nvidia-h100
LDC_N320,32768000,5575593,Cell-Based,CPU-Parallel,NeoN + Julia,16,gpu-nvidia-h100
LDC_N320,32768000,30261150,Cell-Based,CPU-Parallel,NeoN,32,gpu-nvidia-h100
LDC_N320,32768000,30128569,Cell-Based,CPU-Parallel,NeoN,32,gpu-nvidia-h100
LDC_N320,32768000,30039159,Cell-Based,CPU-Parallel,NeoN,32,gpu-nvidia-h100
LDC_N320,32768000,6023547,Cell-Based,CPU-Parallel,NeoN + Julia,32,gpu-nvidia-h100
LDC_N320,32768000,6081052,Cell-Based,CPU-Parallel,NeoN + Julia,32,gpu-nvidia-h100
LDC_N320,32768000,6088966,Cell-Based,CPU-Parallel,NeoN + Julia,32,gpu-nvidia-h100
LDC_N380,54872000,47386022,Cell-Based,CPU-Parallel,NeoN,32,gpu-nvidia-h200
LDC_N380,54872000,47212128,Cell-Based,CPU-Parallel,NeoN,32,gpu-nvidia-h200
LDC_N380,54872000,47159212,Cell-Based,CPU-Parallel,NeoN,32,gpu-nvidia-h200
LDC_N380,54872000,8581312,Cell-Based,CPU-Parallel,NeoN,32,gpu-nvidia-h200
LDC_N380,54872000,8606188,Cell-Based,CPU-Parallel,NeoN,32,gpu-nvidia-h200
LDC_N380,54872000,8508844,Cell-Based,CPU-Parallel,NeoN,32,gpu-nvidia-h200
LDC_N320,32768000,30466081,Cell-Based,CPU-Parallel,NeoN,64,gpu-nvidia-h100
LDC_N320,32768000,30273935,Cell-Based,CPU-Parallel,NeoN,64,gpu-nvidia-h100
LDC_N320,32768000,30274502,Cell-Based,CPU-Parallel,NeoN,64,gpu-nvidia-h100
LDC_N320,32768000,6080366,Cell-Based,CPU-Parallel,NeoN + Julia,64,gpu-nvidia-h100
LDC_N320,32768000,7994472,Cell-Based,CPU-Parallel,NeoN + Julia,64,gpu-nvidia-h100
LDC_N320,32768000,7939442,Cell-Based,CPU-Parallel,NeoN + Julia,64,gpu-nvidia-h100
LDC_N380,54872000,46917417,Cell-Based,CPU-Parallel,NeoN,64,gpu-nvidia-h200
LDC_N380,54872000,47037854,Cell-Based,CPU-Parallel,NeoN,64,gpu-nvidia-h200
LDC_N380,54872000,46846950,Cell-Based,CPU-Parallel,NeoN,64,gpu-nvidia-h200
LDC_N380,54872000,9088682,Cell-Based,CPU-Parallel,NeoN,64,gpu-nvidia-h200
LDC_N380,54872000,9034352,Cell-Based,CPU-Parallel,NeoN,64,gpu-nvidia-h200
LDC_N380,54872000,9151436,Cell-Based,CPU-Parallel,NeoN,64,gpu-nvidia-h200
LDC_N320,32768000,30319572,Cell-Based,CPU-Parallel,NeoN,128,gpu-nvidia-h100
LDC_N320,32768000,30239884,Cell-Based,CPU-Parallel,NeoN,128,gpu-nvidia-h100
LDC_N320,32768000,30154389,Cell-Based,CPU-Parallel,NeoN,128,gpu-nvidia-h100
LDC_N320,32768000,8160619,Cell-Based,CPU-Parallel,NeoN + Julia,128,gpu-nvidia-h100
LDC_N320,32768000,8045511,Cell-Based,CPU-Parallel,NeoN + Julia,128,gpu-nvidia-h100
LDC_N320,32768000,7833221,Cell-Based,CPU-Parallel,NeoN + Julia,128,gpu-nvidia-h100
LDC_N380,54872000,47277880,Cell-Based,CPU-Parallel,NeoN,128,gpu-nvidia-h200
LDC_N380,54872000,47353666,Cell-Based,CPU-Parallel,NeoN,128,gpu-nvidia-h200
LDC_N380,54872000,47273318,Cell-Based,CPU-Parallel,NeoN,128,gpu-nvidia-h200
LDC_N380,54872000,9408581,Cell-Based,CPU-Parallel,NeoN,128,gpu-nvidia-h200
LDC_N380,54872000,9326332,Cell-Based,CPU-Parallel,NeoN,128,gpu-nvidia-h200
LDC_N380,54872000,9202610,Cell-Based,CPU-Parallel,NeoN,128,gpu-nvidia-h200
LDC_N340,39304000,36275340,Cell-Based,CPU-Parallel,NeoN,1,gpu-nvidia-h100
LDC_N340,39304000,36307631,Cell-Based,CPU-Parallel,NeoN,1,gpu-nvidia-h100
LDC_N340,39304000,36289805,Cell-Based,CPU-Parallel,NeoN,1,gpu-nvidia-h100
LDC_N340,39304000,9959891,Cell-Based,CPU-Parallel,NeoN + Julia,1,gpu-nvidia-h100
LDC_N340,39304000,9939935,Cell-Based,CPU-Parallel,NeoN + Julia,1,gpu-nvidia-h100
LDC_N340,39304000,9981117,Cell-Based,CPU-Parallel,NeoN + Julia,1,gpu-nvidia-h100
LDC_N340,39304000,36420041,Cell-Based,CPU-Parallel,NeoN,2,gpu-nvidia-h100
LDC_N340,39304000,36405528,Cell-Based,CPU-Parallel,NeoN,2,gpu-nvidia-h100
LDC_N340,39304000,36396931,Cell-Based,CPU-Parallel,NeoN,2,gpu-nvidia-h100
LDC_N340,39304000,7528673,Cell-Based,CPU-Parallel,NeoN + Julia,2,gpu-nvidia-h100
LDC_N340,39304000,7201236,Cell-Based,CPU-Parallel,NeoN + Julia,2,gpu-nvidia-h100
LDC_N340,39304000,7112300,Cell-Based,CPU-Parallel,NeoN + Julia,2,gpu-nvidia-h100
LDC_N340,39304000,36338863,Cell-Based,CPU-Parallel,NeoN,4,gpu-nvidia-h100
LDC_N340,39304000,36384841,Cell-Based,CPU-Parallel,NeoN,4,gpu-nvidia-h100
LDC_N340,39304000,36383586,Cell-Based,CPU-Parallel,NeoN,4,gpu-nvidia-h100
LDC_N340,39304000,8492544,Cell-Based,CPU-Parallel,NeoN + Julia,4,gpu-nvidia-h100
LDC_N340,39304000,9766531,Cell-Based,CPU-Parallel,NeoN + Julia,4,gpu-nvidia-h100
LDC_N340,39304000,9834754,Cell-Based,CPU-Parallel,NeoN + Julia,4,gpu-nvidia-h100
LDC_N340,39304000,36585200,Cell-Based,CPU-Parallel,NeoN,8,gpu-nvidia-h100
LDC_N340,39304000,36266805,Cell-Based,CPU-Parallel,NeoN,8,gpu-nvidia-h100
LDC_N340,39304000,36288250,Cell-Based,CPU-Parallel,NeoN,8,gpu-nvidia-h100
LDC_N340,39304000,6849926,Cell-Based,CPU-Parallel,NeoN + Julia,8,gpu-nvidia-h100
LDC_N340,39304000,6989865,Cell-Based,CPU-Parallel,NeoN + Julia,8,gpu-nvidia-h100
LDC_N340,39304000,6984851,Cell-Based,CPU-Parallel,NeoN + Julia,8,gpu-nvidia-h100
LDC_N340,39304000,36255747,Cell-Based,CPU-Parallel,NeoN,16,gpu-nvidia-h100
LDC_N340,39304000,36285352,Cell-Based,CPU-Parallel,NeoN,16,gpu-nvidia-h100
LDC_N340,39304000,36278168,Cell-Based,CPU-Parallel,NeoN,16,gpu-nvidia-h100
LDC_N340,39304000,6645639,Cell-Based,CPU-Parallel,NeoN + Julia,16,gpu-nvidia-h100
LDC_N340,39304000,6739937,Cell-Based,CPU-Parallel,NeoN + Julia,16,gpu-nvidia-h100
LDC_N340,39304000,6677480,Cell-Based,CPU-Parallel,NeoN + Julia,16,gpu-nvidia-h100
LDC_N340,39304000,36645958,Cell-Based,CPU-Parallel,NeoN,32,gpu-nvidia-h100
LDC_N340,39304000,36372757,Cell-Based,CPU-Parallel,NeoN,32,gpu-nvidia-h100
LDC_N340,39304000,36281196,Cell-Based,CPU-Parallel,NeoN,32,gpu-nvidia-h100
LDC_N340,39304000,8913759,Cell-Based,CPU-Parallel,NeoN + Julia,32,gpu-nvidia-h100
LDC_N340,39304000,9212950,Cell-Based,CPU-Parallel,NeoN + Julia,32,gpu-nvidia-h100
LDC_N340,39304000,9420341,Cell-Based,CPU-Parallel,NeoN + Julia,32,gpu-nvidia-h100
LDC_N340,39304000,36221448,Cell-Based,CPU-Parallel,NeoN,64,gpu-nvidia-h100
LDC_N340,39304000,36156538,Cell-Based,CPU-Parallel,NeoN,64,gpu-nvidia-h100
LDC_N340,39304000,36234116,Cell-Based,CPU-Parallel,NeoN,64,gpu-nvidia-h100
LDC_N340,39304000,7588845,Cell-Based,CPU-Parallel,NeoN + Julia,64,gpu-nvidia-h100
LDC_N340,39304000,9500465,Cell-Based,CPU-Parallel,NeoN + Julia,64,gpu-nvidia-h100
LDC_N340,39304000,9060060,Cell-Based,CPU-Parallel,NeoN + Julia,64,gpu-nvidia-h100
LDC_N340,39304000,36564365,Cell-Based,CPU-Parallel,NeoN,128,gpu-nvidia-h100
LDC_N340,39304000,36408672,Cell-Based,CPU-Parallel,NeoN,128,gpu-nvidia-h100
LDC_N340,39304000,36322201,Cell-Based,CPU-Parallel,NeoN,128,gpu-nvidia-h100
LDC_N340,39304000,10116963,Cell-Based,CPU-Parallel,NeoN + Julia,128,gpu-nvidia-h100
LDC_N340,39304000,9964739,Cell-Based,CPU-Parallel,NeoN + Julia,128,gpu-nvidia-h100
LDC_N340,39304000,9681725,Cell-Based,CPU-Parallel,NeoN + Julia,128,gpu-nvidia-h100
LDC_N360,46656000,43111329,Cell-Based,CPU-Parallel,NeoN,1,gpu-nvidia-h100
LDC_N360,46656000,43122284,Cell-Based,CPU-Parallel,NeoN,1,gpu-nvidia-h100
LDC_N360,46656000,43133223,Cell-Based,CPU-Parallel,NeoN,1,gpu-nvidia-h100
LDC_N360,46656000,15013016,Cell-Based,CPU-Parallel,NeoN + Julia,1,gpu-nvidia-h100
LDC_N360,46656000,15026350,Cell-Based,CPU-Parallel,NeoN + Julia,1,gpu-nvidia-h100
LDC_N360,46656000,15063792,Cell-Based,CPU-Parallel,NeoN + Julia,1,gpu-nvidia-h100
LDC_N360,46656000,43428042,Cell-Based,CPU-Parallel,NeoN,2,gpu-nvidia-h100
LDC_N360,46656000,43410748,Cell-Based,CPU-Parallel,NeoN,2,gpu-nvidia-h100
LDC_N360,46656000,43377960,Cell-Based,CPU-Parallel,NeoN,2,gpu-nvidia-h100
LDC_N360,46656000,9167984,Cell-Based,CPU-Parallel,NeoN + Julia,2,gpu-nvidia-h100
LDC_N360,46656000,8832150,Cell-Based,CPU-Parallel,NeoN + Julia,2,gpu-nvidia-h100
LDC_N360,46656000,9003351,Cell-Based,CPU-Parallel,NeoN + Julia,2,gpu-nvidia-h100
LDC_N360,46656000,43460632,Cell-Based,CPU-Parallel,NeoN,4,gpu-nvidia-h100
LDC_N360,46656000,43230959,Cell-Based,CPU-Parallel,NeoN,4,gpu-nvidia-h100
LDC_N360,46656000,43175236,Cell-Based,CPU-Parallel,NeoN,4,gpu-nvidia-h100
LDC_N360,46656000,11837512,Cell-Based,CPU-Parallel,NeoN + Julia,4,gpu-nvidia-h100
LDC_N360,46656000,11068071,Cell-Based,CPU-Parallel,NeoN + Julia,4,gpu-nvidia-h100
LDC_N360,46656000,11362271,Cell-Based,CPU-Parallel,NeoN + Julia,4,gpu-nvidia-h100
LDC_N360,46656000,43496282,Cell-Based,CPU-Parallel,NeoN,8,gpu-nvidia-h100
LDC_N360,46656000,43283506,Cell-Based,CPU-Parallel,NeoN,8,gpu-nvidia-h100
LDC_N360,46656000,43050201,Cell-Based,CPU-Parallel,NeoN,8,gpu-nvidia-h100
LDC_N360,46656000,7982877,Cell-Based,CPU-Parallel,NeoN + Julia,8,gpu-nvidia-h100
LDC_N360,46656000,8189913,Cell-Based,CPU-Parallel,NeoN + Julia,8,gpu-nvidia-h100
LDC_N360,46656000,10942797,Cell-Based,CPU-Parallel,NeoN + Julia,8,gpu-nvidia-h100
LDC_N360,46656000,43284366,Cell-Based,CPU-Parallel,NeoN,16,gpu-nvidia-h100
LDC_N360,46656000,43047151,Cell-Based,CPU-Parallel,NeoN,16,gpu-nvidia-h100
LDC_N360,46656000,43043158,Cell-Based,CPU-Parallel,NeoN,16,gpu-nvidia-h100
LDC_N360,46656000,10459112,Cell-Based,CPU-Parallel,NeoN + Julia,16,gpu-nvidia-h100
LDC_N360,46656000,10912188,Cell-Based,CPU-Parallel,NeoN + Julia,16,gpu-nvidia-h100
LDC_N360,46656000,10001810,Cell-Based,CPU-Parallel,NeoN + Julia,16,gpu-nvidia-h100
LDC_N360,46656000,43317906,Cell-Based,CPU-Parallel,NeoN,32,gpu-nvidia-h100
LDC_N360,46656000,42992517,Cell-Based,CPU-Parallel,NeoN,32,gpu-nvidia-h100
LDC_N360,46656000,42969099,Cell-Based,CPU-Parallel,NeoN,32,gpu-nvidia-h100
LDC_N360,46656000,8365702,Cell-Based,CPU-Parallel,NeoN + Julia,32,gpu-nvidia-h100
LDC_N360,46656000,8503774,Cell-Based,CPU-Parallel,NeoN + Julia,32,gpu-nvidia-h100
LDC_N360,46656000,11165246,Cell-Based,CPU-Parallel,NeoN + Julia,32,gpu-nvidia-h100
LDC_N360,46656000,43237273,Cell-Based,CPU-Parallel,NeoN,64,gpu-nvidia-h100
LDC_N360,46656000,43052316,Cell-Based,CPU-Parallel,NeoN,64,gpu-nvidia-h100
LDC_N360,46656000,42735670,Cell-Based,CPU-Parallel,NeoN,64,gpu-nvidia-h100
LDC_N360,46656000,11181317,Cell-Based,CPU-Parallel,NeoN + Julia,64,gpu-nvidia-h100
LDC_N360,46656000,11092239,Cell-Based,CPU-Parallel,NeoN + Julia,64,gpu-nvidia-h100
LDC_N360,46656000,10970445,Cell-Based,CPU-Parallel,NeoN + Julia,64,gpu-nvidia-h100
LDC_N360,46656000,43415477,Cell-Based,CPU-Parallel,NeoN,128,gpu-nvidia-h100
LDC_N360,46656000,43258373,Cell-Based,CPU-Parallel,NeoN,128,gpu-nvidia-h100
LDC_N360,46656000,42943919,Cell-Based,CPU-Parallel,NeoN,128,gpu-nvidia-h100
LDC_N360,46656000,10594091,Cell-Based,CPU-Parallel,NeoN + Julia,128,gpu-nvidia-h100
LDC_N360,46656000,10937519,Cell-Based,CPU-Parallel,NeoN + Julia,128,gpu-nvidia-h100
LDC_N360,46656000,10671361,Cell-Based,CPU-Parallel,NeoN + Julia,128,gpu-nvidia-h100

LDC_N10,1000,905,Face-Based (Fused),CPU-Parallel,NeoN,1,gpu-nvidia-h200
LDC_N10,1000,880,Face-Based (Fused),CPU-Parallel,NeoN,1,gpu-nvidia-h200
LDC_N10,1000,891,Face-Based (Fused),CPU-Parallel,NeoN,1,gpu-nvidia-h200
LDC_N10,1000,585,Face-Based (Fused),CPU-Parallel,NeoN,2,gpu-nvidia-h200
LDC_N10,1000,566,Face-Based (Fused),CPU-Parallel,NeoN,2,gpu-nvidia-h200
LDC_N10,1000,583,Face-Based (Fused),CPU-Parallel,NeoN,2,gpu-nvidia-h200
LDC_N10,1000,367,Face-Based (Fused),CPU-Parallel,NeoN,4,gpu-nvidia-h200
LDC_N10,1000,355,Face-Based (Fused),CPU-Parallel,NeoN,4,gpu-nvidia-h200
LDC_N10,1000,364,Face-Based (Fused),CPU-Parallel,NeoN,4,gpu-nvidia-h200
LDC_N10,1000,245,Face-Based (Fused),CPU-Parallel,NeoN,8,gpu-nvidia-h200
LDC_N10,1000,245,Face-Based (Fused),CPU-Parallel,NeoN,8,gpu-nvidia-h200
LDC_N10,1000,258,Face-Based (Fused),CPU-Parallel,NeoN,8,gpu-nvidia-h200
LDC_N10,1000,181,Face-Based (Fused),CPU-Parallel,NeoN,16,gpu-nvidia-h200
LDC_N10,1000,174,Face-Based (Fused),CPU-Parallel,NeoN,16,gpu-nvidia-h200
LDC_N10,1000,172,Face-Based (Fused),CPU-Parallel,NeoN,16,gpu-nvidia-h200
LDC_N10,1000,150,Face-Based (Fused),CPU-Parallel,NeoN,32,gpu-nvidia-h200
LDC_N10,1000,147,Face-Based (Fused),CPU-Parallel,NeoN,32,gpu-nvidia-h200
LDC_N10,1000,148,Face-Based (Fused),CPU-Parallel,NeoN,32,gpu-nvidia-h200
LDC_N10,1000,150,Face-Based (Fused),CPU-Parallel,NeoN,64,gpu-nvidia-h200
LDC_N10,1000,156,Face-Based (Fused),CPU-Parallel,NeoN,64,gpu-nvidia-h200
LDC_N10,1000,150,Face-Based (Fused),CPU-Parallel,NeoN,64,gpu-nvidia-h200
LDC_N10,1000,236,Face-Based (Fused),CPU-Parallel,NeoN,128,gpu-nvidia-h200
LDC_N10,1000,221,Face-Based (Fused),CPU-Parallel,NeoN,128,gpu-nvidia-h200
LDC_N10,1000,215,Face-Based (Fused),CPU-Parallel,NeoN,128,gpu-nvidia-h200
LDC_N20,8000,6672,Face-Based (Fused),CPU-Parallel,NeoN,1,gpu-nvidia-h200
LDC_N20,8000,6734,Face-Based (Fused),CPU-Parallel,NeoN,1,gpu-nvidia-h200
LDC_N20,8000,6583,Face-Based (Fused),CPU-Parallel,NeoN,1,gpu-nvidia-h200
LDC_N20,8000,4056,Face-Based (Fused),CPU-Parallel,NeoN,2,gpu-nvidia-h200
LDC_N20,8000,3930,Face-Based (Fused),CPU-Parallel,NeoN,2,gpu-nvidia-h200
LDC_N20,8000,3941,Face-Based (Fused),CPU-Parallel,NeoN,2,gpu-nvidia-h200
LDC_N20,8000,2423,Face-Based (Fused),CPU-Parallel,NeoN,4,gpu-nvidia-h200
LDC_N20,8000,2404,Face-Based (Fused),CPU-Parallel,NeoN,4,gpu-nvidia-h200
LDC_N20,8000,2401,Face-Based (Fused),CPU-Parallel,NeoN,4,gpu-nvidia-h200
LDC_N20,8000,1354,Face-Based (Fused),CPU-Parallel,NeoN,8,gpu-nvidia-h200
LDC_N20,8000,1336,Face-Based (Fused),CPU-Parallel,NeoN,8,gpu-nvidia-h200
LDC_N20,8000,1357,Face-Based (Fused),CPU-Parallel,NeoN,8,gpu-nvidia-h200
LDC_N20,8000,831,Face-Based (Fused),CPU-Parallel,NeoN,16,gpu-nvidia-h200
LDC_N20,8000,756,Face-Based (Fused),CPU-Parallel,NeoN,16,gpu-nvidia-h200
LDC_N20,8000,786,Face-Based (Fused),CPU-Parallel,NeoN,16,gpu-nvidia-h200
LDC_N20,8000,536,Face-Based (Fused),CPU-Parallel,NeoN,32,gpu-nvidia-h200
LDC_N20,8000,498,Face-Based (Fused),CPU-Parallel,NeoN,32,gpu-nvidia-h200
LDC_N20,8000,499,Face-Based (Fused),CPU-Parallel,NeoN,32,gpu-nvidia-h200
LDC_N20,8000,415,Face-Based (Fused),CPU-Parallel,NeoN,64,gpu-nvidia-h200
LDC_N20,8000,390,Face-Based (Fused),CPU-Parallel,NeoN,64,gpu-nvidia-h200
LDC_N20,8000,378,Face-Based (Fused),CPU-Parallel,NeoN,64,gpu-nvidia-h200
LDC_N20,8000,396,Face-Based (Fused),CPU-Parallel,NeoN,128,gpu-nvidia-h200
LDC_N20,8000,381,Face-Based (Fused),CPU-Parallel,NeoN,128,gpu-nvidia-h200
LDC_N20,8000,393,Face-Based (Fused),CPU-Parallel,NeoN,128,gpu-nvidia-h200
LDC_N30,27000,21791,Face-Based (Fused),CPU-Parallel,NeoN,1,gpu-nvidia-h200
LDC_N30,27000,21648,Face-Based (Fused),CPU-Parallel,NeoN,1,gpu-nvidia-h200
LDC_N30,27000,21849,Face-Based (Fused),CPU-Parallel,NeoN,1,gpu-nvidia-h200
LDC_N30,27000,13779,Face-Based (Fused),CPU-Parallel,NeoN,2,gpu-nvidia-h200
LDC_N30,27000,13742,Face-Based (Fused),CPU-Parallel,NeoN,2,gpu-nvidia-h200
LDC_N30,27000,13714,Face-Based (Fused),CPU-Parallel,NeoN,2,gpu-nvidia-h200
LDC_N30,27000,7850,Face-Based (Fused),CPU-Parallel,NeoN,4,gpu-nvidia-h200
LDC_N30,27000,7909,Face-Based (Fused),CPU-Parallel,NeoN,4,gpu-nvidia-h200
LDC_N30,27000,7893,Face-Based (Fused),CPU-Parallel,NeoN,4,gpu-nvidia-h200
LDC_N30,27000,4357,Face-Based (Fused),CPU-Parallel,NeoN,8,gpu-nvidia-h200
LDC_N30,27000,4227,Face-Based (Fused),CPU-Parallel,NeoN,8,gpu-nvidia-h200
LDC_N30,27000,4197,Face-Based (Fused),CPU-Parallel,NeoN,8,gpu-nvidia-h200
LDC_N30,27000,2302,Face-Based (Fused),CPU-Parallel,NeoN,16,gpu-nvidia-h200
LDC_N30,27000,2172,Face-Based (Fused),CPU-Parallel,NeoN,16,gpu-nvidia-h200
LDC_N30,27000,2175,Face-Based (Fused),CPU-Parallel,NeoN,16,gpu-nvidia-h200
LDC_N30,27000,2492,Face-Based (Fused),CPU-Parallel,NeoN,32,gpu-nvidia-h200
LDC_N30,27000,2512,Face-Based (Fused),CPU-Parallel,NeoN,32,gpu-nvidia-h200
LDC_N30,27000,1358,Face-Based (Fused),CPU-Parallel,NeoN,32,gpu-nvidia-h200
LDC_N30,27000,1027,Face-Based (Fused),CPU-Parallel,NeoN,64,gpu-nvidia-h200
LDC_N30,27000,1000,Face-Based (Fused),CPU-Parallel,NeoN,64,gpu-nvidia-h200
LDC_N30,27000,925,Face-Based (Fused),CPU-Parallel,NeoN,64,gpu-nvidia-h200
LDC_N30,27000,804,Face-Based (Fused),CPU-Parallel,NeoN,128,gpu-nvidia-h200
LDC_N30,27000,818,Face-Based (Fused),CPU-Parallel,NeoN,128,gpu-nvidia-h200
LDC_N30,27000,755,Face-Based (Fused),CPU-Parallel,NeoN,128,gpu-nvidia-h200
LDC_N40,64000,49555,Face-Based (Fused),CPU-Parallel,NeoN,1,gpu-nvidia-h200
LDC_N40,64000,49118,Face-Based (Fused),CPU-Parallel,NeoN,1,gpu-nvidia-h200
LDC_N40,64000,49201,Face-Based (Fused),CPU-Parallel,NeoN,1,gpu-nvidia-h200
LDC_N40,64000,30079,Face-Based (Fused),CPU-Parallel,NeoN,2,gpu-nvidia-h200
LDC_N40,64000,30416,Face-Based (Fused),CPU-Parallel,NeoN,2,gpu-nvidia-h200
LDC_N40,64000,30426,Face-Based (Fused),CPU-Parallel,NeoN,2,gpu-nvidia-h200
LDC_N40,64000,16818,Face-Based (Fused),CPU-Parallel,NeoN,4,gpu-nvidia-h200
LDC_N40,64000,17920,Face-Based (Fused),CPU-Parallel,NeoN,4,gpu-nvidia-h200
LDC_N40,64000,17604,Face-Based (Fused),CPU-Parallel,NeoN,4,gpu-nvidia-h200
LDC_N40,64000,9147,Face-Based (Fused),CPU-Parallel,NeoN,8,gpu-nvidia-h200
LDC_N40,64000,9561,Face-Based (Fused),CPU-Parallel,NeoN,8,gpu-nvidia-h200
LDC_N40,64000,9220,Face-Based (Fused),CPU-Parallel,NeoN,8,gpu-nvidia-h200
LDC_N40,64000,5116,Face-Based (Fused),CPU-Parallel,NeoN,16,gpu-nvidia-h200
LDC_N40,64000,4840,Face-Based (Fused),CPU-Parallel,NeoN,16,gpu-nvidia-h200
LDC_N40,64000,4687,Face-Based (Fused),CPU-Parallel,NeoN,16,gpu-nvidia-h200
LDC_N40,64000,2838,Face-Based (Fused),CPU-Parallel,NeoN,32,gpu-nvidia-h200
LDC_N40,64000,2707,Face-Based (Fused),CPU-Parallel,NeoN,32,gpu-nvidia-h200
LDC_N40,64000,2645,Face-Based (Fused),CPU-Parallel,NeoN,32,gpu-nvidia-h200
LDC_N40,64000,1823,Face-Based (Fused),CPU-Parallel,NeoN,64,gpu-nvidia-h200
LDC_N40,64000,1783,Face-Based (Fused),CPU-Parallel,NeoN,64,gpu-nvidia-h200
LDC_N40,64000,1733,Face-Based (Fused),CPU-Parallel,NeoN,64,gpu-nvidia-h200
LDC_N40,64000,1396,Face-Based (Fused),CPU-Parallel,NeoN,128,gpu-nvidia-h200
LDC_N40,64000,1372,Face-Based (Fused),CPU-Parallel,NeoN,128,gpu-nvidia-h200
LDC_N40,64000,1387,Face-Based (Fused),CPU-Parallel,NeoN,128,gpu-nvidia-h200
LDC_N50,125000,97830,Face-Based (Fused),CPU-Parallel,NeoN,1,gpu-nvidia-h200
LDC_N50,125000,97235,Face-Based (Fused),CPU-Parallel,NeoN,1,gpu-nvidia-h200
LDC_N50,125000,97282,Face-Based (Fused),CPU-Parallel,NeoN,1,gpu-nvidia-h200
LDC_N50,125000,60377,Face-Based (Fused),CPU-Parallel,NeoN,2,gpu-nvidia-h200
LDC_N50,125000,59980,Face-Based (Fused),CPU-Parallel,NeoN,2,gpu-nvidia-h200
LDC_N50,125000,60017,Face-Based (Fused),CPU-Parallel,NeoN,2,gpu-nvidia-h200
LDC_N50,125000,32983,Face-Based (Fused),CPU-Parallel,NeoN,4,gpu-nvidia-h200
LDC_N50,125000,33199,Face-Based (Fused),CPU-Parallel,NeoN,4,gpu-nvidia-h200
LDC_N50,125000,33379,Face-Based (Fused),CPU-Parallel,NeoN,4,gpu-nvidia-h200
LDC_N50,125000,18190,Face-Based (Fused),CPU-Parallel,NeoN,8,gpu-nvidia-h200
LDC_N50,125000,17645,Face-Based (Fused),CPU-Parallel,NeoN,8,gpu-nvidia-h200
LDC_N50,125000,17238,Face-Based (Fused),CPU-Parallel,NeoN,8,gpu-nvidia-h200
LDC_N50,125000,9533,Face-Based (Fused),CPU-Parallel,NeoN,16,gpu-nvidia-h200
LDC_N50,125000,9744,Face-Based (Fused),CPU-Parallel,NeoN,16,gpu-nvidia-h200
LDC_N50,125000,9583,Face-Based (Fused),CPU-Parallel,NeoN,16,gpu-nvidia-h200
LDC_N50,125000,5364,Face-Based (Fused),CPU-Parallel,NeoN,32,gpu-nvidia-h200
LDC_N50,125000,5031,Face-Based (Fused),CPU-Parallel,NeoN,32,gpu-nvidia-h200
LDC_N50,125000,4987,Face-Based (Fused),CPU-Parallel,NeoN,32,gpu-nvidia-h200

LDC_N50,125000,3598,Face-Based (Fused),CPU-Parallel,NeoN,64,gpu-nvidia-h200
LDC_N50,125000,3428,Face-Based (Fused),CPU-Parallel,NeoN,64,gpu-nvidia-h200
LDC_N50,125000,3088,Face-Based (Fused),CPU-Parallel,NeoN,64,gpu-nvidia-h200

LDC_N50,125000,2463,Face-Based (Fused),CPU-Parallel,NeoN,128,gpu-nvidia-h200
LDC_N50,125000,2529,Face-Based (Fused),CPU-Parallel,NeoN,128,gpu-nvidia-h200
LDC_N60,216000,170426,Face-Based (Fused),CPU-Parallel,NeoN,1,gpu-nvidia-h200
LDC_N60,216000,169017,Face-Based (Fused),CPU-Parallel,NeoN,1,gpu-nvidia-h200
LDC_N60,216000,168212,Face-Based (Fused),CPU-Parallel,NeoN,1,gpu-nvidia-h200
LDC_N60,216000,103548,Face-Based (Fused),CPU-Parallel,NeoN,2,gpu-nvidia-h200
LDC_N60,216000,106154,Face-Based (Fused),CPU-Parallel,NeoN,2,gpu-nvidia-h200
LDC_N60,216000,103452,Face-Based (Fused),CPU-Parallel,NeoN,2,gpu-nvidia-h200
LDC_N60,216000,57982,Face-Based (Fused),CPU-Parallel,NeoN,4,gpu-nvidia-h200
LDC_N60,216000,57170,Face-Based (Fused),CPU-Parallel,NeoN,4,gpu-nvidia-h200
LDC_N60,216000,58476,Face-Based (Fused),CPU-Parallel,NeoN,4,gpu-nvidia-h200
LDC_N60,216000,31473,Face-Based (Fused),CPU-Parallel,NeoN,8,gpu-nvidia-h200
LDC_N60,216000,31906,Face-Based (Fused),CPU-Parallel,NeoN,8,gpu-nvidia-h200
LDC_N60,216000,31688,Face-Based (Fused),CPU-Parallel,NeoN,8,gpu-nvidia-h200
LDC_N60,216000,16564,Face-Based (Fused),CPU-Parallel,NeoN,16,gpu-nvidia-h200
LDC_N60,216000,16693,Face-Based (Fused),CPU-Parallel,NeoN,16,gpu-nvidia-h200
LDC_N60,216000,16592,Face-Based (Fused),CPU-Parallel,NeoN,16,gpu-nvidia-h200
LDC_N60,216000,13127,Face-Based (Fused),CPU-Parallel,NeoN,32,gpu-nvidia-h200
LDC_N60,216000,9499,Face-Based (Fused),CPU-Parallel,NeoN,32,gpu-nvidia-h200
LDC_N60,216000,9293,Face-Based (Fused),CPU-Parallel,NeoN,32,gpu-nvidia-h200
LDC_N60,216000,5853,Face-Based (Fused),CPU-Parallel,NeoN,64,gpu-nvidia-h200
LDC_N60,216000,5546,Face-Based (Fused),CPU-Parallel,NeoN,64,gpu-nvidia-h200
LDC_N60,216000,5561,Face-Based (Fused),CPU-Parallel,NeoN,64,gpu-nvidia-h200
LDC_N60,216000,3952,Face-Based (Fused),CPU-Parallel,NeoN,128,gpu-nvidia-h200
LDC_N60,216000,3988,Face-Based (Fused),CPU-Parallel,NeoN,128,gpu-nvidia-h200
LDC_N60,216000,4023,Face-Based (Fused),CPU-Parallel,NeoN,128,gpu-nvidia-h200
LDC_N70,343000,269924,Face-Based (Fused),CPU-Parallel,NeoN,1,gpu-nvidia-h200
LDC_N70,343000,269722,Face-Based (Fused),CPU-Parallel,NeoN,1,gpu-nvidia-h200
LDC_N70,343000,269142,Face-Based (Fused),CPU-Parallel,NeoN,1,gpu-nvidia-h200
LDC_N70,343000,168594,Face-Based (Fused),CPU-Parallel,NeoN,2,gpu-nvidia-h200
LDC_N70,343000,168290,Face-Based (Fused),CPU-Parallel,NeoN,2,gpu-nvidia-h200
LDC_N70,343000,165606,Face-Based (Fused),CPU-Parallel,NeoN,2,gpu-nvidia-h200
LDC_N70,343000,92874,Face-Based (Fused),CPU-Parallel,NeoN,4,gpu-nvidia-h200
LDC_N70,343000,92239,Face-Based (Fused),CPU-Parallel,NeoN,4,gpu-nvidia-h200
LDC_N70,343000,92394,Face-Based (Fused),CPU-Parallel,NeoN,4,gpu-nvidia-h200
LDC_N70,343000,48425,Face-Based (Fused),CPU-Parallel,NeoN,8,gpu-nvidia-h200
LDC_N70,343000,48184,Face-Based (Fused),CPU-Parallel,NeoN,8,gpu-nvidia-h200
LDC_N70,343000,47461,Face-Based (Fused),CPU-Parallel,NeoN,8,gpu-nvidia-h200
LDC_N70,343000,25420,Face-Based (Fused),CPU-Parallel,NeoN,16,gpu-nvidia-h200
LDC_N70,343000,25210,Face-Based (Fused),CPU-Parallel,NeoN,16,gpu-nvidia-h200
LDC_N70,343000,25390,Face-Based (Fused),CPU-Parallel,NeoN,16,gpu-nvidia-h200
LDC_N70,343000,14419,Face-Based (Fused),CPU-Parallel,NeoN,32,gpu-nvidia-h200
LDC_N70,343000,13427,Face-Based (Fused),CPU-Parallel,NeoN,32,gpu-nvidia-h200
LDC_N70,343000,13378,Face-Based (Fused),CPU-Parallel,NeoN,32,gpu-nvidia-h200
LDC_N70,343000,7716,Face-Based (Fused),CPU-Parallel,NeoN,64,gpu-nvidia-h200
LDC_N70,343000,7770,Face-Based (Fused),CPU-Parallel,NeoN,64,gpu-nvidia-h200
LDC_N70,343000,7551,Face-Based (Fused),CPU-Parallel,NeoN,64,gpu-nvidia-h200
LDC_N70,343000,6160,Face-Based (Fused),CPU-Parallel,NeoN,128,gpu-nvidia-h200
LDC_N70,343000,6252,Face-Based (Fused),CPU-Parallel,NeoN,128,gpu-nvidia-h200
LDC_N70,343000,6121,Face-Based (Fused),CPU-Parallel,NeoN,128,gpu-nvidia-h200
LDC_N80,512000,419129,Face-Based (Fused),CPU-Parallel,NeoN,1,gpu-nvidia-h200
LDC_N80,512000,413768,Face-Based (Fused),CPU-Parallel,NeoN,1,gpu-nvidia-h200
LDC_N80,512000,411904,Face-Based (Fused),CPU-Parallel,NeoN,1,gpu-nvidia-h200
LDC_N80,512000,249559,Face-Based (Fused),CPU-Parallel,NeoN,2,gpu-nvidia-h200
LDC_N80,512000,245267,Face-Based (Fused),CPU-Parallel,NeoN,2,gpu-nvidia-h200
LDC_N80,512000,243409,Face-Based (Fused),CPU-Parallel,NeoN,2,gpu-nvidia-h200
LDC_N80,512000,139252,Face-Based (Fused),CPU-Parallel,NeoN,4,gpu-nvidia-h200
LDC_N80,512000,136855,Face-Based (Fused),CPU-Parallel,NeoN,4,gpu-nvidia-h200
LDC_N80,512000,136570,Face-Based (Fused),CPU-Parallel,NeoN,4,gpu-nvidia-h200
LDC_N80,512000,74597,Face-Based (Fused),CPU-Parallel,NeoN,8,gpu-nvidia-h200
LDC_N80,512000,74122,Face-Based (Fused),CPU-Parallel,NeoN,8,gpu-nvidia-h200
LDC_N80,512000,74083,Face-Based (Fused),CPU-Parallel,NeoN,8,gpu-nvidia-h200
LDC_N80,512000,37986,Face-Based (Fused),CPU-Parallel,NeoN,16,gpu-nvidia-h200
LDC_N80,512000,38432,Face-Based (Fused),CPU-Parallel,NeoN,16,gpu-nvidia-h200
LDC_N80,512000,37593,Face-Based (Fused),CPU-Parallel,NeoN,16,gpu-nvidia-h200
LDC_N80,512000,21035,Face-Based (Fused),CPU-Parallel,NeoN,32,gpu-nvidia-h200
LDC_N80,512000,20816,Face-Based (Fused),CPU-Parallel,NeoN,32,gpu-nvidia-h200
LDC_N80,512000,21057,Face-Based (Fused),CPU-Parallel,NeoN,32,gpu-nvidia-h200
LDC_N80,512000,12198,Face-Based (Fused),CPU-Parallel,NeoN,64,gpu-nvidia-h200
LDC_N80,512000,11922,Face-Based (Fused),CPU-Parallel,NeoN,64,gpu-nvidia-h200
LDC_N80,512000,11876,Face-Based (Fused),CPU-Parallel,NeoN,64,gpu-nvidia-h200
LDC_N80,512000,10000,Face-Based (Fused),CPU-Parallel,NeoN,128,gpu-nvidia-h200
LDC_N80,512000,9473,Face-Based (Fused),CPU-Parallel,NeoN,128,gpu-nvidia-h200
LDC_N80,512000,9210,Face-Based (Fused),CPU-Parallel,NeoN,128,gpu-nvidia-h200
LDC_N90,729000,563535,Face-Based (Fused),CPU-Parallel,NeoN,1,gpu-nvidia-h200
LDC_N90,729000,562611,Face-Based (Fused),CPU-Parallel,NeoN,1,gpu-nvidia-h200
LDC_N90,729000,561983,Face-Based (Fused),CPU-Parallel,NeoN,1,gpu-nvidia-h200
LDC_N90,729000,361460,Face-Based (Fused),CPU-Parallel,NeoN,2,gpu-nvidia-h200
LDC_N90,729000,360683,Face-Based (Fused),CPU-Parallel,NeoN,2,gpu-nvidia-h200
LDC_N90,729000,361893,Face-Based (Fused),CPU-Parallel,NeoN,2,gpu-nvidia-h200
LDC_N90,729000,203683,Face-Based (Fused),CPU-Parallel,NeoN,4,gpu-nvidia-h200
LDC_N90,729000,205563,Face-Based (Fused),CPU-Parallel,NeoN,4,gpu-nvidia-h200
LDC_N90,729000,205983,Face-Based (Fused),CPU-Parallel,NeoN,4,gpu-nvidia-h200
LDC_N90,729000,108825,Face-Based (Fused),CPU-Parallel,NeoN,8,gpu-nvidia-h200
LDC_N90,729000,110203,Face-Based (Fused),CPU-Parallel,NeoN,8,gpu-nvidia-h200
LDC_N90,729000,108609,Face-Based (Fused),CPU-Parallel,NeoN,8,gpu-nvidia-h200
LDC_N90,729000,57783,Face-Based (Fused),CPU-Parallel,NeoN,16,gpu-nvidia-h200
LDC_N90,729000,56808,Face-Based (Fused),CPU-Parallel,NeoN,16,gpu-nvidia-h200
LDC_N90,729000,56539,Face-Based (Fused),CPU-Parallel,NeoN,16,gpu-nvidia-h200
LDC_N90,729000,29109,Face-Based (Fused),CPU-Parallel,NeoN,32,gpu-nvidia-h200
LDC_N90,729000,28549,Face-Based (Fused),CPU-Parallel,NeoN,32,gpu-nvidia-h200
LDC_N90,729000,28800,Face-Based (Fused),CPU-Parallel,NeoN,32,gpu-nvidia-h200
LDC_N90,729000,20533,Face-Based (Fused),CPU-Parallel,NeoN,64,gpu-nvidia-h200
LDC_N90,729000,20115,Face-Based (Fused),CPU-Parallel,NeoN,64,gpu-nvidia-h200
LDC_N90,729000,20164,Face-Based (Fused),CPU-Parallel,NeoN,64,gpu-nvidia-h200
LDC_N90,729000,13078,Face-Based (Fused),CPU-Parallel,NeoN,128,gpu-nvidia-h200
LDC_N90,729000,13123,Face-Based (Fused),CPU-Parallel,NeoN,128,gpu-nvidia-h200
LDC_N90,729000,13145,Face-Based (Fused),CPU-Parallel,NeoN,128,gpu-nvidia-h200
LDC_N100,1000000,767976,Face-Based (Fused),CPU-Parallel,NeoN,1,gpu-nvidia-h200
LDC_N100,1000000,765271,Face-Based (Fused),CPU-Parallel,NeoN,1,gpu-nvidia-h200
LDC_N100,1000000,765307,Face-Based (Fused),CPU-Parallel,NeoN,1,gpu-nvidia-h200
LDC_N100,1000000,473574,Face-Based (Fused),CPU-Parallel,NeoN,2,gpu-nvidia-h200
LDC_N100,1000000,485179,Face-Based (Fused),CPU-Parallel,NeoN,2,gpu-nvidia-h200
LDC_N100,1000000,485750,Face-Based (Fused),CPU-Parallel,NeoN,2,gpu-nvidia-h200
LDC_N100,1000000,273423,Face-Based (Fused),CPU-Parallel,NeoN,4,gpu-nvidia-h200
LDC_N100,1000000,273382,Face-Based (Fused),CPU-Parallel,NeoN,4,gpu-nvidia-h200
LDC_N100,1000000,272082,Face-Based (Fused),CPU-Parallel,NeoN,4,gpu-nvidia-h200
LDC_N100,1000000,142979,Face-Based (Fused),CPU-Parallel,NeoN,8,gpu-nvidia-h200
LDC_N100,1000000,142198,Face-Based (Fused),CPU-Parallel,NeoN,8,gpu-nvidia-h200
LDC_N100,1000000,142355,Face-Based (Fused),CPU-Parallel,NeoN,8,gpu-nvidia-h200
LDC_N100,1000000,75224,Face-Based (Fused),CPU-Parallel,NeoN,16,gpu-nvidia-h200
LDC_N100,1000000,75163,Face-Based (Fused),CPU-Parallel,NeoN,16,gpu-nvidia-h200
LDC_N100,1000000,74810,Face-Based (Fused),CPU-Parallel,NeoN,16,gpu-nvidia-h200
LDC_N100,1000000,38278,Face-Based (Fused),CPU-Parallel,NeoN,32,gpu-nvidia-h200
LDC_N100,1000000,38850,Face-Based (Fused),CPU-Parallel,NeoN,32,gpu-nvidia-h200
LDC_N100,1000000,38514,Face-Based (Fused),CPU-Parallel,NeoN,32,gpu-nvidia-h200
LDC_N100,1000000,23443,Face-Based (Fused),CPU-Parallel,NeoN,64,gpu-nvidia-h200
LDC_N100,1000000,22708,Face-Based (Fused),CPU-Parallel,NeoN,64,gpu-nvidia-h200
LDC_N100,1000000,22315,Face-Based (Fused),CPU-Parallel,NeoN,64,gpu-nvidia-h200
LDC_N100,1000000,18252,Face-Based (Fused),CPU-Parallel,NeoN,128,gpu-nvidia-h200
LDC_N100,1000000,17338,Face-Based (Fused),CPU-Parallel,NeoN,128,gpu-nvidia-h200
LDC_N100,1000000,17451,Face-Based (Fused),CPU-Parallel,NeoN,128,gpu-nvidia-h200
LDC_N110,1331000,1110329,Face-Based (Fused),CPU-Parallel,NeoN,1,gpu-nvidia-h200
LDC_N110,1331000,1066141,Face-Based (Fused),CPU-Parallel,NeoN,1,gpu-nvidia-h200
LDC_N110,1331000,1064371,Face-Based (Fused),CPU-Parallel,NeoN,1,gpu-nvidia-h200
LDC_N110,1331000,649927,Face-Based (Fused),CPU-Parallel,NeoN,2,gpu-nvidia-h200
LDC_N110,1331000,644162,Face-Based (Fused),CPU-Parallel,NeoN,2,gpu-nvidia-h200
LDC_N110,1331000,633957,Face-Based (Fused),CPU-Parallel,NeoN,2,gpu-nvidia-h200
LDC_N110,1331000,365274,Face-Based (Fused),CPU-Parallel,NeoN,4,gpu-nvidia-h200
LDC_N110,1331000,361244,Face-Based (Fused),CPU-Parallel,NeoN,4,gpu-nvidia-h200
LDC_N110,1331000,361701,Face-Based (Fused),CPU-Parallel,NeoN,4,gpu-nvidia-h200
LDC_N110,1331000,199433,Face-Based (Fused),CPU-Parallel,NeoN,8,gpu-nvidia-h200
LDC_N110,1331000,198148,Face-Based (Fused),CPU-Parallel,NeoN,8,gpu-nvidia-h200
LDC_N110,1331000,198189,Face-Based (Fused),CPU-Parallel,NeoN,8,gpu-nvidia-h200
LDC_N110,1331000,100100,Face-Based (Fused),CPU-Parallel,NeoN,16,gpu-nvidia-h200
LDC_N110,1331000,101163,Face-Based (Fused),CPU-Parallel,NeoN,16,gpu-nvidia-h200
LDC_N110,1331000,100503,Face-Based (Fused),CPU-Parallel,NeoN,16,gpu-nvidia-h200
LDC_N110,1331000,56176,Face-Based (Fused),CPU-Parallel,NeoN,32,gpu-nvidia-h200
LDC_N110,1331000,55142,Face-Based (Fused),CPU-Parallel,NeoN,32,gpu-nvidia-h200
LDC_N110,1331000,55307,Face-Based (Fused),CPU-Parallel,NeoN,32,gpu-nvidia-h200
LDC_N110,1331000,32007,Face-Based (Fused),CPU-Parallel,NeoN,64,gpu-nvidia-h200
LDC_N110,1331000,31586,Face-Based (Fused),CPU-Parallel,NeoN,64,gpu-nvidia-h200
LDC_N110,1331000,31778,Face-Based (Fused),CPU-Parallel,NeoN,64,gpu-nvidia-h200
LDC_N110,1331000,23665,Face-Based (Fused),CPU-Parallel,NeoN,128,gpu-nvidia-h200
LDC_N110,1331000,23335,Face-Based (Fused),CPU-Parallel,NeoN,128,gpu-nvidia-h200
LDC_N110,1331000,22774,Face-Based (Fused),CPU-Parallel,NeoN,128,gpu-nvidia-h200
LDC_N120,1728000,1290895,Face-Based (Fused),CPU-Parallel,NeoN,1,gpu-nvidia-h200
LDC_N120,1728000,1289906,Face-Based (Fused),CPU-Parallel,NeoN,1,gpu-nvidia-h200
LDC_N120,1728000,1290994,Face-Based (Fused),CPU-Parallel,NeoN,1,gpu-nvidia-h200
LDC_N120,1728000,841964,Face-Based (Fused),CPU-Parallel,NeoN,2,gpu-nvidia-h200
LDC_N120,1728000,840829,Face-Based (Fused),CPU-Parallel,NeoN,2,gpu-nvidia-h200
LDC_N120,1728000,829891,Face-Based (Fused),CPU-Parallel,NeoN,2,gpu-nvidia-h200
LDC_N120,1728000,463208,Face-Based (Fused),CPU-Parallel,NeoN,4,gpu-nvidia-h200
LDC_N120,1728000,470361,Face-Based (Fused),CPU-Parallel,NeoN,4,gpu-nvidia-h200
LDC_N120,1728000,469611,Face-Based (Fused),CPU-Parallel,NeoN,4,gpu-nvidia-h200
LDC_N120,1728000,248126,Face-Based (Fused),CPU-Parallel,NeoN,8,gpu-nvidia-h200
LDC_N120,1728000,247432,Face-Based (Fused),CPU-Parallel,NeoN,8,gpu-nvidia-h200
LDC_N120,1728000,250371,Face-Based (Fused),CPU-Parallel,NeoN,8,gpu-nvidia-h200
LDC_N120,1728000,128179,Face-Based (Fused),CPU-Parallel,NeoN,16,gpu-nvidia-h200
LDC_N120,1728000,126632,Face-Based (Fused),CPU-Parallel,NeoN,16,gpu-nvidia-h200
LDC_N120,1728000,126866,Face-Based (Fused),CPU-Parallel,NeoN,16,gpu-nvidia-h200
LDC_N120,1728000,67014,Face-Based (Fused),CPU-Parallel,NeoN,32,gpu-nvidia-h200
LDC_N120,1728000,66950,Face-Based (Fused),CPU-Parallel,NeoN,32,gpu-nvidia-h200
LDC_N120,1728000,66600,Face-Based (Fused),CPU-Parallel,NeoN,32,gpu-nvidia-h200
LDC_N120,1728000,40707,Face-Based (Fused),CPU-Parallel,NeoN,64,gpu-nvidia-h200
LDC_N120,1728000,39954,Face-Based (Fused),CPU-Parallel,NeoN,64,gpu-nvidia-h200
LDC_N120,1728000,40290,Face-Based (Fused),CPU-Parallel,NeoN,64,gpu-nvidia-h200
LDC_N120,1728000,31507,Face-Based (Fused),CPU-Parallel,NeoN,128,gpu-nvidia-h200
LDC_N120,1728000,31564,Face-Based (Fused),CPU-Parallel,NeoN,128,gpu-nvidia-h200
LDC_N120,1728000,31513,Face-Based (Fused),CPU-Parallel,NeoN,128,gpu-nvidia-h200
LDC_N130,2197000,1721785,Face-Based (Fused),CPU-Parallel,NeoN,1,gpu-nvidia-h200
LDC_N130,2197000,1706628,Face-Based (Fused),CPU-Parallel,NeoN,1,gpu-nvidia-h200
LDC_N130,2197000,1688737,Face-Based (Fused),CPU-Parallel,NeoN,1,gpu-nvidia-h200
LDC_N130,2197000,1047538,Face-Based (Fused),CPU-Parallel,NeoN,2,gpu-nvidia-h200
LDC_N130,2197000,1049008,Face-Based (Fused),CPU-Parallel,NeoN,2,gpu-nvidia-h200
LDC_N130,2197000,1042828,Face-Based (Fused),CPU-Parallel,NeoN,2,gpu-nvidia-h200
LDC_N130,2197000,586816,Face-Based (Fused),CPU-Parallel,NeoN,4,gpu-nvidia-h200
LDC_N130,2197000,579334,Face-Based (Fused),CPU-Parallel,NeoN,4,gpu-nvidia-h200
LDC_N130,2197000,587542,Face-Based (Fused),CPU-Parallel,NeoN,4,gpu-nvidia-h200
LDC_N130,2197000,314855,Face-Based (Fused),CPU-Parallel,NeoN,8,gpu-nvidia-h200
LDC_N130,2197000,324595,Face-Based (Fused),CPU-Parallel,NeoN,8,gpu-nvidia-h200
LDC_N130,2197000,323183,Face-Based (Fused),CPU-Parallel,NeoN,8,gpu-nvidia-h200
LDC_N130,2197000,169025,Face-Based (Fused),CPU-Parallel,NeoN,16,gpu-nvidia-h200
LDC_N130,2197000,165165,Face-Based (Fused),CPU-Parallel,NeoN,16,gpu-nvidia-h200
LDC_N130,2197000,165459,Face-Based (Fused),CPU-Parallel,NeoN,16,gpu-nvidia-h200
LDC_N130,2197000,86110,Face-Based (Fused),CPU-Parallel,NeoN,32,gpu-nvidia-h200
LDC_N130,2197000,85490,Face-Based (Fused),CPU-Parallel,NeoN,32,gpu-nvidia-h200
LDC_N130,2197000,85097,Face-Based (Fused),CPU-Parallel,NeoN,32,gpu-nvidia-h200
LDC_N130,2197000,50329,Face-Based (Fused),CPU-Parallel,NeoN,64,gpu-nvidia-h200
LDC_N130,2197000,50281,Face-Based (Fused),CPU-Parallel,NeoN,64,gpu-nvidia-h200
LDC_N130,2197000,50515,Face-Based (Fused),CPU-Parallel,NeoN,64,gpu-nvidia-h200
LDC_N130,2197000,40602,Face-Based (Fused),CPU-Parallel,NeoN,128,gpu-nvidia-h200
LDC_N130,2197000,40690,Face-Based (Fused),CPU-Parallel,NeoN,128,gpu-nvidia-h200
LDC_N130,2197000,40176,Face-Based (Fused),CPU-Parallel,NeoN,128,gpu-nvidia-h200
LDC_N140,2744000,2103384,Face-Based (Fused),CPU-Parallel,NeoN,1,gpu-nvidia-h200
LDC_N140,2744000,2103007,Face-Based (Fused),CPU-Parallel,NeoN,1,gpu-nvidia-h200
LDC_N140,2744000,2079024,Face-Based (Fused),CPU-Parallel,NeoN,1,gpu-nvidia-h200
LDC_N140,2744000,1372313,Face-Based (Fused),CPU-Parallel,NeoN,2,gpu-nvidia-h200
LDC_N140,2744000,1367392,Face-Based (Fused),CPU-Parallel,NeoN,2,gpu-nvidia-h200
LDC_N140,2744000,1368015,Face-Based (Fused),CPU-Parallel,NeoN,2,gpu-nvidia-h200
LDC_N140,2744000,744106,Face-Based (Fused),CPU-Parallel,NeoN,4,gpu-nvidia-h200
LDC_N140,2744000,728154,Face-Based (Fused),CPU-Parallel,NeoN,4,gpu-nvidia-h200
LDC_N140,2744000,732644,Face-Based (Fused),CPU-Parallel,NeoN,4,gpu-nvidia-h200
LDC_N140,2744000,414092,Face-Based (Fused),CPU-Parallel,NeoN,8,gpu-nvidia-h200
LDC_N140,2744000,403389,Face-Based (Fused),CPU-Parallel,NeoN,8,gpu-nvidia-h200
LDC_N140,2744000,404813,Face-Based (Fused),CPU-Parallel,NeoN,8,gpu-nvidia-h200
LDC_N140,2744000,214082,Face-Based (Fused),CPU-Parallel,NeoN,16,gpu-nvidia-h200
LDC_N140,2744000,208749,Face-Based (Fused),CPU-Parallel,NeoN,16,gpu-nvidia-h200
LDC_N140,2744000,206768,Face-Based (Fused),CPU-Parallel,NeoN,16,gpu-nvidia-h200
LDC_N140,2744000,105957,Face-Based (Fused),CPU-Parallel,NeoN,32,gpu-nvidia-h200
LDC_N140,2744000,107532,Face-Based (Fused),CPU-Parallel,NeoN,32,gpu-nvidia-h200
LDC_N140,2744000,107974,Face-Based (Fused),CPU-Parallel,NeoN,32,gpu-nvidia-h200
LDC_N140,2744000,63630,Face-Based (Fused),CPU-Parallel,NeoN,64,gpu-nvidia-h200
LDC_N140,2744000,62462,Face-Based (Fused),CPU-Parallel,NeoN,64,gpu-nvidia-h200
LDC_N140,2744000,63527,Face-Based (Fused),CPU-Parallel,NeoN,64,gpu-nvidia-h200
LDC_N140,2744000,49618,Face-Based (Fused),CPU-Parallel,NeoN,128,gpu-nvidia-h200
LDC_N140,2744000,49889,Face-Based (Fused),CPU-Parallel,NeoN,128,gpu-nvidia-h200
LDC_N140,2744000,50037,Face-Based (Fused),CPU-Parallel,NeoN,128,gpu-nvidia-h200
LDC_N150,3375000,2582430,Face-Based (Fused),CPU-Parallel,NeoN,1,gpu-nvidia-h200
LDC_N150,3375000,2542235,Face-Based (Fused),CPU-Parallel,NeoN,1,gpu-nvidia-h200
LDC_N150,3375000,2537097,Face-Based (Fused),CPU-Parallel,NeoN,1,gpu-nvidia-h200
LDC_N150,3375000,1603680,Face-Based (Fused),CPU-Parallel,NeoN,2,gpu-nvidia-h200
LDC_N150,3375000,1605362,Face-Based (Fused),CPU-Parallel,NeoN,2,gpu-nvidia-h200
LDC_N150,3375000,1611194,Face-Based (Fused),CPU-Parallel,NeoN,2,gpu-nvidia-h200
LDC_N150,3375000,917195,Face-Based (Fused),CPU-Parallel,NeoN,4,gpu-nvidia-h200
LDC_N150,3375000,904917,Face-Based (Fused),CPU-Parallel,NeoN,4,gpu-nvidia-h200
LDC_N150,3375000,876390,Face-Based (Fused),CPU-Parallel,NeoN,4,gpu-nvidia-h200
LDC_N150,3375000,490056,Face-Based (Fused),CPU-Parallel,NeoN,8,gpu-nvidia-h200
LDC_N150,3375000,493472,Face-Based (Fused),CPU-Parallel,NeoN,8,gpu-nvidia-h200
LDC_N150,3375000,490906,Face-Based (Fused),CPU-Parallel,NeoN,8,gpu-nvidia-h200
LDC_N150,3375000,250075,Face-Based (Fused),CPU-Parallel,NeoN,16,gpu-nvidia-h200
LDC_N150,3375000,247156,Face-Based (Fused),CPU-Parallel,NeoN,16,gpu-nvidia-h200
LDC_N150,3375000,249497,Face-Based (Fused),CPU-Parallel,NeoN,16,gpu-nvidia-h200
LDC_N150,3375000,128743,Face-Based (Fused),CPU-Parallel,NeoN,32,gpu-nvidia-h200
LDC_N150,3375000,129389,Face-Based (Fused),CPU-Parallel,NeoN,32,gpu-nvidia-h200
LDC_N150,3375000,130070,Face-Based (Fused),CPU-Parallel,NeoN,32,gpu-nvidia-h200
LDC_N150,3375000,77116,Face-Based (Fused),CPU-Parallel,NeoN,64,gpu-nvidia-h200
LDC_N150,3375000,77706,Face-Based (Fused),CPU-Parallel,NeoN,64,gpu-nvidia-h200
LDC_N150,3375000,76588,Face-Based (Fused),CPU-Parallel,NeoN,64,gpu-nvidia-h200
LDC_N150,3375000,62240,Face-Based (Fused),CPU-Parallel,NeoN,128,gpu-nvidia-h200
LDC_N150,3375000,61083,Face-Based (Fused),CPU-Parallel,NeoN,128,gpu-nvidia-h200
LDC_N150,3375000,62186,Face-Based (Fused),CPU-Parallel,NeoN,128,gpu-nvidia-h200
LDC_N160,4096000,3186241,Face-Based (Fused),CPU-Parallel,NeoN,1,gpu-nvidia-h200
LDC_N160,4096000,3152803,Face-Based (Fused),CPU-Parallel,NeoN,1,gpu-nvidia-h200
LDC_N160,4096000,3120972,Face-Based (Fused),CPU-Parallel,NeoN,1,gpu-nvidia-h200
LDC_N160,4096000,2052455,Face-Based (Fused),CPU-Parallel,NeoN,2,gpu-nvidia-h200
LDC_N160,4096000,2039953,Face-Based (Fused),CPU-Parallel,NeoN,2,gpu-nvidia-h200
LDC_N160,4096000,2036539,Face-Based (Fused),CPU-Parallel,NeoN,2,gpu-nvidia-h200
LDC_N160,4096000,1142086,Face-Based (Fused),CPU-Parallel,NeoN,4,gpu-nvidia-h200
LDC_N160,4096000,1149693,Face-Based (Fused),CPU-Parallel,NeoN,4,gpu-nvidia-h200
LDC_N160,4096000,1143888,Face-Based (Fused),CPU-Parallel,NeoN,4,gpu-nvidia-h200
LDC_N160,4096000,615622,Face-Based (Fused),CPU-Parallel,NeoN,8,gpu-nvidia-h200
LDC_N160,4096000,616164,Face-Based (Fused),CPU-Parallel,NeoN,8,gpu-nvidia-h200
LDC_N160,4096000,604776,Face-Based (Fused),CPU-Parallel,NeoN,8,gpu-nvidia-h200
LDC_N160,4096000,309327,Face-Based (Fused),CPU-Parallel,NeoN,16,gpu-nvidia-h200
LDC_N160,4096000,313307,Face-Based (Fused),CPU-Parallel,NeoN,16,gpu-nvidia-h200
LDC_N160,4096000,310759,Face-Based (Fused),CPU-Parallel,NeoN,16,gpu-nvidia-h200
LDC_N160,4096000,163784,Face-Based (Fused),CPU-Parallel,NeoN,32,gpu-nvidia-h200
LDC_N160,4096000,162293,Face-Based (Fused),CPU-Parallel,NeoN,32,gpu-nvidia-h200
LDC_N160,4096000,161935,Face-Based (Fused),CPU-Parallel,NeoN,32,gpu-nvidia-h200
LDC_N160,4096000,92640,Face-Based (Fused),CPU-Parallel,NeoN,64,gpu-nvidia-h200
LDC_N160,4096000,93701,Face-Based (Fused),CPU-Parallel,NeoN,64,gpu-nvidia-h200
LDC_N160,4096000,91858,Face-Based (Fused),CPU-Parallel,NeoN,64,gpu-nvidia-h200
LDC_N160,4096000,71512,Face-Based (Fused),CPU-Parallel,NeoN,128,gpu-nvidia-h200
LDC_N160,4096000,71767,Face-Based (Fused),CPU-Parallel,NeoN,128,gpu-nvidia-h200
LDC_N160,4096000,73464,Face-Based (Fused),CPU-Parallel,NeoN,128,gpu-nvidia-h200
LDC_N170,4913000,3720051,Face-Based (Fused),CPU-Parallel,NeoN,1,gpu-nvidia-h200
LDC_N170,4913000,3645878,Face-Based (Fused),CPU-Parallel,NeoN,1,gpu-nvidia-h200
LDC_N170,4913000,3649294,Face-Based (Fused),CPU-Parallel,NeoN,1,gpu-nvidia-h200
LDC_N170,4913000,2343031,Face-Based (Fused),CPU-Parallel,NeoN,2,gpu-nvidia-h200
LDC_N170,4913000,2303424,Face-Based (Fused),CPU-Parallel,NeoN,2,gpu-nvidia-h200
LDC_N170,4913000,2282075,Face-Based (Fused),CPU-Parallel,NeoN,2,gpu-nvidia-h200
LDC_N170,4913000,1317216,Face-Based (Fused),CPU-Parallel,NeoN,4,gpu-nvidia-h200
LDC_N170,4913000,1292008,Face-Based (Fused),CPU-Parallel,NeoN,4,gpu-nvidia-h200
LDC_N170,4913000,1313031,Face-Based (Fused),CPU-Parallel,NeoN,4,gpu-nvidia-h200
LDC_N170,4913000,707476,Face-Based (Fused),CPU-Parallel,NeoN,8,gpu-nvidia-h200
LDC_N170,4913000,706477,Face-Based (Fused),CPU-Parallel,NeoN,8,gpu-nvidia-h200
LDC_N170,4913000,718995,Face-Based (Fused),CPU-Parallel,NeoN,8,gpu-nvidia-h200
LDC_N170,4913000,366925,Face-Based (Fused),CPU-Parallel,NeoN,16,gpu-nvidia-h200
LDC_N170,4913000,370996,Face-Based (Fused),CPU-Parallel,NeoN,16,gpu-nvidia-h200
LDC_N170,4913000,364359,Face-Based (Fused),CPU-Parallel,NeoN,16,gpu-nvidia-h200
LDC_N170,4913000,184656,Face-Based (Fused),CPU-Parallel,NeoN,32,gpu-nvidia-h200
LDC_N170,4913000,185517,Face-Based (Fused),CPU-Parallel,NeoN,32,gpu-nvidia-h200
LDC_N170,4913000,183858,Face-Based (Fused),CPU-Parallel,NeoN,32,gpu-nvidia-h200
LDC_N170,4913000,104990,Face-Based (Fused),CPU-Parallel,NeoN,64,gpu-nvidia-h200
LDC_N170,4913000,103569,Face-Based (Fused),CPU-Parallel,NeoN,64,gpu-nvidia-h200
LDC_N170,4913000,104763,Face-Based (Fused),CPU-Parallel,NeoN,64,gpu-nvidia-h200
LDC_N170,4913000,87501,Face-Based (Fused),CPU-Parallel,NeoN,128,gpu-nvidia-h200
LDC_N170,4913000,88241,Face-Based (Fused),CPU-Parallel,NeoN,128,gpu-nvidia-h200
LDC_N170,4913000,86445,Face-Based (Fused),CPU-Parallel,NeoN,128,gpu-nvidia-h200
LDC_N180,5832000,4332978,Face-Based (Fused),CPU-Parallel,NeoN,1,gpu-nvidia-h200
LDC_N180,5832000,4330186,Face-Based (Fused),CPU-Parallel,NeoN,1,gpu-nvidia-h200
LDC_N180,5832000,4308335,Face-Based (Fused),CPU-Parallel,NeoN,1,gpu-nvidia-h200
LDC_N180,5832000,2880447,Face-Based (Fused),CPU-Parallel,NeoN,2,gpu-nvidia-h200
LDC_N180,5832000,2850005,Face-Based (Fused),CPU-Parallel,NeoN,2,gpu-nvidia-h200
LDC_N180,5832000,2838508,Face-Based (Fused),CPU-Parallel,NeoN,2,gpu-nvidia-h200
LDC_N180,5832000,1560669,Face-Based (Fused),CPU-Parallel,NeoN,4,gpu-nvidia-h200
LDC_N180,5832000,1566688,Face-Based (Fused),CPU-Parallel,NeoN,4,gpu-nvidia-h200
LDC_N180,5832000,1578181,Face-Based (Fused),CPU-Parallel,NeoN,4,gpu-nvidia-h200
LDC_N180,5832000,850421,Face-Based (Fused),CPU-Parallel,NeoN,8,gpu-nvidia-h200
LDC_N180,5832000,861490,Face-Based (Fused),CPU-Parallel,NeoN,8,gpu-nvidia-h200
LDC_N180,5832000,854117,Face-Based (Fused),CPU-Parallel,NeoN,8,gpu-nvidia-h200
LDC_N180,5832000,437009,Face-Based (Fused),CPU-Parallel,NeoN,16,gpu-nvidia-h200
LDC_N180,5832000,443948,Face-Based (Fused),CPU-Parallel,NeoN,16,gpu-nvidia-h200
LDC_N180,5832000,435267,Face-Based (Fused),CPU-Parallel,NeoN,16,gpu-nvidia-h200
LDC_N180,5832000,222879,Face-Based (Fused),CPU-Parallel,NeoN,32,gpu-nvidia-h200
LDC_N180,5832000,221169,Face-Based (Fused),CPU-Parallel,NeoN,32,gpu-nvidia-h200
LDC_N180,5832000,222094,Face-Based (Fused),CPU-Parallel,NeoN,32,gpu-nvidia-h200
LDC_N180,5832000,126399,Face-Based (Fused),CPU-Parallel,NeoN,64,gpu-nvidia-h200
LDC_N180,5832000,130343,Face-Based (Fused),CPU-Parallel,NeoN,64,gpu-nvidia-h200
LDC_N180,5832000,129441,Face-Based (Fused),CPU-Parallel,NeoN,64,gpu-nvidia-h200
LDC_N180,5832000,104975,Face-Based (Fused),CPU-Parallel,NeoN,128,gpu-nvidia-h200
LDC_N180,5832000,103305,Face-Based (Fused),CPU-Parallel,NeoN,128,gpu-nvidia-h200
LDC_N180,5832000,103807,Face-Based (Fused),CPU-Parallel,NeoN,128,gpu-nvidia-h200
LDC_N190,6859000,5199384,Face-Based (Fused),CPU-Parallel,NeoN,1,gpu-nvidia-h200
LDC_N190,6859000,5161700,Face-Based (Fused),CPU-Parallel,NeoN,1,gpu-nvidia-h200
LDC_N190,6859000,5108908,Face-Based (Fused),CPU-Parallel,NeoN,1,gpu-nvidia-h200
LDC_N190,6859000,3138234,Face-Based (Fused),CPU-Parallel,NeoN,2,gpu-nvidia-h200
LDC_N190,6859000,3126067,Face-Based (Fused),CPU-Parallel,NeoN,2,gpu-nvidia-h200
LDC_N190,6859000,3123273,Face-Based (Fused),CPU-Parallel,NeoN,2,gpu-nvidia-h200
LDC_N190,6859000,1735395,Face-Based (Fused),CPU-Parallel,NeoN,4,gpu-nvidia-h200
LDC_N190,6859000,1733309,Face-Based (Fused),CPU-Parallel,NeoN,4,gpu-nvidia-h200
LDC_N190,6859000,1725416,Face-Based (Fused),CPU-Parallel,NeoN,4,gpu-nvidia-h200
LDC_N190,6859000,959913,Face-Based (Fused),CPU-Parallel,NeoN,8,gpu-nvidia-h200
LDC_N190,6859000,956433,Face-Based (Fused),CPU-Parallel,NeoN,8,gpu-nvidia-h200
LDC_N190,6859000,948961,Face-Based (Fused),CPU-Parallel,NeoN,8,gpu-nvidia-h200
LDC_N190,6859000,505513,Face-Based (Fused),CPU-Parallel,NeoN,16,gpu-nvidia-h200
LDC_N190,6859000,501991,Face-Based (Fused),CPU-Parallel,NeoN,16,gpu-nvidia-h200
LDC_N190,6859000,503363,Face-Based (Fused),CPU-Parallel,NeoN,16,gpu-nvidia-h200
LDC_N190,6859000,265611,Face-Based (Fused),CPU-Parallel,NeoN,32,gpu-nvidia-h200
LDC_N190,6859000,257084,Face-Based (Fused),CPU-Parallel,NeoN,32,gpu-nvidia-h200
LDC_N190,6859000,260838,Face-Based (Fused),CPU-Parallel,NeoN,32,gpu-nvidia-h200
LDC_N190,6859000,152208,Face-Based (Fused),CPU-Parallel,NeoN,64,gpu-nvidia-h200
LDC_N190,6859000,150168,Face-Based (Fused),CPU-Parallel,NeoN,64,gpu-nvidia-h200
LDC_N190,6859000,190228,Face-Based (Fused),CPU-Parallel,NeoN,64,gpu-nvidia-h200
LDC_N190,6859000,121538,Face-Based (Fused),CPU-Parallel,NeoN,128,gpu-nvidia-h200
LDC_N190,6859000,121181,Face-Based (Fused),CPU-Parallel,NeoN,128,gpu-nvidia-h200
LDC_N190,6859000,120826,Face-Based (Fused),CPU-Parallel,NeoN,128,gpu-nvidia-h200
LDC_N200,8000000,5991204,Face-Based (Fused),CPU-Parallel,NeoN,1,gpu-nvidia-h200
LDC_N200,8000000,5975997,Face-Based (Fused),CPU-Parallel,NeoN,1,gpu-nvidia-h200
LDC_N200,8000000,5968640,Face-Based (Fused),CPU-Parallel,NeoN,1,gpu-nvidia-h200
LDC_N200,8000000,3870579,Face-Based (Fused),CPU-Parallel,NeoN,2,gpu-nvidia-h200
LDC_N200,8000000,3858431,Face-Based (Fused),CPU-Parallel,NeoN,2,gpu-nvidia-h200
LDC_N200,8000000,3869071,Face-Based (Fused),CPU-Parallel,NeoN,2,gpu-nvidia-h200
LDC_N200,8000000,2171949,Face-Based (Fused),CPU-Parallel,NeoN,4,gpu-nvidia-h200
LDC_N200,8000000,2165588,Face-Based (Fused),CPU-Parallel,NeoN,4,gpu-nvidia-h200
LDC_N200,8000000,2168613,Face-Based (Fused),CPU-Parallel,NeoN,4,gpu-nvidia-h200
LDC_N200,8000000,1128590,Face-Based (Fused),CPU-Parallel,NeoN,8,gpu-nvidia-h200
LDC_N200,8000000,1167087,Face-Based (Fused),CPU-Parallel,NeoN,8,gpu-nvidia-h200
LDC_N200,8000000,1152859,Face-Based (Fused),CPU-Parallel,NeoN,8,gpu-nvidia-h200
LDC_N200,8000000,602889,Face-Based (Fused),CPU-Parallel,NeoN,16,gpu-nvidia-h200
LDC_N200,8000000,606257,Face-Based (Fused),CPU-Parallel,NeoN,16,gpu-nvidia-h200
LDC_N200,8000000,599999,Face-Based (Fused),CPU-Parallel,NeoN,16,gpu-nvidia-h200
LDC_N200,8000000,302434,Face-Based (Fused),CPU-Parallel,NeoN,32,gpu-nvidia-h200
LDC_N200,8000000,302372,Face-Based (Fused),CPU-Parallel,NeoN,32,gpu-nvidia-h200
LDC_N200,8000000,305984,Face-Based (Fused),CPU-Parallel,NeoN,32,gpu-nvidia-h200
LDC_N200,8000000,178336,Face-Based (Fused),CPU-Parallel,NeoN,64,gpu-nvidia-h200
LDC_N200,8000000,177042,Face-Based (Fused),CPU-Parallel,NeoN,64,gpu-nvidia-h200
LDC_N200,8000000,178517,Face-Based (Fused),CPU-Parallel,NeoN,64,gpu-nvidia-h200
LDC_N200,8000000,144612,Face-Based (Fused),CPU-Parallel,NeoN,128,gpu-nvidia-h200
LDC_N200,8000000,144965,Face-Based (Fused),CPU-Parallel,NeoN,128,gpu-nvidia-h200
LDC_N200,8000000,156091,Face-Based (Fused),CPU-Parallel,NeoN,128,gpu-nvidia-h200
LDC_N220,10648000,7929754,Face-Based (Fused),CPU-Parallel,NeoN,1,gpu-nvidia-h200
LDC_N220,10648000,7911656,Face-Based (Fused),CPU-Parallel,NeoN,1,gpu-nvidia-h200
LDC_N220,10648000,7893441,Face-Based (Fused),CPU-Parallel,NeoN,1,gpu-nvidia-h200
LDC_N220,10648000,5112008,Face-Based (Fused),CPU-Parallel,NeoN,2,gpu-nvidia-h200
LDC_N220,10648000,5111691,Face-Based (Fused),CPU-Parallel,NeoN,2,gpu-nvidia-h200
LDC_N220,10648000,5048871,Face-Based (Fused),CPU-Parallel,NeoN,2,gpu-nvidia-h200
LDC_N220,10648000,2698525,Face-Based (Fused),CPU-Parallel,NeoN,4,gpu-nvidia-h200
LDC_N220,10648000,2720984,Face-Based (Fused),CPU-Parallel,NeoN,4,gpu-nvidia-h200
LDC_N220,10648000,2721839,Face-Based (Fused),CPU-Parallel,NeoN,4,gpu-nvidia-h200
LDC_N220,10648000,1536059,Face-Based (Fused),CPU-Parallel,NeoN,8,gpu-nvidia-h200
LDC_N220,10648000,1532993,Face-Based (Fused),CPU-Parallel,NeoN,8,gpu-nvidia-h200
LDC_N220,10648000,1527354,Face-Based (Fused),CPU-Parallel,NeoN,8,gpu-nvidia-h200
LDC_N220,10648000,779332,Face-Based (Fused),CPU-Parallel,NeoN,16,gpu-nvidia-h200
LDC_N220,10648000,791961,Face-Based (Fused),CPU-Parallel,NeoN,16,gpu-nvidia-h200
LDC_N220,10648000,788125,Face-Based (Fused),CPU-Parallel,NeoN,16,gpu-nvidia-h200
LDC_N220,10648000,404632,Face-Based (Fused),CPU-Parallel,NeoN,32,gpu-nvidia-h200
LDC_N220,10648000,402691,Face-Based (Fused),CPU-Parallel,NeoN,32,gpu-nvidia-h200
LDC_N220,10648000,400947,Face-Based (Fused),CPU-Parallel,NeoN,32,gpu-nvidia-h200
LDC_N220,10648000,224562,Face-Based (Fused),CPU-Parallel,NeoN,64,gpu-nvidia-h200
LDC_N220,10648000,224301,Face-Based (Fused),CPU-Parallel,NeoN,64,gpu-nvidia-h200
LDC_N220,10648000,225931,Face-Based (Fused),CPU-Parallel,NeoN,64,gpu-nvidia-h200
LDC_N220,10648000,180471,Face-Based (Fused),CPU-Parallel,NeoN,128,gpu-nvidia-h200
LDC_N220,10648000,184904,Face-Based (Fused),CPU-Parallel,NeoN,128,gpu-nvidia-h200
LDC_N220,10648000,189125,Face-Based (Fused),CPU-Parallel,NeoN,128,gpu-nvidia-h200
LDC_N240,13824000,10471904,Face-Based (Fused),CPU-Parallel,NeoN,1,gpu-nvidia-h200
LDC_N240,13824000,10408781,Face-Based (Fused),CPU-Parallel,NeoN,1,gpu-nvidia-h200
LDC_N240,13824000,10410732,Face-Based (Fused),CPU-Parallel,NeoN,1,gpu-nvidia-h200
LDC_N240,13824000,7133909,Face-Based (Fused),CPU-Parallel,NeoN,2,gpu-nvidia-h200
LDC_N240,13824000,7121497,Face-Based (Fused),CPU-Parallel,NeoN,2,gpu-nvidia-h200
LDC_N240,13824000,6992937,Face-Based (Fused),CPU-Parallel,NeoN,2,gpu-nvidia-h200
LDC_N240,13824000,3836866,Face-Based (Fused),CPU-Parallel,NeoN,4,gpu-nvidia-h200
LDC_N240,13824000,3799639,Face-Based (Fused),CPU-Parallel,NeoN,4,gpu-nvidia-h200
LDC_N240,13824000,3841436,Face-Based (Fused),CPU-Parallel,NeoN,4,gpu-nvidia-h200
LDC_N240,13824000,2040163,Face-Based (Fused),CPU-Parallel,NeoN,8,gpu-nvidia-h200
LDC_N240,13824000,2006711,Face-Based (Fused),CPU-Parallel,NeoN,8,gpu-nvidia-h200
LDC_N240,13824000,2026761,Face-Based (Fused),CPU-Parallel,NeoN,8,gpu-nvidia-h200
LDC_N240,13824000,1065773,Face-Based (Fused),CPU-Parallel,NeoN,16,gpu-nvidia-h200
LDC_N240,13824000,1068493,Face-Based (Fused),CPU-Parallel,NeoN,16,gpu-nvidia-h200
LDC_N240,13824000,1064630,Face-Based (Fused),CPU-Parallel,NeoN,16,gpu-nvidia-h200
LDC_N240,13824000,558437,Face-Based (Fused),CPU-Parallel,NeoN,32,gpu-nvidia-h200
LDC_N240,13824000,541445,Face-Based (Fused),CPU-Parallel,NeoN,32,gpu-nvidia-h200
LDC_N240,13824000,538526,Face-Based (Fused),CPU-Parallel,NeoN,32,gpu-nvidia-h200
LDC_N240,13824000,299455,Face-Based (Fused),CPU-Parallel,NeoN,64,gpu-nvidia-h200
LDC_N240,13824000,297089,Face-Based (Fused),CPU-Parallel,NeoN,64,gpu-nvidia-h200
LDC_N240,13824000,300736,Face-Based (Fused),CPU-Parallel,NeoN,64,gpu-nvidia-h200
LDC_N240,13824000,243207,Face-Based (Fused),CPU-Parallel,NeoN,128,gpu-nvidia-h200
LDC_N240,13824000,253316,Face-Based (Fused),CPU-Parallel,NeoN,128,gpu-nvidia-h200
LDC_N240,13824000,244330,Face-Based (Fused),CPU-Parallel,NeoN,128,gpu-nvidia-h200
LDC_N260,17576000,13012823,Face-Based (Fused),CPU-Parallel,NeoN,1,gpu-nvidia-h200
LDC_N260,17576000,12987733,Face-Based (Fused),CPU-Parallel,NeoN,1,gpu-nvidia-h200
LDC_N260,17576000,12870024,Face-Based (Fused),CPU-Parallel,NeoN,1,gpu-nvidia-h200
LDC_N260,17576000,8388560,Face-Based (Fused),CPU-Parallel,NeoN,2,gpu-nvidia-h200
LDC_N260,17576000,8394946,Face-Based (Fused),CPU-Parallel,NeoN,2,gpu-nvidia-h200
LDC_N260,17576000,8382003,Face-Based (Fused),CPU-Parallel,NeoN,2,gpu-nvidia-h200
LDC_N260,17576000,4778718,Face-Based (Fused),CPU-Parallel,NeoN,4,gpu-nvidia-h200
LDC_N260,17576000,4819218,Face-Based (Fused),CPU-Parallel,NeoN,4,gpu-nvidia-h200
LDC_N260,17576000,4811556,Face-Based (Fused),CPU-Parallel,NeoN,4,gpu-nvidia-h200
LDC_N260,17576000,2496738,Face-Based (Fused),CPU-Parallel,NeoN,8,gpu-nvidia-h200
LDC_N260,17576000,2531013,Face-Based (Fused),CPU-Parallel,NeoN,8,gpu-nvidia-h200
LDC_N260,17576000,2530172,Face-Based (Fused),CPU-Parallel,NeoN,8,gpu-nvidia-h200
LDC_N260,17576000,1278583,Face-Based (Fused),CPU-Parallel,NeoN,16,gpu-nvidia-h200
LDC_N260,17576000,1265024,Face-Based (Fused),CPU-Parallel,NeoN,16,gpu-nvidia-h200
LDC_N260,17576000,1271251,Face-Based (Fused),CPU-Parallel,NeoN,16,gpu-nvidia-h200
LDC_N260,17576000,648296,Face-Based (Fused),CPU-Parallel,NeoN,32,gpu-nvidia-h200
LDC_N260,17576000,650103,Face-Based (Fused),CPU-Parallel,NeoN,32,gpu-nvidia-h200
LDC_N260,17576000,649122,Face-Based (Fused),CPU-Parallel,NeoN,32,gpu-nvidia-h200
LDC_N260,17576000,366986,Face-Based (Fused),CPU-Parallel,NeoN,64,gpu-nvidia-h200
LDC_N260,17576000,437176,Face-Based (Fused),CPU-Parallel,NeoN,64,gpu-nvidia-h200
LDC_N260,17576000,410978,Face-Based (Fused),CPU-Parallel,NeoN,64,gpu-nvidia-h200
LDC_N260,17576000,300226,Face-Based (Fused),CPU-Parallel,NeoN,128,gpu-nvidia-h200
LDC_N260,17576000,312406,Face-Based (Fused),CPU-Parallel,NeoN,128,gpu-nvidia-h200
LDC_N260,17576000,301979,Face-Based (Fused),CPU-Parallel,NeoN,128,gpu-nvidia-h200
LDC_N280,21952000,16391228,Face-Based (Fused),CPU-Parallel,NeoN,1,gpu-nvidia-h200
LDC_N280,21952000,16382445,Face-Based (Fused),CPU-Parallel,NeoN,1,gpu-nvidia-h200
LDC_N280,21952000,16228774,Face-Based (Fused),CPU-Parallel,NeoN,1,gpu-nvidia-h200
LDC_N280,21952000,10265417,Face-Based (Fused),CPU-Parallel,NeoN,2,gpu-nvidia-h200
LDC_N280,21952000,10178969,Face-Based (Fused),CPU-Parallel,NeoN,2,gpu-nvidia-h200
LDC_N280,21952000,10112969,Face-Based (Fused),CPU-Parallel,NeoN,2,gpu-nvidia-h200
LDC_N280,21952000,5842051,Face-Based (Fused),CPU-Parallel,NeoN,4,gpu-nvidia-h200
LDC_N280,21952000,5884936,Face-Based (Fused),CPU-Parallel,NeoN,4,gpu-nvidia-h200
LDC_N280,21952000,5786399,Face-Based (Fused),CPU-Parallel,NeoN,4,gpu-nvidia-h200
LDC_N280,21952000,3040645,Face-Based (Fused),CPU-Parallel,NeoN,8,gpu-nvidia-h200
LDC_N280,21952000,3011646,Face-Based (Fused),CPU-Parallel,NeoN,8,gpu-nvidia-h200
LDC_N280,21952000,3032933,Face-Based (Fused),CPU-Parallel,NeoN,8,gpu-nvidia-h200
LDC_N280,21952000,1557464,Face-Based (Fused),CPU-Parallel,NeoN,16,gpu-nvidia-h200
LDC_N280,21952000,1578769,Face-Based (Fused),CPU-Parallel,NeoN,16,gpu-nvidia-h200
LDC_N280,21952000,1542193,Face-Based (Fused),CPU-Parallel,NeoN,16,gpu-nvidia-h200
LDC_N280,21952000,805490,Face-Based (Fused),CPU-Parallel,NeoN,32,gpu-nvidia-h200
LDC_N280,21952000,803705,Face-Based (Fused),CPU-Parallel,NeoN,32,gpu-nvidia-h200
LDC_N280,21952000,813263,Face-Based (Fused),CPU-Parallel,NeoN,32,gpu-nvidia-h200
LDC_N280,21952000,471419,Face-Based (Fused),CPU-Parallel,NeoN,64,gpu-nvidia-h200
LDC_N280,21952000,524157,Face-Based (Fused),CPU-Parallel,NeoN,64,gpu-nvidia-h200
LDC_N280,21952000,462233,Face-Based (Fused),CPU-Parallel,NeoN,64,gpu-nvidia-h200
LDC_N280,21952000,374307,Face-Based (Fused),CPU-Parallel,NeoN,128,gpu-nvidia-h200
LDC_N280,21952000,374713,Face-Based (Fused),CPU-Parallel,NeoN,128,gpu-nvidia-h200
LDC_N280,21952000,389942,Face-Based (Fused),CPU-Parallel,NeoN,128,gpu-nvidia-h200
LDC_N300,27000000,20656108,Face-Based (Fused),CPU-Parallel,NeoN,1,gpu-nvidia-h200
LDC_N300,27000000,20651723,Face-Based (Fused),CPU-Parallel,NeoN,1,gpu-nvidia-h200
LDC_N300,27000000,20575239,Face-Based (Fused),CPU-Parallel,NeoN,1,gpu-nvidia-h200
LDC_N300,27000000,13798205,Face-Based (Fused),CPU-Parallel,NeoN,2,gpu-nvidia-h200
LDC_N300,27000000,13888569,Face-Based (Fused),CPU-Parallel,NeoN,2,gpu-nvidia-h200
LDC_N300,27000000,13797948,Face-Based (Fused),CPU-Parallel,NeoN,2,gpu-nvidia-h200
LDC_N300,27000000,7612321,Face-Based (Fused),CPU-Parallel,NeoN,4,gpu-nvidia-h200
LDC_N300,27000000,7613180,Face-Based (Fused),CPU-Parallel,NeoN,4,gpu-nvidia-h200
LDC_N300,27000000,7613553,Face-Based (Fused),CPU-Parallel,NeoN,4,gpu-nvidia-h200
LDC_N300,27000000,4079840,Face-Based (Fused),CPU-Parallel,NeoN,8,gpu-nvidia-h200
LDC_N300,27000000,4117004,Face-Based (Fused),CPU-Parallel,NeoN,8,gpu-nvidia-h200
LDC_N300,27000000,4026488,Face-Based (Fused),CPU-Parallel,NeoN,8,gpu-nvidia-h200
LDC_N300,27000000,2090308,Face-Based (Fused),CPU-Parallel,NeoN,16,gpu-nvidia-h200
LDC_N300,27000000,2048819,Face-Based (Fused),CPU-Parallel,NeoN,16,gpu-nvidia-h200
LDC_N300,27000000,2039318,Face-Based (Fused),CPU-Parallel,NeoN,16,gpu-nvidia-h200
LDC_N300,27000000,1046457,Face-Based (Fused),CPU-Parallel,NeoN,32,gpu-nvidia-h200
LDC_N300,27000000,1059419,Face-Based (Fused),CPU-Parallel,NeoN,32,gpu-nvidia-h200
LDC_N300,27000000,1072696,Face-Based (Fused),CPU-Parallel,NeoN,32,gpu-nvidia-h200
LDC_N300,27000000,592698,Face-Based (Fused),CPU-Parallel,NeoN,64,gpu-nvidia-h200
LDC_N300,27000000,596430,Face-Based (Fused),CPU-Parallel,NeoN,64,gpu-nvidia-h200
LDC_N300,27000000,708960,Face-Based (Fused),CPU-Parallel,NeoN,64,gpu-nvidia-h200
LDC_N300,27000000,460609,Face-Based (Fused),CPU-Parallel,NeoN,128,gpu-nvidia-h200
LDC_N300,27000000,461017,Face-Based (Fused),CPU-Parallel,NeoN,128,gpu-nvidia-h200
LDC_N300,27000000,484305,Face-Based (Fused),CPU-Parallel,NeoN,128,gpu-nvidia-h200
LDC_N320,32768000,24614962,Face-Based (Fused),CPU-Parallel,NeoN,1,gpu-nvidia-h200
LDC_N320,32768000,24641207,Face-Based (Fused),CPU-Parallel,NeoN,1,gpu-nvidia-h200
LDC_N320,32768000,24400383,Face-Based (Fused),CPU-Parallel,NeoN,1,gpu-nvidia-h200
LDC_N320,32768000,15862274,Face-Based (Fused),CPU-Parallel,NeoN,2,gpu-nvidia-h200
LDC_N320,32768000,15510748,Face-Based (Fused),CPU-Parallel,NeoN,2,gpu-nvidia-h200
LDC_N320,32768000,15769622,Face-Based (Fused),CPU-Parallel,NeoN,2,gpu-nvidia-h200
LDC_N320,32768000,8946111,Face-Based (Fused),CPU-Parallel,NeoN,4,gpu-nvidia-h200
LDC_N320,32768000,8905692,Face-Based (Fused),CPU-Parallel,NeoN,4,gpu-nvidia-h200
LDC_N320,32768000,9022987,Face-Based (Fused),CPU-Parallel,NeoN,4,gpu-nvidia-h200
LDC_N320,32768000,4781565,Face-Based (Fused),CPU-Parallel,NeoN,8,gpu-nvidia-h200
LDC_N320,32768000,4762867,Face-Based (Fused),CPU-Parallel,NeoN,8,gpu-nvidia-h200
LDC_N320,32768000,4826556,Face-Based (Fused),CPU-Parallel,NeoN,8,gpu-nvidia-h200
LDC_N320,32768000,2486131,Face-Based (Fused),CPU-Parallel,NeoN,16,gpu-nvidia-h200
LDC_N320,32768000,2429130,Face-Based (Fused),CPU-Parallel,NeoN,16,gpu-nvidia-h200
LDC_N320,32768000,2501868,Face-Based (Fused),CPU-Parallel,NeoN,16,gpu-nvidia-h200
LDC_N320,32768000,1228683,Face-Based (Fused),CPU-Parallel,NeoN,32,gpu-nvidia-h200
LDC_N320,32768000,1259789,Face-Based (Fused),CPU-Parallel,NeoN,32,gpu-nvidia-h200
LDC_N320,32768000,1248518,Face-Based (Fused),CPU-Parallel,NeoN,32,gpu-nvidia-h200
LDC_N320,32768000,817395,Face-Based (Fused),CPU-Parallel,NeoN,64,gpu-nvidia-h200
LDC_N320,32768000,824209,Face-Based (Fused),CPU-Parallel,NeoN,64,gpu-nvidia-h200
LDC_N320,32768000,777267,Face-Based (Fused),CPU-Parallel,NeoN,64,gpu-nvidia-h200
LDC_N320,32768000,555101,Face-Based (Fused),CPU-Parallel,NeoN,128,gpu-nvidia-h200
LDC_N320,32768000,567678,Face-Based (Fused),CPU-Parallel,NeoN,128,gpu-nvidia-h200
LDC_N320,32768000,563674,Face-Based (Fused),CPU-Parallel,NeoN,128,gpu-nvidia-h200
LDC_N340,39304000,29687734,Face-Based (Fused),CPU-Parallel,NeoN,1,gpu-nvidia-h200
LDC_N340,39304000,29354277,Face-Based (Fused),CPU-Parallel,NeoN,1,gpu-nvidia-h200
LDC_N340,39304000,29052206,Face-Based (Fused),CPU-Parallel,NeoN,1,gpu-nvidia-h200
LDC_N340,39304000,18990229,Face-Based (Fused),CPU-Parallel,NeoN,2,gpu-nvidia-h200
LDC_N340,39304000,18979645,Face-Based (Fused),CPU-Parallel,NeoN,2,gpu-nvidia-h200
LDC_N340,39304000,18978027,Face-Based (Fused),CPU-Parallel,NeoN,2,gpu-nvidia-h200
LDC_N340,39304000,10185854,Face-Based (Fused),CPU-Parallel,NeoN,4,gpu-nvidia-h200
LDC_N340,39304000,10193051,Face-Based (Fused),CPU-Parallel,NeoN,4,gpu-nvidia-h200
LDC_N340,39304000,10254801,Face-Based (Fused),CPU-Parallel,NeoN,4,gpu-nvidia-h200
LDC_N340,39304000,5587159,Face-Based (Fused),CPU-Parallel,NeoN,8,gpu-nvidia-h200
LDC_N340,39304000,5622004,Face-Based (Fused),CPU-Parallel,NeoN,8,gpu-nvidia-h200
LDC_N340,39304000,5525708,Face-Based (Fused),CPU-Parallel,NeoN,8,gpu-nvidia-h200
LDC_N340,39304000,2834170,Face-Based (Fused),CPU-Parallel,NeoN,16,gpu-nvidia-h200
LDC_N340,39304000,2806121,Face-Based (Fused),CPU-Parallel,NeoN,16,gpu-nvidia-h200
LDC_N340,39304000,2821886,Face-Based (Fused),CPU-Parallel,NeoN,16,gpu-nvidia-h200
LDC_N340,39304000,1439351,Face-Based (Fused),CPU-Parallel,NeoN,32,gpu-nvidia-h200
LDC_N340,39304000,1457762,Face-Based (Fused),CPU-Parallel,NeoN,32,gpu-nvidia-h200
LDC_N340,39304000,1441896,Face-Based (Fused),CPU-Parallel,NeoN,32,gpu-nvidia-h200
LDC_N340,39304000,921502,Face-Based (Fused),CPU-Parallel,NeoN,64,gpu-nvidia-h200
LDC_N340,39304000,801438,Face-Based (Fused),CPU-Parallel,NeoN,64,gpu-nvidia-h200
LDC_N340,39304000,796251,Face-Based (Fused),CPU-Parallel,NeoN,64,gpu-nvidia-h200
LDC_N340,39304000,650809,Face-Based (Fused),CPU-Parallel,NeoN,128,gpu-nvidia-h200
LDC_N340,39304000,666982,Face-Based (Fused),CPU-Parallel,NeoN,128,gpu-nvidia-h200
LDC_N340,39304000,673897,Face-Based (Fused),CPU-Parallel,NeoN,128,gpu-nvidia-h200
LDC_N360,46656000,35281702,Face-Based (Fused),CPU-Parallel,NeoN,1,gpu-nvidia-h200
LDC_N360,46656000,34841837,Face-Based (Fused),CPU-Parallel,NeoN,1,gpu-nvidia-h200
LDC_N360,46656000,34618456,Face-Based (Fused),CPU-Parallel,NeoN,1,gpu-nvidia-h200
LDC_N360,46656000,23530515,Face-Based (Fused),CPU-Parallel,NeoN,2,gpu-nvidia-h200
LDC_N360,46656000,23060403,Face-Based (Fused),CPU-Parallel,NeoN,2,gpu-nvidia-h200
LDC_N360,46656000,23029164,Face-Based (Fused),CPU-Parallel,NeoN,2,gpu-nvidia-h200
LDC_N360,46656000,12868929,Face-Based (Fused),CPU-Parallel,NeoN,4,gpu-nvidia-h200
LDC_N360,46656000,12872039,Face-Based (Fused),CPU-Parallel,NeoN,4,gpu-nvidia-h200
LDC_N360,46656000,12915183,Face-Based (Fused),CPU-Parallel,NeoN,4,gpu-nvidia-h200
LDC_N360,46656000,7036331,Face-Based (Fused),CPU-Parallel,NeoN,8,gpu-nvidia-h200
LDC_N360,46656000,7064431,Face-Based (Fused),CPU-Parallel,NeoN,8,gpu-nvidia-h200
LDC_N360,46656000,7003368,Face-Based (Fused),CPU-Parallel,NeoN,8,gpu-nvidia-h200
LDC_N360,46656000,3487250,Face-Based (Fused),CPU-Parallel,NeoN,16,gpu-nvidia-h200
LDC_N360,46656000,3524459,Face-Based (Fused),CPU-Parallel,NeoN,16,gpu-nvidia-h200
LDC_N360,46656000,3504578,Face-Based (Fused),CPU-Parallel,NeoN,16,gpu-nvidia-h200
LDC_N360,46656000,1781952,Face-Based (Fused),CPU-Parallel,NeoN,32,gpu-nvidia-h200
LDC_N360,46656000,1774046,Face-Based (Fused),CPU-Parallel,NeoN,32,gpu-nvidia-h200
LDC_N360,46656000,1777809,Face-Based (Fused),CPU-Parallel,NeoN,32,gpu-nvidia-h200
LDC_N360,46656000,1071104,Face-Based (Fused),CPU-Parallel,NeoN,64,gpu-nvidia-h200
LDC_N360,46656000,995660,Face-Based (Fused),CPU-Parallel,NeoN,64,gpu-nvidia-h200
LDC_N360,46656000,1012483,Face-Based (Fused),CPU-Parallel,NeoN,64,gpu-nvidia-h200
LDC_N360,46656000,788991,Face-Based (Fused),CPU-Parallel,NeoN,128,gpu-nvidia-h200
LDC_N360,46656000,791981,Face-Based (Fused),CPU-Parallel,NeoN,128,gpu-nvidia-h200
LDC_N360,46656000,797173,Face-Based (Fused),CPU-Parallel,NeoN,128,gpu-nvidia-h200
LDC_N380,54872000,42264401,Face-Based (Fused),CPU-Parallel,NeoN,1,gpu-nvidia-h200
LDC_N380,54872000,41774281,Face-Based (Fused),CPU-Parallel,NeoN,1,gpu-nvidia-h200
LDC_N380,54872000,42304515,Face-Based (Fused),CPU-Parallel,NeoN,1,gpu-nvidia-h200
LDC_N380,54872000,27619582,Face-Based (Fused),CPU-Parallel,NeoN,2,gpu-nvidia-h200
LDC_N380,54872000,27214394,Face-Based (Fused),CPU-Parallel,NeoN,2,gpu-nvidia-h200
LDC_N380,54872000,27214641,Face-Based (Fused),CPU-Parallel,NeoN,2,gpu-nvidia-h200
LDC_N380,54872000,15372582,Face-Based (Fused),CPU-Parallel,NeoN,4,gpu-nvidia-h200
LDC_N380,54872000,15406045,Face-Based (Fused),CPU-Parallel,NeoN,4,gpu-nvidia-h200
LDC_N380,54872000,15467621,Face-Based (Fused),CPU-Parallel,NeoN,4,gpu-nvidia-h200
LDC_N380,54872000,8111002,Face-Based (Fused),CPU-Parallel,NeoN,8,gpu-nvidia-h200
LDC_N380,54872000,8130860,Face-Based (Fused),CPU-Parallel,NeoN,8,gpu-nvidia-h200
LDC_N380,54872000,8150290,Face-Based (Fused),CPU-Parallel,NeoN,8,gpu-nvidia-h200
LDC_N380,54872000,4109226,Face-Based (Fused),CPU-Parallel,NeoN,16,gpu-nvidia-h200
LDC_N380,54872000,4113692,Face-Based (Fused),CPU-Parallel,NeoN,16,gpu-nvidia-h200
LDC_N380,54872000,4087862,Face-Based (Fused),CPU-Parallel,NeoN,16,gpu-nvidia-h200
LDC_N380,54872000,2117443,Face-Based (Fused),CPU-Parallel,NeoN,32,gpu-nvidia-h200
LDC_N380,54872000,2093213,Face-Based (Fused),CPU-Parallel,NeoN,32,gpu-nvidia-h200
LDC_N380,54872000,2097605,Face-Based (Fused),CPU-Parallel,NeoN,32,gpu-nvidia-h200
LDC_N380,54872000,1156127,Face-Based (Fused),CPU-Parallel,NeoN,64,gpu-nvidia-h200
LDC_N380,54872000,1158510,Face-Based (Fused),CPU-Parallel,NeoN,64,gpu-nvidia-h200
LDC_N380,54872000,1166222,Face-Based (Fused),CPU-Parallel,NeoN,64,gpu-nvidia-h200
LDC_N380,54872000,918534,Face-Based (Fused),CPU-Parallel,NeoN,128,gpu-nvidia-h200
LDC_N380,54872000,915365,Face-Based (Fused),CPU-Parallel,NeoN,128,gpu-nvidia-h200
LDC_N380,54872000,902609,Face-Based (Fused),CPU-Parallel,NeoN,128,gpu-nvidia-h200
LDC_N400,64000000,46686874,Face-Based (Fused),CPU-Parallel,NeoN,1,gpu-nvidia-h200
LDC_N400,64000000,46629942,Face-Based (Fused),CPU-Parallel,NeoN,1,gpu-nvidia-h200
LDC_N400,64000000,46571923,Face-Based (Fused),CPU-Parallel,NeoN,1,gpu-nvidia-h200
LDC_N400,64000000,31271866,Face-Based (Fused),CPU-Parallel,NeoN,2,gpu-nvidia-h200
LDC_N400,64000000,30977247,Face-Based (Fused),CPU-Parallel,NeoN,2,gpu-nvidia-h200
LDC_N400,64000000,30754323,Face-Based (Fused),CPU-Parallel,NeoN,2,gpu-nvidia-h200
LDC_N400,64000000,17340489,Face-Based (Fused),CPU-Parallel,NeoN,4,gpu-nvidia-h200
LDC_N400,64000000,17267409,Face-Based (Fused),CPU-Parallel,NeoN,4,gpu-nvidia-h200
LDC_N400,64000000,17242826,Face-Based (Fused),CPU-Parallel,NeoN,4,gpu-nvidia-h200
LDC_N400,64000000,8925321,Face-Based (Fused),CPU-Parallel,NeoN,8,gpu-nvidia-h200
LDC_N400,64000000,9214828,Face-Based (Fused),CPU-Parallel,NeoN,8,gpu-nvidia-h200
LDC_N400,64000000,9243591,Face-Based (Fused),CPU-Parallel,NeoN,8,gpu-nvidia-h200
LDC_N400,64000000,4728796,Face-Based (Fused),CPU-Parallel,NeoN,16,gpu-nvidia-h200
LDC_N400,64000000,4675335,Face-Based (Fused),CPU-Parallel,NeoN,16,gpu-nvidia-h200
LDC_N400,64000000,4694638,Face-Based (Fused),CPU-Parallel,NeoN,16,gpu-nvidia-h200
LDC_N400,64000000,2409222,Face-Based (Fused),CPU-Parallel,NeoN,32,gpu-nvidia-h200
LDC_N400,64000000,2404768,Face-Based (Fused),CPU-Parallel,NeoN,32,gpu-nvidia-h200
LDC_N400,64000000,2402793,Face-Based (Fused),CPU-Parallel,NeoN,32,gpu-nvidia-h200
LDC_N400,64000000,1383658,Face-Based (Fused),CPU-Parallel,NeoN,64,gpu-nvidia-h200
LDC_N400,64000000,1389791,Face-Based (Fused),CPU-Parallel,NeoN,64,gpu-nvidia-h200
LDC_N400,64000000,1415252,Face-Based (Fused),CPU-Parallel,NeoN,64,gpu-nvidia-h200
LDC_N400,64000000,1075921,Face-Based (Fused),CPU-Parallel,NeoN,128,gpu-nvidia-h200
LDC_N400,64000000,1077108,Face-Based (Fused),CPU-Parallel,NeoN,128,gpu-nvidia-h200
LDC_N400,64000000,1079079,Face-Based (Fused),CPU-Parallel,NeoN,128,gpu-nvidia-h200
LDC_N10,1000,1350,Face-Based (Fused),CPU-Parallel,NeoN,1,gpu-nvidia-h100
LDC_N10,1000,1345,Face-Based (Fused),CPU-Parallel,NeoN,1,gpu-nvidia-h100
LDC_N10,1000,1337,Face-Based (Fused),CPU-Parallel,NeoN,1,gpu-nvidia-h100
LDC_N10,1000,1098,Face-Based (Fused),CPU-Parallel,NeoN,2,gpu-nvidia-h100
LDC_N10,1000,916,Face-Based (Fused),CPU-Parallel,NeoN,2,gpu-nvidia-h100
LDC_N10,1000,906,Face-Based (Fused),CPU-Parallel,NeoN,2,gpu-nvidia-h100
LDC_N10,1000,821,Face-Based (Fused),CPU-Parallel,NeoN,4,gpu-nvidia-h100
LDC_N10,1000,792,Face-Based (Fused),CPU-Parallel,NeoN,4,gpu-nvidia-h100
LDC_N10,1000,843,Face-Based (Fused),CPU-Parallel,NeoN,4,gpu-nvidia-h100
LDC_N10,1000,623,Face-Based (Fused),CPU-Parallel,NeoN,8,gpu-nvidia-h100
LDC_N10,1000,663,Face-Based (Fused),CPU-Parallel,NeoN,8,gpu-nvidia-h100
LDC_N10,1000,701,Face-Based (Fused),CPU-Parallel,NeoN,8,gpu-nvidia-h100
LDC_N10,1000,495,Face-Based (Fused),CPU-Parallel,NeoN,16,gpu-nvidia-h100
LDC_N10,1000,506,Face-Based (Fused),CPU-Parallel,NeoN,16,gpu-nvidia-h100
LDC_N10,1000,508,Face-Based (Fused),CPU-Parallel,NeoN,16,gpu-nvidia-h100
LDC_N10,1000,488,Face-Based (Fused),CPU-Parallel,NeoN,32,gpu-nvidia-h100
LDC_N10,1000,465,Face-Based (Fused),CPU-Parallel,NeoN,32,gpu-nvidia-h100
LDC_N10,1000,486,Face-Based (Fused),CPU-Parallel,NeoN,32,gpu-nvidia-h100
LDC_N10,1000,539,Face-Based (Fused),CPU-Parallel,NeoN,64,gpu-nvidia-h100
LDC_N10,1000,559,Face-Based (Fused),CPU-Parallel,NeoN,64,gpu-nvidia-h100
LDC_N10,1000,539,Face-Based (Fused),CPU-Parallel,NeoN,64,gpu-nvidia-h100
LDC_N10,1000,526,Face-Based (Fused),CPU-Parallel,NeoN,128,gpu-nvidia-h100
LDC_N10,1000,569,Face-Based (Fused),CPU-Parallel,NeoN,128,gpu-nvidia-h100
LDC_N10,1000,541,Face-Based (Fused),CPU-Parallel,NeoN,128,gpu-nvidia-h100
LDC_N20,8000,10084,Face-Based (Fused),CPU-Parallel,NeoN,1,gpu-nvidia-h100
LDC_N20,8000,10005,Face-Based (Fused),CPU-Parallel,NeoN,1,gpu-nvidia-h100
LDC_N20,8000,10121,Face-Based (Fused),CPU-Parallel,NeoN,1,gpu-nvidia-h100
LDC_N20,8000,5560,Face-Based (Fused),CPU-Parallel,NeoN,2,gpu-nvidia-h100
LDC_N20,8000,5552,Face-Based (Fused),CPU-Parallel,NeoN,2,gpu-nvidia-h100
LDC_N20,8000,5454,Face-Based (Fused),CPU-Parallel,NeoN,2,gpu-nvidia-h100
LDC_N20,8000,3894,Face-Based (Fused),CPU-Parallel,NeoN,4,gpu-nvidia-h100
LDC_N20,8000,3878,Face-Based (Fused),CPU-Parallel,NeoN,4,gpu-nvidia-h100
LDC_N20,8000,3865,Face-Based (Fused),CPU-Parallel,NeoN,4,gpu-nvidia-h100
LDC_N20,8000,2213,Face-Based (Fused),CPU-Parallel,NeoN,8,gpu-nvidia-h100
LDC_N20,8000,2170,Face-Based (Fused),CPU-Parallel,NeoN,8,gpu-nvidia-h100
LDC_N20,8000,2130,Face-Based (Fused),CPU-Parallel,NeoN,8,gpu-nvidia-h100
LDC_N20,8000,1345,Face-Based (Fused),CPU-Parallel,NeoN,16,gpu-nvidia-h100
LDC_N20,8000,1635,Face-Based (Fused),CPU-Parallel,NeoN,16,gpu-nvidia-h100
LDC_N20,8000,1327,Face-Based (Fused),CPU-Parallel,NeoN,16,gpu-nvidia-h100
LDC_N20,8000,1057,Face-Based (Fused),CPU-Parallel,NeoN,32,gpu-nvidia-h100
LDC_N20,8000,1086,Face-Based (Fused),CPU-Parallel,NeoN,32,gpu-nvidia-h100
LDC_N20,8000,1163,Face-Based (Fused),CPU-Parallel,NeoN,32,gpu-nvidia-h100
LDC_N20,8000,817,Face-Based (Fused),CPU-Parallel,NeoN,64,gpu-nvidia-h100
LDC_N20,8000,836,Face-Based (Fused),CPU-Parallel,NeoN,64,gpu-nvidia-h100
LDC_N20,8000,838,Face-Based (Fused),CPU-Parallel,NeoN,64,gpu-nvidia-h100
LDC_N20,8000,832,Face-Based (Fused),CPU-Parallel,NeoN,128,gpu-nvidia-h100
LDC_N20,8000,836,Face-Based (Fused),CPU-Parallel,NeoN,128,gpu-nvidia-h100
LDC_N20,8000,835,Face-Based (Fused),CPU-Parallel,NeoN,128,gpu-nvidia-h100
LDC_N30,27000,32958,Face-Based (Fused),CPU-Parallel,NeoN,1,gpu-nvidia-h100
LDC_N30,27000,33091,Face-Based (Fused),CPU-Parallel,NeoN,1,gpu-nvidia-h100
LDC_N30,27000,32930,Face-Based (Fused),CPU-Parallel,NeoN,1,gpu-nvidia-h100
LDC_N30,27000,19704,Face-Based (Fused),CPU-Parallel,NeoN,2,gpu-nvidia-h100
LDC_N30,27000,19560,Face-Based (Fused),CPU-Parallel,NeoN,2,gpu-nvidia-h100
LDC_N30,27000,19249,Face-Based (Fused),CPU-Parallel,NeoN,2,gpu-nvidia-h100
LDC_N30,27000,12001,Face-Based (Fused),CPU-Parallel,NeoN,4,gpu-nvidia-h100
LDC_N30,27000,11932,Face-Based (Fused),CPU-Parallel,NeoN,4,gpu-nvidia-h100
LDC_N30,27000,11911,Face-Based (Fused),CPU-Parallel,NeoN,4,gpu-nvidia-h100
LDC_N30,27000,6070,Face-Based (Fused),CPU-Parallel,NeoN,8,gpu-nvidia-h100
LDC_N30,27000,6409,Face-Based (Fused),CPU-Parallel,NeoN,8,gpu-nvidia-h100
LDC_N30,27000,6358,Face-Based (Fused),CPU-Parallel,NeoN,8,gpu-nvidia-h100
LDC_N30,27000,3754,Face-Based (Fused),CPU-Parallel,NeoN,16,gpu-nvidia-h100
LDC_N30,27000,3619,Face-Based (Fused),CPU-Parallel,NeoN,16,gpu-nvidia-h100
LDC_N30,27000,3573,Face-Based (Fused),CPU-Parallel,NeoN,16,gpu-nvidia-h100
LDC_N30,27000,2830,Face-Based (Fused),CPU-Parallel,NeoN,32,gpu-nvidia-h100
LDC_N30,27000,2749,Face-Based (Fused),CPU-Parallel,NeoN,32,gpu-nvidia-h100
LDC_N30,27000,2514,Face-Based (Fused),CPU-Parallel,NeoN,32,gpu-nvidia-h100
LDC_N30,27000,5570,Face-Based (Fused),CPU-Parallel,NeoN,64,gpu-nvidia-h100
LDC_N30,27000,5087,Face-Based (Fused),CPU-Parallel,NeoN,64,gpu-nvidia-h100
LDC_N30,27000,1382,Face-Based (Fused),CPU-Parallel,NeoN,64,gpu-nvidia-h100
LDC_N30,27000,1563,Face-Based (Fused),CPU-Parallel,NeoN,128,gpu-nvidia-h100
LDC_N30,27000,1609,Face-Based (Fused),CPU-Parallel,NeoN,128,gpu-nvidia-h100
LDC_N30,27000,1500,Face-Based (Fused),CPU-Parallel,NeoN,128,gpu-nvidia-h100
LDC_N40,64000,77604,Face-Based (Fused),CPU-Parallel,NeoN,1,gpu-nvidia-h100
LDC_N40,64000,77587,Face-Based (Fused),CPU-Parallel,NeoN,1,gpu-nvidia-h100
LDC_N40,64000,77078,Face-Based (Fused),CPU-Parallel,NeoN,1,gpu-nvidia-h100
LDC_N40,64000,43647,Face-Based (Fused),CPU-Parallel,NeoN,2,gpu-nvidia-h100
LDC_N40,64000,42592,Face-Based (Fused),CPU-Parallel,NeoN,2,gpu-nvidia-h100
LDC_N40,64000,42781,Face-Based (Fused),CPU-Parallel,NeoN,2,gpu-nvidia-h100
LDC_N40,64000,26077,Face-Based (Fused),CPU-Parallel,NeoN,4,gpu-nvidia-h100
LDC_N40,64000,26259,Face-Based (Fused),CPU-Parallel,NeoN,4,gpu-nvidia-h100
LDC_N40,64000,27626,Face-Based (Fused),CPU-Parallel,NeoN,4,gpu-nvidia-h100
LDC_N40,64000,16070,Face-Based (Fused),CPU-Parallel,NeoN,8,gpu-nvidia-h100
LDC_N40,64000,15391,Face-Based (Fused),CPU-Parallel,NeoN,8,gpu-nvidia-h100
LDC_N40,64000,16033,Face-Based (Fused),CPU-Parallel,NeoN,8,gpu-nvidia-h100
LDC_N40,64000,8097,Face-Based (Fused),CPU-Parallel,NeoN,16,gpu-nvidia-h100
LDC_N40,64000,8211,Face-Based (Fused),CPU-Parallel,NeoN,16,gpu-nvidia-h100
LDC_N40,64000,8304,Face-Based (Fused),CPU-Parallel,NeoN,16,gpu-nvidia-h100
LDC_N40,64000,4127,Face-Based (Fused),CPU-Parallel,NeoN,32,gpu-nvidia-h100
LDC_N40,64000,4152,Face-Based (Fused),CPU-Parallel,NeoN,32,gpu-nvidia-h100
LDC_N40,64000,4127,Face-Based (Fused),CPU-Parallel,NeoN,32,gpu-nvidia-h100
LDC_N40,64000,2937,Face-Based (Fused),CPU-Parallel,NeoN,64,gpu-nvidia-h100
LDC_N40,64000,3005,Face-Based (Fused),CPU-Parallel,NeoN,64,gpu-nvidia-h100
LDC_N40,64000,2824,Face-Based (Fused),CPU-Parallel,NeoN,64,gpu-nvidia-h100
LDC_N40,64000,2411,Face-Based (Fused),CPU-Parallel,NeoN,128,gpu-nvidia-h100
LDC_N40,64000,2363,Face-Based (Fused),CPU-Parallel,NeoN,128,gpu-nvidia-h100
LDC_N40,64000,2514,Face-Based (Fused),CPU-Parallel,NeoN,128,gpu-nvidia-h100
LDC_N50,125000,153573,Face-Based (Fused),CPU-Parallel,NeoN,1,gpu-nvidia-h100
LDC_N50,125000,153188,Face-Based (Fused),CPU-Parallel,NeoN,1,gpu-nvidia-h100
LDC_N50,125000,149814,Face-Based (Fused),CPU-Parallel,NeoN,1,gpu-nvidia-h100
LDC_N50,125000,91916,Face-Based (Fused),CPU-Parallel,NeoN,2,gpu-nvidia-h100
LDC_N50,125000,86765,Face-Based (Fused),CPU-Parallel,NeoN,2,gpu-nvidia-h100
LDC_N50,125000,86303,Face-Based (Fused),CPU-Parallel,NeoN,2,gpu-nvidia-h100
LDC_N50,125000,53199,Face-Based (Fused),CPU-Parallel,NeoN,4,gpu-nvidia-h100
LDC_N50,125000,53176,Face-Based (Fused),CPU-Parallel,NeoN,4,gpu-nvidia-h100
LDC_N50,125000,53040,Face-Based (Fused),CPU-Parallel,NeoN,4,gpu-nvidia-h100
LDC_N50,125000,28644,Face-Based (Fused),CPU-Parallel,NeoN,8,gpu-nvidia-h100
LDC_N50,125000,33990,Face-Based (Fused),CPU-Parallel,NeoN,8,gpu-nvidia-h100
LDC_N50,125000,29632,Face-Based (Fused),CPU-Parallel,NeoN,8,gpu-nvidia-h100
LDC_N50,125000,15710,Face-Based (Fused),CPU-Parallel,NeoN,16,gpu-nvidia-h100
LDC_N50,125000,15296,Face-Based (Fused),CPU-Parallel,NeoN,16,gpu-nvidia-h100
LDC_N50,125000,15215,Face-Based (Fused),CPU-Parallel,NeoN,16,gpu-nvidia-h100
LDC_N50,125000,8721,Face-Based (Fused),CPU-Parallel,NeoN,32,gpu-nvidia-h100
LDC_N50,125000,8559,Face-Based (Fused),CPU-Parallel,NeoN,32,gpu-nvidia-h100
LDC_N50,125000,10527,Face-Based (Fused),CPU-Parallel,NeoN,32,gpu-nvidia-h100
LDC_N50,125000,4522,Face-Based (Fused),CPU-Parallel,NeoN,64,gpu-nvidia-h100
LDC_N50,125000,4664,Face-Based (Fused),CPU-Parallel,NeoN,64,gpu-nvidia-h100
LDC_N50,125000,4955,Face-Based (Fused),CPU-Parallel,NeoN,64,gpu-nvidia-h100
LDC_N50,125000,4167,Face-Based (Fused),CPU-Parallel,NeoN,128,gpu-nvidia-h100
LDC_N50,125000,4161,Face-Based (Fused),CPU-Parallel,NeoN,128,gpu-nvidia-h100
LDC_N50,125000,3802,Face-Based (Fused),CPU-Parallel,NeoN,128,gpu-nvidia-h100
LDC_N60,216000,253826,Face-Based (Fused),CPU-Parallel,NeoN,1,gpu-nvidia-h100
LDC_N60,216000,253514,Face-Based (Fused),CPU-Parallel,NeoN,1,gpu-nvidia-h100
LDC_N60,216000,256168,Face-Based (Fused),CPU-Parallel,NeoN,1,gpu-nvidia-h100
LDC_N60,216000,151471,Face-Based (Fused),CPU-Parallel,NeoN,2,gpu-nvidia-h100
LDC_N60,216000,150190,Face-Based (Fused),CPU-Parallel,NeoN,2,gpu-nvidia-h100
LDC_N60,216000,147944,Face-Based (Fused),CPU-Parallel,NeoN,2,gpu-nvidia-h100
LDC_N60,216000,110597,Face-Based (Fused),CPU-Parallel,NeoN,4,gpu-nvidia-h100
LDC_N60,216000,101738,Face-Based (Fused),CPU-Parallel,NeoN,4,gpu-nvidia-h100
LDC_N60,216000,98707,Face-Based (Fused),CPU-Parallel,NeoN,4,gpu-nvidia-h100
LDC_N60,216000,53323,Face-Based (Fused),CPU-Parallel,NeoN,8,gpu-nvidia-h100
LDC_N60,216000,54642,Face-Based (Fused),CPU-Parallel,NeoN,8,gpu-nvidia-h100
LDC_N60,216000,54317,Face-Based (Fused),CPU-Parallel,NeoN,8,gpu-nvidia-h100
LDC_N60,216000,34596,Face-Based (Fused),CPU-Parallel,NeoN,16,gpu-nvidia-h100
LDC_N60,216000,26495,Face-Based (Fused),CPU-Parallel,NeoN,16,gpu-nvidia-h100
LDC_N60,216000,26361,Face-Based (Fused),CPU-Parallel,NeoN,16,gpu-nvidia-h100
LDC_N60,216000,14684,Face-Based (Fused),CPU-Parallel,NeoN,32,gpu-nvidia-h100
LDC_N60,216000,14112,Face-Based (Fused),CPU-Parallel,NeoN,32,gpu-nvidia-h100
LDC_N60,216000,14031,Face-Based (Fused),CPU-Parallel,NeoN,32,gpu-nvidia-h100
LDC_N60,216000,23398,Face-Based (Fused),CPU-Parallel,NeoN,64,gpu-nvidia-h100
LDC_N60,216000,14757,Face-Based (Fused),CPU-Parallel,NeoN,64,gpu-nvidia-h100
LDC_N60,216000,9156,Face-Based (Fused),CPU-Parallel,NeoN,64,gpu-nvidia-h100
LDC_N60,216000,6459,Face-Based (Fused),CPU-Parallel,NeoN,128,gpu-nvidia-h100
LDC_N60,216000,6329,Face-Based (Fused),CPU-Parallel,NeoN,128,gpu-nvidia-h100
LDC_N60,216000,6670,Face-Based (Fused),CPU-Parallel,NeoN,128,gpu-nvidia-h100
LDC_N70,343000,407788,Face-Based (Fused),CPU-Parallel,NeoN,1,gpu-nvidia-h100
LDC_N70,343000,411614,Face-Based (Fused),CPU-Parallel,NeoN,1,gpu-nvidia-h100
LDC_N70,343000,410965,Face-Based (Fused),CPU-Parallel,NeoN,1,gpu-nvidia-h100
LDC_N70,343000,240048,Face-Based (Fused),CPU-Parallel,NeoN,2,gpu-nvidia-h100
LDC_N70,343000,237776,Face-Based (Fused),CPU-Parallel,NeoN,2,gpu-nvidia-h100
LDC_N70,343000,258089,Face-Based (Fused),CPU-Parallel,NeoN,2,gpu-nvidia-h100
LDC_N70,343000,141519,Face-Based (Fused),CPU-Parallel,NeoN,4,gpu-nvidia-h100
LDC_N70,343000,163007,Face-Based (Fused),CPU-Parallel,NeoN,4,gpu-nvidia-h100
LDC_N70,343000,160103,Face-Based (Fused),CPU-Parallel,NeoN,4,gpu-nvidia-h100
LDC_N70,343000,84616,Face-Based (Fused),CPU-Parallel,NeoN,8,gpu-nvidia-h100
LDC_N70,343000,78314,Face-Based (Fused),CPU-Parallel,NeoN,8,gpu-nvidia-h100
LDC_N70,343000,74795,Face-Based (Fused),CPU-Parallel,NeoN,8,gpu-nvidia-h100
LDC_N70,343000,46207,Face-Based (Fused),CPU-Parallel,NeoN,16,gpu-nvidia-h100
LDC_N70,343000,60756,Face-Based (Fused),CPU-Parallel,NeoN,16,gpu-nvidia-h100
LDC_N70,343000,43811,Face-Based (Fused),CPU-Parallel,NeoN,16,gpu-nvidia-h100
LDC_N70,343000,23030,Face-Based (Fused),CPU-Parallel,NeoN,32,gpu-nvidia-h100
LDC_N70,343000,22683,Face-Based (Fused),CPU-Parallel,NeoN,32,gpu-nvidia-h100
LDC_N70,343000,22400,Face-Based (Fused),CPU-Parallel,NeoN,32,gpu-nvidia-h100
LDC_N70,343000,15366,Face-Based (Fused),CPU-Parallel,NeoN,64,gpu-nvidia-h100
LDC_N70,343000,13229,Face-Based (Fused),CPU-Parallel,NeoN,64,gpu-nvidia-h100
LDC_N70,343000,13190,Face-Based (Fused),CPU-Parallel,NeoN,64,gpu-nvidia-h100
LDC_N70,343000,8386,Face-Based (Fused),CPU-Parallel,NeoN,128,gpu-nvidia-h100
LDC_N70,343000,9654,Face-Based (Fused),CPU-Parallel,NeoN,128,gpu-nvidia-h100
LDC_N70,343000,8792,Face-Based (Fused),CPU-Parallel,NeoN,128,gpu-nvidia-h100
LDC_N80,512000,611410,Face-Based (Fused),CPU-Parallel,NeoN,1,gpu-nvidia-h100
LDC_N80,512000,611910,Face-Based (Fused),CPU-Parallel,NeoN,1,gpu-nvidia-h100
LDC_N80,512000,426969,Face-Based (Fused),CPU-Parallel,NeoN,1,gpu-nvidia-h100
LDC_N80,512000,313372,Face-Based (Fused),CPU-Parallel,NeoN,2,gpu-nvidia-h100
LDC_N80,512000,308276,Face-Based (Fused),CPU-Parallel,NeoN,2,gpu-nvidia-h100
LDC_N80,512000,311332,Face-Based (Fused),CPU-Parallel,NeoN,2,gpu-nvidia-h100
LDC_N80,512000,196618,Face-Based (Fused),CPU-Parallel,NeoN,4,gpu-nvidia-h100
LDC_N80,512000,204049,Face-Based (Fused),CPU-Parallel,NeoN,4,gpu-nvidia-h100
LDC_N80,512000,207677,Face-Based (Fused),CPU-Parallel,NeoN,4,gpu-nvidia-h100
LDC_N80,512000,92301,Face-Based (Fused),CPU-Parallel,NeoN,8,gpu-nvidia-h100
LDC_N80,512000,96964,Face-Based (Fused),CPU-Parallel,NeoN,8,gpu-nvidia-h100
LDC_N80,512000,91045,Face-Based (Fused),CPU-Parallel,NeoN,8,gpu-nvidia-h100
LDC_N80,512000,54492,Face-Based (Fused),CPU-Parallel,NeoN,16,gpu-nvidia-h100
LDC_N80,512000,51209,Face-Based (Fused),CPU-Parallel,NeoN,16,gpu-nvidia-h100
LDC_N80,512000,54865,Face-Based (Fused),CPU-Parallel,NeoN,16,gpu-nvidia-h100
LDC_N80,512000,41645,Face-Based (Fused),CPU-Parallel,NeoN,32,gpu-nvidia-h100
LDC_N80,512000,30587,Face-Based (Fused),CPU-Parallel,NeoN,32,gpu-nvidia-h100
LDC_N80,512000,24822,Face-Based (Fused),CPU-Parallel,NeoN,32,gpu-nvidia-h100
LDC_N80,512000,16821,Face-Based (Fused),CPU-Parallel,NeoN,64,gpu-nvidia-h100
LDC_N80,512000,13993,Face-Based (Fused),CPU-Parallel,NeoN,64,gpu-nvidia-h100
LDC_N80,512000,13160,Face-Based (Fused),CPU-Parallel,NeoN,64,gpu-nvidia-h100
LDC_N80,512000,12176,Face-Based (Fused),CPU-Parallel,NeoN,128,gpu-nvidia-h100
LDC_N80,512000,11009,Face-Based (Fused),CPU-Parallel,NeoN,128,gpu-nvidia-h100
LDC_N80,512000,11117,Face-Based (Fused),CPU-Parallel,NeoN,128,gpu-nvidia-h100
LDC_N90,729000,591261,Face-Based (Fused),CPU-Parallel,NeoN,1,gpu-nvidia-h100
LDC_N90,729000,594803,Face-Based (Fused),CPU-Parallel,NeoN,1,gpu-nvidia-h100
LDC_N90,729000,586553,Face-Based (Fused),CPU-Parallel,NeoN,1,gpu-nvidia-h100
LDC_N90,729000,472555,Face-Based (Fused),CPU-Parallel,NeoN,2,gpu-nvidia-h100
LDC_N90,729000,471672,Face-Based (Fused),CPU-Parallel,NeoN,2,gpu-nvidia-h100
LDC_N90,729000,478855,Face-Based (Fused),CPU-Parallel,NeoN,2,gpu-nvidia-h100
LDC_N90,729000,303785,Face-Based (Fused),CPU-Parallel,NeoN,4,gpu-nvidia-h100
LDC_N90,729000,294678,Face-Based (Fused),CPU-Parallel,NeoN,4,gpu-nvidia-h100
LDC_N90,729000,296270,Face-Based (Fused),CPU-Parallel,NeoN,4,gpu-nvidia-h100
LDC_N90,729000,127893,Face-Based (Fused),CPU-Parallel,NeoN,8,gpu-nvidia-h100
LDC_N90,729000,148911,Face-Based (Fused),CPU-Parallel,NeoN,8,gpu-nvidia-h100
LDC_N90,729000,132125,Face-Based (Fused),CPU-Parallel,NeoN,8,gpu-nvidia-h100
LDC_N90,729000,72224,Face-Based (Fused),CPU-Parallel,NeoN,16,gpu-nvidia-h100
LDC_N90,729000,77193,Face-Based (Fused),CPU-Parallel,NeoN,16,gpu-nvidia-h100
LDC_N90,729000,81568,Face-Based (Fused),CPU-Parallel,NeoN,16,gpu-nvidia-h100
LDC_N90,729000,40073,Face-Based (Fused),CPU-Parallel,NeoN,32,gpu-nvidia-h100
LDC_N90,729000,35203,Face-Based (Fused),CPU-Parallel,NeoN,32,gpu-nvidia-h100
LDC_N90,729000,38973,Face-Based (Fused),CPU-Parallel,NeoN,32,gpu-nvidia-h100
LDC_N90,729000,24000,Face-Based (Fused),CPU-Parallel,NeoN,64,gpu-nvidia-h100
LDC_N90,729000,20644,Face-Based (Fused),CPU-Parallel,NeoN,64,gpu-nvidia-h100
LDC_N90,729000,19993,Face-Based (Fused),CPU-Parallel,NeoN,64,gpu-nvidia-h100
LDC_N90,729000,23638,Face-Based (Fused),CPU-Parallel,NeoN,128,gpu-nvidia-h100
LDC_N90,729000,32235,Face-Based (Fused),CPU-Parallel,NeoN,128,gpu-nvidia-h100
LDC_N90,729000,24040,Face-Based (Fused),CPU-Parallel,NeoN,128,gpu-nvidia-h100
LDC_N100,1000000,1195064,Face-Based (Fused),CPU-Parallel,NeoN,1,gpu-nvidia-h100
LDC_N100,1000000,1178587,Face-Based (Fused),CPU-Parallel,NeoN,1,gpu-nvidia-h100
LDC_N100,1000000,1175025,Face-Based (Fused),CPU-Parallel,NeoN,1,gpu-nvidia-h100
LDC_N100,1000000,663297,Face-Based (Fused),CPU-Parallel,NeoN,2,gpu-nvidia-h100
LDC_N100,1000000,659104,Face-Based (Fused),CPU-Parallel,NeoN,2,gpu-nvidia-h100
LDC_N100,1000000,666977,Face-Based (Fused),CPU-Parallel,NeoN,2,gpu-nvidia-h100
LDC_N100,1000000,358351,Face-Based (Fused),CPU-Parallel,NeoN,4,gpu-nvidia-h100
LDC_N100,1000000,360694,Face-Based (Fused),CPU-Parallel,NeoN,4,gpu-nvidia-h100
LDC_N100,1000000,357398,Face-Based (Fused),CPU-Parallel,NeoN,4,gpu-nvidia-h100
LDC_N100,1000000,188382,Face-Based (Fused),CPU-Parallel,NeoN,8,gpu-nvidia-h100
LDC_N100,1000000,194320,Face-Based (Fused),CPU-Parallel,NeoN,8,gpu-nvidia-h100
LDC_N100,1000000,192275,Face-Based (Fused),CPU-Parallel,NeoN,8,gpu-nvidia-h100
LDC_N100,1000000,102454,Face-Based (Fused),CPU-Parallel,NeoN,16,gpu-nvidia-h100
LDC_N100,1000000,112817,Face-Based (Fused),CPU-Parallel,NeoN,16,gpu-nvidia-h100
LDC_N100,1000000,101090,Face-Based (Fused),CPU-Parallel,NeoN,16,gpu-nvidia-h100
LDC_N100,1000000,49963,Face-Based (Fused),CPU-Parallel,NeoN,32,gpu-nvidia-h100
LDC_N100,1000000,50519,Face-Based (Fused),CPU-Parallel,NeoN,32,gpu-nvidia-h100
LDC_N100,1000000,48473,Face-Based (Fused),CPU-Parallel,NeoN,32,gpu-nvidia-h100
LDC_N100,1000000,24148,Face-Based (Fused),CPU-Parallel,NeoN,64,gpu-nvidia-h100
LDC_N100,1000000,26010,Face-Based (Fused),CPU-Parallel,NeoN,64,gpu-nvidia-h100
LDC_N100,1000000,26787,Face-Based (Fused),CPU-Parallel,NeoN,64,gpu-nvidia-h100
LDC_N100,1000000,19465,Face-Based (Fused),CPU-Parallel,NeoN,128,gpu-nvidia-h100
LDC_N100,1000000,18318,Face-Based (Fused),CPU-Parallel,NeoN,128,gpu-nvidia-h100
LDC_N100,1000000,18478,Face-Based (Fused),CPU-Parallel,NeoN,128,gpu-nvidia-h100
LDC_N110,1331000,1061769,Face-Based (Fused),CPU-Parallel,NeoN,1,gpu-nvidia-h100
LDC_N110,1331000,1068636,Face-Based (Fused),CPU-Parallel,NeoN,1,gpu-nvidia-h100
LDC_N110,1331000,1080520,Face-Based (Fused),CPU-Parallel,NeoN,1,gpu-nvidia-h100
LDC_N110,1331000,849385,Face-Based (Fused),CPU-Parallel,NeoN,2,gpu-nvidia-h100
LDC_N110,1331000,873366,Face-Based (Fused),CPU-Parallel,NeoN,2,gpu-nvidia-h100
LDC_N110,1331000,856666,Face-Based (Fused),CPU-Parallel,NeoN,2,gpu-nvidia-h100
LDC_N110,1331000,494348,Face-Based (Fused),CPU-Parallel,NeoN,4,gpu-nvidia-h100
LDC_N110,1331000,481223,Face-Based (Fused),CPU-Parallel,NeoN,4,gpu-nvidia-h100
LDC_N110,1331000,486130,Face-Based (Fused),CPU-Parallel,NeoN,4,gpu-nvidia-h100
LDC_N110,1331000,249487,Face-Based (Fused),CPU-Parallel,NeoN,8,gpu-nvidia-h100
LDC_N110,1331000,251551,Face-Based (Fused),CPU-Parallel,NeoN,8,gpu-nvidia-h100
LDC_N110,1331000,249288,Face-Based (Fused),CPU-Parallel,NeoN,8,gpu-nvidia-h100
LDC_N110,1331000,130109,Face-Based (Fused),CPU-Parallel,NeoN,16,gpu-nvidia-h100
LDC_N110,1331000,130591,Face-Based (Fused),CPU-Parallel,NeoN,16,gpu-nvidia-h100
LDC_N110,1331000,128180,Face-Based (Fused),CPU-Parallel,NeoN,16,gpu-nvidia-h100
LDC_N110,1331000,81354,Face-Based (Fused),CPU-Parallel,NeoN,32,gpu-nvidia-h100
LDC_N110,1331000,72009,Face-Based (Fused),CPU-Parallel,NeoN,32,gpu-nvidia-h100
LDC_N110,1331000,72657,Face-Based (Fused),CPU-Parallel,NeoN,32,gpu-nvidia-h100
LDC_N110,1331000,36389,Face-Based (Fused),CPU-Parallel,NeoN,64,gpu-nvidia-h100
LDC_N110,1331000,35181,Face-Based (Fused),CPU-Parallel,NeoN,64,gpu-nvidia-h100
LDC_N110,1331000,31810,Face-Based (Fused),CPU-Parallel,NeoN,64,gpu-nvidia-h100
LDC_N110,1331000,30080,Face-Based (Fused),CPU-Parallel,NeoN,128,gpu-nvidia-h100
LDC_N110,1331000,29472,Face-Based (Fused),CPU-Parallel,NeoN,128,gpu-nvidia-h100
LDC_N110,1331000,49517,Face-Based (Fused),CPU-Parallel,NeoN,128,gpu-nvidia-h100
LDC_N120,1728000,1401433,Face-Based (Fused),CPU-Parallel,NeoN,1,gpu-nvidia-h100
LDC_N120,1728000,1387038,Face-Based (Fused),CPU-Parallel,NeoN,1,gpu-nvidia-h100
LDC_N120,1728000,1426539,Face-Based (Fused),CPU-Parallel,NeoN,1,gpu-nvidia-h100
LDC_N120,1728000,1102705,Face-Based (Fused),CPU-Parallel,NeoN,2,gpu-nvidia-h100
LDC_N120,1728000,1101164,Face-Based (Fused),CPU-Parallel,NeoN,2,gpu-nvidia-h100
LDC_N120,1728000,1085632,Face-Based (Fused),CPU-Parallel,NeoN,2,gpu-nvidia-h100
LDC_N120,1728000,620080,Face-Based (Fused),CPU-Parallel,NeoN,4,gpu-nvidia-h100
LDC_N120,1728000,616261,Face-Based (Fused),CPU-Parallel,NeoN,4,gpu-nvidia-h100
LDC_N120,1728000,633789,Face-Based (Fused),CPU-Parallel,NeoN,4,gpu-nvidia-h100
LDC_N120,1728000,351891,Face-Based (Fused),CPU-Parallel,NeoN,8,gpu-nvidia-h100
LDC_N120,1728000,327128,Face-Based (Fused),CPU-Parallel,NeoN,8,gpu-nvidia-h100
LDC_N120,1728000,321095,Face-Based (Fused),CPU-Parallel,NeoN,8,gpu-nvidia-h100
LDC_N120,1728000,162682,Face-Based (Fused),CPU-Parallel,NeoN,16,gpu-nvidia-h100
LDC_N120,1728000,161292,Face-Based (Fused),CPU-Parallel,NeoN,16,gpu-nvidia-h100
LDC_N120,1728000,162898,Face-Based (Fused),CPU-Parallel,NeoN,16,gpu-nvidia-h100
LDC_N120,1728000,100382,Face-Based (Fused),CPU-Parallel,NeoN,32,gpu-nvidia-h100
LDC_N120,1728000,100371,Face-Based (Fused),CPU-Parallel,NeoN,32,gpu-nvidia-h100
LDC_N120,1728000,93553,Face-Based (Fused),CPU-Parallel,NeoN,32,gpu-nvidia-h100
LDC_N120,1728000,61862,Face-Based (Fused),CPU-Parallel,NeoN,64,gpu-nvidia-h100
LDC_N120,1728000,61651,Face-Based (Fused),CPU-Parallel,NeoN,64,gpu-nvidia-h100
LDC_N120,1728000,61231,Face-Based (Fused),CPU-Parallel,NeoN,64,gpu-nvidia-h100
LDC_N120,1728000,37277,Face-Based (Fused),CPU-Parallel,NeoN,128,gpu-nvidia-h100
LDC_N120,1728000,37065,Face-Based (Fused),CPU-Parallel,NeoN,128,gpu-nvidia-h100
LDC_N120,1728000,37227,Face-Based (Fused),CPU-Parallel,NeoN,128,gpu-nvidia-h100
LDC_N130,2197000,1787504,Face-Based (Fused),CPU-Parallel,NeoN,1,gpu-nvidia-h100
LDC_N130,2197000,1826612,Face-Based (Fused),CPU-Parallel,NeoN,1,gpu-nvidia-h100
LDC_N130,2197000,1789306,Face-Based (Fused),CPU-Parallel,NeoN,1,gpu-nvidia-h100
LDC_N130,2197000,1377649,Face-Based (Fused),CPU-Parallel,NeoN,2,gpu-nvidia-h100
LDC_N130,2197000,1385389,Face-Based (Fused),CPU-Parallel,NeoN,2,gpu-nvidia-h100
LDC_N130,2197000,1393818,Face-Based (Fused),CPU-Parallel,NeoN,2,gpu-nvidia-h100
LDC_N130,2197000,820233,Face-Based (Fused),CPU-Parallel,NeoN,4,gpu-nvidia-h100
LDC_N130,2197000,794398,Face-Based (Fused),CPU-Parallel,NeoN,4,gpu-nvidia-h100
LDC_N130,2197000,777443,Face-Based (Fused),CPU-Parallel,NeoN,4,gpu-nvidia-h100
LDC_N130,2197000,414632,Face-Based (Fused),CPU-Parallel,NeoN,8,gpu-nvidia-h100
LDC_N130,2197000,406267,Face-Based (Fused),CPU-Parallel,NeoN,8,gpu-nvidia-h100
LDC_N130,2197000,413813,Face-Based (Fused),CPU-Parallel,NeoN,8,gpu-nvidia-h100
LDC_N130,2197000,232866,Face-Based (Fused),CPU-Parallel,NeoN,16,gpu-nvidia-h100
LDC_N130,2197000,209648,Face-Based (Fused),CPU-Parallel,NeoN,16,gpu-nvidia-h100
LDC_N130,2197000,215856,Face-Based (Fused),CPU-Parallel,NeoN,16,gpu-nvidia-h100
LDC_N130,2197000,114030,Face-Based (Fused),CPU-Parallel,NeoN,32,gpu-nvidia-h100
LDC_N130,2197000,114640,Face-Based (Fused),CPU-Parallel,NeoN,32,gpu-nvidia-h100
LDC_N130,2197000,114193,Face-Based (Fused),CPU-Parallel,NeoN,32,gpu-nvidia-h100
LDC_N130,2197000,72625,Face-Based (Fused),CPU-Parallel,NeoN,64,gpu-nvidia-h100
LDC_N130,2197000,68391,Face-Based (Fused),CPU-Parallel,NeoN,64,gpu-nvidia-h100
LDC_N130,2197000,59080,Face-Based (Fused),CPU-Parallel,NeoN,64,gpu-nvidia-h100
LDC_N130,2197000,52313,Face-Based (Fused),CPU-Parallel,NeoN,128,gpu-nvidia-h100
LDC_N130,2197000,49850,Face-Based (Fused),CPU-Parallel,NeoN,128,gpu-nvidia-h100
LDC_N130,2197000,53592,Face-Based (Fused),CPU-Parallel,NeoN,128,gpu-nvidia-h100
LDC_N140,2744000,2203409,Face-Based (Fused),CPU-Parallel,NeoN,1,gpu-nvidia-h100
LDC_N140,2744000,2208083,Face-Based (Fused),CPU-Parallel,NeoN,1,gpu-nvidia-h100
LDC_N140,2744000,2196745,Face-Based (Fused),CPU-Parallel,NeoN,1,gpu-nvidia-h100
LDC_N140,2744000,1718049,Face-Based (Fused),CPU-Parallel,NeoN,2,gpu-nvidia-h100
LDC_N140,2744000,1719556,Face-Based (Fused),CPU-Parallel,NeoN,2,gpu-nvidia-h100
LDC_N140,2744000,1728672,Face-Based (Fused),CPU-Parallel,NeoN,2,gpu-nvidia-h100
LDC_N140,2744000,979475,Face-Based (Fused),CPU-Parallel,NeoN,4,gpu-nvidia-h100
LDC_N140,2744000,1011050,Face-Based (Fused),CPU-Parallel,NeoN,4,gpu-nvidia-h100
LDC_N140,2744000,1032715,Face-Based (Fused),CPU-Parallel,NeoN,4,gpu-nvidia-h100
LDC_N140,2744000,602613,Face-Based (Fused),CPU-Parallel,NeoN,8,gpu-nvidia-h100
LDC_N140,2744000,601957,Face-Based (Fused),CPU-Parallel,NeoN,8,gpu-nvidia-h100
LDC_N140,2744000,600239,Face-Based (Fused),CPU-Parallel,NeoN,8,gpu-nvidia-h100
LDC_N140,2744000,273242,Face-Based (Fused),CPU-Parallel,NeoN,16,gpu-nvidia-h100
LDC_N140,2744000,264512,Face-Based (Fused),CPU-Parallel,NeoN,16,gpu-nvidia-h100
LDC_N140,2744000,262619,Face-Based (Fused),CPU-Parallel,NeoN,16,gpu-nvidia-h100
LDC_N140,2744000,144616,Face-Based (Fused),CPU-Parallel,NeoN,32,gpu-nvidia-h100
LDC_N140,2744000,138977,Face-Based (Fused),CPU-Parallel,NeoN,32,gpu-nvidia-h100
LDC_N140,2744000,161370,Face-Based (Fused),CPU-Parallel,NeoN,32,gpu-nvidia-h100
LDC_N140,2744000,84497,Face-Based (Fused),CPU-Parallel,NeoN,64,gpu-nvidia-h100
LDC_N140,2744000,88454,Face-Based (Fused),CPU-Parallel,NeoN,64,gpu-nvidia-h100
LDC_N140,2744000,91150,Face-Based (Fused),CPU-Parallel,NeoN,64,gpu-nvidia-h100
LDC_N140,2744000,71328,Face-Based (Fused),CPU-Parallel,NeoN,128,gpu-nvidia-h100
LDC_N140,2744000,78174,Face-Based (Fused),CPU-Parallel,NeoN,128,gpu-nvidia-h100
LDC_N140,2744000,62126,Face-Based (Fused),CPU-Parallel,NeoN,128,gpu-nvidia-h100
LDC_N150,3375000,2730397,Face-Based (Fused),CPU-Parallel,NeoN,1,gpu-nvidia-h100
LDC_N150,3375000,2732501,Face-Based (Fused),CPU-Parallel,NeoN,1,gpu-nvidia-h100
LDC_N150,3375000,2748886,Face-Based (Fused),CPU-Parallel,NeoN,1,gpu-nvidia-h100
LDC_N150,3375000,1741039,Face-Based (Fused),CPU-Parallel,NeoN,2,gpu-nvidia-h100
LDC_N150,3375000,2098280,Face-Based (Fused),CPU-Parallel,NeoN,2,gpu-nvidia-h100
LDC_N150,3375000,1958771,Face-Based (Fused),CPU-Parallel,NeoN,2,gpu-nvidia-h100
LDC_N150,3375000,1246312,Face-Based (Fused),CPU-Parallel,NeoN,4,gpu-nvidia-h100
LDC_N150,3375000,1231786,Face-Based (Fused),CPU-Parallel,NeoN,4,gpu-nvidia-h100
LDC_N150,3375000,1221017,Face-Based (Fused),CPU-Parallel,NeoN,4,gpu-nvidia-h100
LDC_N150,3375000,644038,Face-Based (Fused),CPU-Parallel,NeoN,8,gpu-nvidia-h100
LDC_N150,3375000,699531,Face-Based (Fused),CPU-Parallel,NeoN,8,gpu-nvidia-h100
LDC_N150,3375000,659765,Face-Based (Fused),CPU-Parallel,NeoN,8,gpu-nvidia-h100
LDC_N150,3375000,320371,Face-Based (Fused),CPU-Parallel,NeoN,16,gpu-nvidia-h100
LDC_N150,3375000,348541,Face-Based (Fused),CPU-Parallel,NeoN,16,gpu-nvidia-h100
LDC_N150,3375000,311414,Face-Based (Fused),CPU-Parallel,NeoN,16,gpu-nvidia-h100
LDC_N150,3375000,164137,Face-Based (Fused),CPU-Parallel,NeoN,32,gpu-nvidia-h100
LDC_N150,3375000,166746,Face-Based (Fused),CPU-Parallel,NeoN,32,gpu-nvidia-h100
LDC_N150,3375000,161099,Face-Based (Fused),CPU-Parallel,NeoN,32,gpu-nvidia-h100
LDC_N150,3375000,85995,Face-Based (Fused),CPU-Parallel,NeoN,64,gpu-nvidia-h100
LDC_N150,3375000,95662,Face-Based (Fused),CPU-Parallel,NeoN,64,gpu-nvidia-h100
LDC_N150,3375000,104033,Face-Based (Fused),CPU-Parallel,NeoN,64,gpu-nvidia-h100
LDC_N150,3375000,80728,Face-Based (Fused),CPU-Parallel,NeoN,128,gpu-nvidia-h100
LDC_N150,3375000,73443,Face-Based (Fused),CPU-Parallel,NeoN,128,gpu-nvidia-h100
LDC_N150,3375000,71061,Face-Based (Fused),CPU-Parallel,NeoN,128,gpu-nvidia-h100
LDC_N160,4096000,3275740,Face-Based (Fused),CPU-Parallel,NeoN,1,gpu-nvidia-h100
LDC_N160,4096000,3267358,Face-Based (Fused),CPU-Parallel,NeoN,1,gpu-nvidia-h100
LDC_N160,4096000,3297096,Face-Based (Fused),CPU-Parallel,NeoN,1,gpu-nvidia-h100
LDC_N160,4096000,2520087,Face-Based (Fused),CPU-Parallel,NeoN,2,gpu-nvidia-h100
LDC_N160,4096000,2372095,Face-Based (Fused),CPU-Parallel,NeoN,2,gpu-nvidia-h100
LDC_N160,4096000,2396710,Face-Based (Fused),CPU-Parallel,NeoN,2,gpu-nvidia-h100
LDC_N160,4096000,1480230,Face-Based (Fused),CPU-Parallel,NeoN,4,gpu-nvidia-h100
LDC_N160,4096000,1481111,Face-Based (Fused),CPU-Parallel,NeoN,4,gpu-nvidia-h100
LDC_N160,4096000,1496305,Face-Based (Fused),CPU-Parallel,NeoN,4,gpu-nvidia-h100
LDC_N160,4096000,785220,Face-Based (Fused),CPU-Parallel,NeoN,8,gpu-nvidia-h100
LDC_N160,4096000,794457,Face-Based (Fused),CPU-Parallel,NeoN,8,gpu-nvidia-h100
LDC_N160,4096000,826267,Face-Based (Fused),CPU-Parallel,NeoN,8,gpu-nvidia-h100
LDC_N160,4096000,400213,Face-Based (Fused),CPU-Parallel,NeoN,16,gpu-nvidia-h100
LDC_N160,4096000,410987,Face-Based (Fused),CPU-Parallel,NeoN,16,gpu-nvidia-h100
LDC_N160,4096000,393850,Face-Based (Fused),CPU-Parallel,NeoN,16,gpu-nvidia-h100
LDC_N160,4096000,274959,Face-Based (Fused),CPU-Parallel,NeoN,32,gpu-nvidia-h100
LDC_N160,4096000,219076,Face-Based (Fused),CPU-Parallel,NeoN,32,gpu-nvidia-h100
LDC_N160,4096000,259716,Face-Based (Fused),CPU-Parallel,NeoN,32,gpu-nvidia-h100
LDC_N160,4096000,126420,Face-Based (Fused),CPU-Parallel,NeoN,64,gpu-nvidia-h100
LDC_N160,4096000,119099,Face-Based (Fused),CPU-Parallel,NeoN,64,gpu-nvidia-h100
LDC_N160,4096000,124605,Face-Based (Fused),CPU-Parallel,NeoN,64,gpu-nvidia-h100
LDC_N160,4096000,82075,Face-Based (Fused),CPU-Parallel,NeoN,128,gpu-nvidia-h100
LDC_N160,4096000,83364,Face-Based (Fused),CPU-Parallel,NeoN,128,gpu-nvidia-h100
LDC_N160,4096000,81569,Face-Based (Fused),CPU-Parallel,NeoN,128,gpu-nvidia-h100
LDC_N170,4913000,3987991,Face-Based (Fused),CPU-Parallel,NeoN,1,gpu-nvidia-h100
LDC_N170,4913000,3987126,Face-Based (Fused),CPU-Parallel,NeoN,1,gpu-nvidia-h100
LDC_N170,4913000,3971886,Face-Based (Fused),CPU-Parallel,NeoN,1,gpu-nvidia-h100
LDC_N170,4913000,2906284,Face-Based (Fused),CPU-Parallel,NeoN,2,gpu-nvidia-h100
LDC_N170,4913000,2789949,Face-Based (Fused),CPU-Parallel,NeoN,2,gpu-nvidia-h100
LDC_N170,4913000,2977184,Face-Based (Fused),CPU-Parallel,NeoN,2,gpu-nvidia-h100
LDC_N170,4913000,1774375,Face-Based (Fused),CPU-Parallel,NeoN,4,gpu-nvidia-h100
LDC_N170,4913000,1684404,Face-Based (Fused),CPU-Parallel,NeoN,4,gpu-nvidia-h100
LDC_N170,4913000,1757140,Face-Based (Fused),CPU-Parallel,NeoN,4,gpu-nvidia-h100
LDC_N170,4913000,937342,Face-Based (Fused),CPU-Parallel,NeoN,8,gpu-nvidia-h100
LDC_N170,4913000,929436,Face-Based (Fused),CPU-Parallel,NeoN,8,gpu-nvidia-h100
LDC_N170,4913000,942227,Face-Based (Fused),CPU-Parallel,NeoN,8,gpu-nvidia-h100
LDC_N170,4913000,588648,Face-Based (Fused),CPU-Parallel,NeoN,16,gpu-nvidia-h100
LDC_N170,4913000,534940,Face-Based (Fused),CPU-Parallel,NeoN,16,gpu-nvidia-h100
LDC_N170,4913000,477455,Face-Based (Fused),CPU-Parallel,NeoN,16,gpu-nvidia-h100
LDC_N170,4913000,238006,Face-Based (Fused),CPU-Parallel,NeoN,32,gpu-nvidia-h100
LDC_N170,4913000,252223,Face-Based (Fused),CPU-Parallel,NeoN,32,gpu-nvidia-h100
LDC_N170,4913000,232951,Face-Based (Fused),CPU-Parallel,NeoN,32,gpu-nvidia-h100
LDC_N170,4913000,147046,Face-Based (Fused),CPU-Parallel,NeoN,64,gpu-nvidia-h100
LDC_N170,4913000,133732,Face-Based (Fused),CPU-Parallel,NeoN,64,gpu-nvidia-h100
LDC_N170,4913000,153276,Face-Based (Fused),CPU-Parallel,NeoN,64,gpu-nvidia-h100
LDC_N170,4913000,107031,Face-Based (Fused),CPU-Parallel,NeoN,128,gpu-nvidia-h100
LDC_N170,4913000,108908,Face-Based (Fused),CPU-Parallel,NeoN,128,gpu-nvidia-h100
LDC_N170,4913000,109109,Face-Based (Fused),CPU-Parallel,NeoN,128,gpu-nvidia-h100
LDC_N180,5832000,4686777,Face-Based (Fused),CPU-Parallel,NeoN,1,gpu-nvidia-h100
LDC_N180,5832000,4693757,Face-Based (Fused),CPU-Parallel,NeoN,1,gpu-nvidia-h100
LDC_N180,5832000,4651238,Face-Based (Fused),CPU-Parallel,NeoN,1,gpu-nvidia-h100
LDC_N180,5832000,2581771,Face-Based (Fused),CPU-Parallel,NeoN,2,gpu-nvidia-h100
LDC_N180,5832000,2813159,Face-Based (Fused),CPU-Parallel,NeoN,2,gpu-nvidia-h100
LDC_N180,5832000,2625012,Face-Based (Fused),CPU-Parallel,NeoN,2,gpu-nvidia-h100
LDC_N180,5832000,2093054,Face-Based (Fused),CPU-Parallel,NeoN,4,gpu-nvidia-h100
LDC_N180,5832000,2066263,Face-Based (Fused),CPU-Parallel,NeoN,4,gpu-nvidia-h100
LDC_N180,5832000,2097190,Face-Based (Fused),CPU-Parallel,NeoN,4,gpu-nvidia-h100
LDC_N180,5832000,1149705,Face-Based (Fused),CPU-Parallel,NeoN,8,gpu-nvidia-h100
LDC_N180,5832000,1150667,Face-Based (Fused),CPU-Parallel,NeoN,8,gpu-nvidia-h100
LDC_N180,5832000,1073686,Face-Based (Fused),CPU-Parallel,NeoN,8,gpu-nvidia-h100
LDC_N180,5832000,598485,Face-Based (Fused),CPU-Parallel,NeoN,16,gpu-nvidia-h100
LDC_N180,5832000,596571,Face-Based (Fused),CPU-Parallel,NeoN,16,gpu-nvidia-h100
LDC_N180,5832000,612526,Face-Based (Fused),CPU-Parallel,NeoN,16,gpu-nvidia-h100
LDC_N180,5832000,317888,Face-Based (Fused),CPU-Parallel,NeoN,32,gpu-nvidia-h100
LDC_N180,5832000,304314,Face-Based (Fused),CPU-Parallel,NeoN,32,gpu-nvidia-h100
LDC_N180,5832000,291613,Face-Based (Fused),CPU-Parallel,NeoN,32,gpu-nvidia-h100
LDC_N180,5832000,163592,Face-Based (Fused),CPU-Parallel,NeoN,64,gpu-nvidia-h100
LDC_N180,5832000,148996,Face-Based (Fused),CPU-Parallel,NeoN,64,gpu-nvidia-h100
LDC_N180,5832000,162940,Face-Based (Fused),CPU-Parallel,NeoN,64,gpu-nvidia-h100
LDC_N180,5832000,124900,Face-Based (Fused),CPU-Parallel,NeoN,128,gpu-nvidia-h100
LDC_N180,5832000,125415,Face-Based (Fused),CPU-Parallel,NeoN,128,gpu-nvidia-h100
LDC_N180,5832000,125530,Face-Based (Fused),CPU-Parallel,NeoN,128,gpu-nvidia-h100
LDC_N190,6859000,5528102,Face-Based (Fused),CPU-Parallel,NeoN,1,gpu-nvidia-h100
LDC_N190,6859000,5530114,Face-Based (Fused),CPU-Parallel,NeoN,1,gpu-nvidia-h100
LDC_N190,6859000,5534300,Face-Based (Fused),CPU-Parallel,NeoN,1,gpu-nvidia-h100
LDC_N190,6859000,3300640,Face-Based (Fused),CPU-Parallel,NeoN,2,gpu-nvidia-h100
LDC_N190,6859000,3286639,Face-Based (Fused),CPU-Parallel,NeoN,2,gpu-nvidia-h100
LDC_N190,6859000,3339096,Face-Based (Fused),CPU-Parallel,NeoN,2,gpu-nvidia-h100
LDC_N190,6859000,2257927,Face-Based (Fused),CPU-Parallel,NeoN,4,gpu-nvidia-h100
LDC_N190,6859000,2153276,Face-Based (Fused),CPU-Parallel,NeoN,4,gpu-nvidia-h100
LDC_N190,6859000,2277890,Face-Based (Fused),CPU-Parallel,NeoN,4,gpu-nvidia-h100
LDC_N190,6859000,1325823,Face-Based (Fused),CPU-Parallel,NeoN,8,gpu-nvidia-h100
LDC_N190,6859000,1238140,Face-Based (Fused),CPU-Parallel,NeoN,8,gpu-nvidia-h100
LDC_N190,6859000,1369706,Face-Based (Fused),CPU-Parallel,NeoN,8,gpu-nvidia-h100
LDC_N190,6859000,662546,Face-Based (Fused),CPU-Parallel,NeoN,16,gpu-nvidia-h100
LDC_N190,6859000,673897,Face-Based (Fused),CPU-Parallel,NeoN,16,gpu-nvidia-h100
LDC_N190,6859000,675403,Face-Based (Fused),CPU-Parallel,NeoN,16,gpu-nvidia-h100
LDC_N190,6859000,405309,Face-Based (Fused),CPU-Parallel,NeoN,32,gpu-nvidia-h100
LDC_N190,6859000,322142,Face-Based (Fused),CPU-Parallel,NeoN,32,gpu-nvidia-h100
LDC_N190,6859000,378783,Face-Based (Fused),CPU-Parallel,NeoN,32,gpu-nvidia-h100
LDC_N190,6859000,188057,Face-Based (Fused),CPU-Parallel,NeoN,64,gpu-nvidia-h100
LDC_N190,6859000,207311,Face-Based (Fused),CPU-Parallel,NeoN,64,gpu-nvidia-h100
LDC_N190,6859000,206098,Face-Based (Fused),CPU-Parallel,NeoN,64,gpu-nvidia-h100
LDC_N190,6859000,155237,Face-Based (Fused),CPU-Parallel,NeoN,128,gpu-nvidia-h100
LDC_N190,6859000,147757,Face-Based (Fused),CPU-Parallel,NeoN,128,gpu-nvidia-h100
LDC_N190,6859000,144791,Face-Based (Fused),CPU-Parallel,NeoN,128,gpu-nvidia-h100
LDC_N200,8000000,6470641,Face-Based (Fused),CPU-Parallel,NeoN,1,gpu-nvidia-h100
LDC_N200,8000000,6477718,Face-Based (Fused),CPU-Parallel,NeoN,1,gpu-nvidia-h100
LDC_N200,8000000,6450852,Face-Based (Fused),CPU-Parallel,NeoN,1,gpu-nvidia-h100
LDC_N200,8000000,4799802,Face-Based (Fused),CPU-Parallel,NeoN,2,gpu-nvidia-h100
LDC_N200,8000000,4153551,Face-Based (Fused),CPU-Parallel,NeoN,2,gpu-nvidia-h100
LDC_N200,8000000,3822470,Face-Based (Fused),CPU-Parallel,NeoN,2,gpu-nvidia-h100
LDC_N200,8000000,2755017,Face-Based (Fused),CPU-Parallel,NeoN,4,gpu-nvidia-h100
LDC_N200,8000000,2869679,Face-Based (Fused),CPU-Parallel,NeoN,4,gpu-nvidia-h100
LDC_N200,8000000,2847728,Face-Based (Fused),CPU-Parallel,NeoN,4,gpu-nvidia-h100
LDC_N200,8000000,1515159,Face-Based (Fused),CPU-Parallel,NeoN,8,gpu-nvidia-h100
LDC_N200,8000000,1626418,Face-Based (Fused),CPU-Parallel,NeoN,8,gpu-nvidia-h100
LDC_N200,8000000,1509135,Face-Based (Fused),CPU-Parallel,NeoN,8,gpu-nvidia-h100
LDC_N200,8000000,897882,Face-Based (Fused),CPU-Parallel,NeoN,16,gpu-nvidia-h100
LDC_N200,8000000,856442,Face-Based (Fused),CPU-Parallel,NeoN,16,gpu-nvidia-h100
LDC_N200,8000000,875673,Face-Based (Fused),CPU-Parallel,NeoN,16,gpu-nvidia-h100
LDC_N200,8000000,372644,Face-Based (Fused),CPU-Parallel,NeoN,32,gpu-nvidia-h100
LDC_N200,8000000,366651,Face-Based (Fused),CPU-Parallel,NeoN,32,gpu-nvidia-h100
LDC_N200,8000000,391421,Face-Based (Fused),CPU-Parallel,NeoN,32,gpu-nvidia-h100
LDC_N200,8000000,258799,Face-Based (Fused),CPU-Parallel,NeoN,64,gpu-nvidia-h100
LDC_N200,8000000,229620,Face-Based (Fused),CPU-Parallel,NeoN,64,gpu-nvidia-h100
LDC_N200,8000000,218152,Face-Based (Fused),CPU-Parallel,NeoN,64,gpu-nvidia-h100
LDC_N200,8000000,180847,Face-Based (Fused),CPU-Parallel,NeoN,128,gpu-nvidia-h100
LDC_N200,8000000,167619,Face-Based (Fused),CPU-Parallel,NeoN,128,gpu-nvidia-h100
LDC_N200,8000000,167648,Face-Based (Fused),CPU-Parallel,NeoN,128,gpu-nvidia-h100
LDC_N220,10648000,8535283,Face-Based (Fused),CPU-Parallel,NeoN,1,gpu-nvidia-h100
LDC_N220,10648000,8548389,Face-Based (Fused),CPU-Parallel,NeoN,1,gpu-nvidia-h100
LDC_N220,10648000,8549387,Face-Based (Fused),CPU-Parallel,NeoN,1,gpu-nvidia-h100
LDC_N220,10648000,5885747,Face-Based (Fused),CPU-Parallel,NeoN,2,gpu-nvidia-h100
LDC_N220,10648000,5861952,Face-Based (Fused),CPU-Parallel,NeoN,2,gpu-nvidia-h100
LDC_N220,10648000,5771493,Face-Based (Fused),CPU-Parallel,NeoN,2,gpu-nvidia-h100
LDC_N220,10648000,3510561,Face-Based (Fused),CPU-Parallel,NeoN,4,gpu-nvidia-h100
LDC_N220,10648000,3704176,Face-Based (Fused),CPU-Parallel,NeoN,4,gpu-nvidia-h100
LDC_N220,10648000,3634098,Face-Based (Fused),CPU-Parallel,NeoN,4,gpu-nvidia-h100
LDC_N220,10648000,2067861,Face-Based (Fused),CPU-Parallel,NeoN,8,gpu-nvidia-h100
LDC_N220,10648000,2156249,Face-Based (Fused),CPU-Parallel,NeoN,8,gpu-nvidia-h100
LDC_N220,10648000,2112945,Face-Based (Fused),CPU-Parallel,NeoN,8,gpu-nvidia-h100
LDC_N220,10648000,1033280,Face-Based (Fused),CPU-Parallel,NeoN,16,gpu-nvidia-h100
LDC_N220,10648000,1063760,Face-Based (Fused),CPU-Parallel,NeoN,16,gpu-nvidia-h100
LDC_N220,10648000,1009587,Face-Based (Fused),CPU-Parallel,NeoN,16,gpu-nvidia-h100
LDC_N220,10648000,529727,Face-Based (Fused),CPU-Parallel,NeoN,32,gpu-nvidia-h100
LDC_N220,10648000,507572,Face-Based (Fused),CPU-Parallel,NeoN,32,gpu-nvidia-h100
LDC_N220,10648000,532593,Face-Based (Fused),CPU-Parallel,NeoN,32,gpu-nvidia-h100
LDC_N220,10648000,358348,Face-Based (Fused),CPU-Parallel,NeoN,64,gpu-nvidia-h100
LDC_N220,10648000,380383,Face-Based (Fused),CPU-Parallel,NeoN,64,gpu-nvidia-h100
LDC_N220,10648000,341983,Face-Based (Fused),CPU-Parallel,NeoN,64,gpu-nvidia-h100
LDC_N220,10648000,218817,Face-Based (Fused),CPU-Parallel,NeoN,128,gpu-nvidia-h100
LDC_N220,10648000,219626,Face-Based (Fused),CPU-Parallel,NeoN,128,gpu-nvidia-h100
LDC_N220,10648000,244426,Face-Based (Fused),CPU-Parallel,NeoN,128,gpu-nvidia-h100
LDC_N240,13824000,11334734,Face-Based (Fused),CPU-Parallel,NeoN,1,gpu-nvidia-h100
LDC_N240,13824000,11249623,Face-Based (Fused),CPU-Parallel,NeoN,1,gpu-nvidia-h100
LDC_N240,13824000,11256776,Face-Based (Fused),CPU-Parallel,NeoN,1,gpu-nvidia-h100
LDC_N240,13824000,6447920,Face-Based (Fused),CPU-Parallel,NeoN,2,gpu-nvidia-h100
LDC_N240,13824000,6961327,Face-Based (Fused),CPU-Parallel,NeoN,2,gpu-nvidia-h100
LDC_N240,13824000,6470626,Face-Based (Fused),CPU-Parallel,NeoN,2,gpu-nvidia-h100
LDC_N240,13824000,4627882,Face-Based (Fused),CPU-Parallel,NeoN,4,gpu-nvidia-h100
LDC_N240,13824000,4723390,Face-Based (Fused),CPU-Parallel,NeoN,4,gpu-nvidia-h100
LDC_N240,13824000,4674912,Face-Based (Fused),CPU-Parallel,NeoN,4,gpu-nvidia-h100
LDC_N240,13824000,2572338,Face-Based (Fused),CPU-Parallel,NeoN,8,gpu-nvidia-h100
LDC_N240,13824000,2576874,Face-Based (Fused),CPU-Parallel,NeoN,8,gpu-nvidia-h100
LDC_N240,13824000,2530641,Face-Based (Fused),CPU-Parallel,NeoN,8,gpu-nvidia-h100
LDC_N240,13824000,1280512,Face-Based (Fused),CPU-Parallel,NeoN,16,gpu-nvidia-h100
LDC_N240,13824000,1291489,Face-Based (Fused),CPU-Parallel,NeoN,16,gpu-nvidia-h100
LDC_N240,13824000,1279451,Face-Based (Fused),CPU-Parallel,NeoN,16,gpu-nvidia-h100
LDC_N240,13824000,633181,Face-Based (Fused),CPU-Parallel,NeoN,32,gpu-nvidia-h100
LDC_N240,13824000,675925,Face-Based (Fused),CPU-Parallel,NeoN,32,gpu-nvidia-h100
LDC_N240,13824000,665683,Face-Based (Fused),CPU-Parallel,NeoN,32,gpu-nvidia-h100
LDC_N240,13824000,341383,Face-Based (Fused),CPU-Parallel,NeoN,64,gpu-nvidia-h100
LDC_N240,13824000,339682,Face-Based (Fused),CPU-Parallel,NeoN,64,gpu-nvidia-h100
LDC_N240,13824000,377214,Face-Based (Fused),CPU-Parallel,NeoN,64,gpu-nvidia-h100
LDC_N240,13824000,272126,Face-Based (Fused),CPU-Parallel,NeoN,128,gpu-nvidia-h100
LDC_N240,13824000,298560,Face-Based (Fused),CPU-Parallel,NeoN,128,gpu-nvidia-h100
LDC_N240,13824000,272597,Face-Based (Fused),CPU-Parallel,NeoN,128,gpu-nvidia-h100
LDC_N260,17576000,14310983,Face-Based (Fused),CPU-Parallel,NeoN,1,gpu-nvidia-h100
LDC_N260,17576000,14204131,Face-Based (Fused),CPU-Parallel,NeoN,1,gpu-nvidia-h100
LDC_N260,17576000,14132982,Face-Based (Fused),CPU-Parallel,NeoN,1,gpu-nvidia-h100
LDC_N260,17576000,8136158,Face-Based (Fused),CPU-Parallel,NeoN,2,gpu-nvidia-h100
LDC_N260,17576000,8571824,Face-Based (Fused),CPU-Parallel,NeoN,2,gpu-nvidia-h100
LDC_N260,17576000,8020786,Face-Based (Fused),CPU-Parallel,NeoN,2,gpu-nvidia-h100
LDC_N260,17576000,6020973,Face-Based (Fused),CPU-Parallel,NeoN,4,gpu-nvidia-h100
LDC_N260,17576000,6126507,Face-Based (Fused),CPU-Parallel,NeoN,4,gpu-nvidia-h100
LDC_N260,17576000,6140709,Face-Based (Fused),CPU-Parallel,NeoN,4,gpu-nvidia-h100
LDC_N260,17576000,3101177,Face-Based (Fused),CPU-Parallel,NeoN,8,gpu-nvidia-h100
LDC_N260,17576000,3079296,Face-Based (Fused),CPU-Parallel,NeoN,8,gpu-nvidia-h100
LDC_N260,17576000,3120685,Face-Based (Fused),CPU-Parallel,NeoN,8,gpu-nvidia-h100
LDC_N260,17576000,1796775,Face-Based (Fused),CPU-Parallel,NeoN,16,gpu-nvidia-h100
LDC_N260,17576000,1618055,Face-Based (Fused),CPU-Parallel,NeoN,16,gpu-nvidia-h100
LDC_N260,17576000,1732191,Face-Based (Fused),CPU-Parallel,NeoN,16,gpu-nvidia-h100
LDC_N260,17576000,892340,Face-Based (Fused),CPU-Parallel,NeoN,32,gpu-nvidia-h100
LDC_N260,17576000,844250,Face-Based (Fused),CPU-Parallel,NeoN,32,gpu-nvidia-h100
LDC_N260,17576000,835536,Face-Based (Fused),CPU-Parallel,NeoN,32,gpu-nvidia-h100
LDC_N260,17576000,534514,Face-Based (Fused),CPU-Parallel,NeoN,64,gpu-nvidia-h100
LDC_N260,17576000,543263,Face-Based (Fused),CPU-Parallel,NeoN,64,gpu-nvidia-h100
LDC_N260,17576000,533487,Face-Based (Fused),CPU-Parallel,NeoN,64,gpu-nvidia-h100
LDC_N260,17576000,405254,Face-Based (Fused),CPU-Parallel,NeoN,128,gpu-nvidia-h100
LDC_N260,17576000,384823,Face-Based (Fused),CPU-Parallel,NeoN,128,gpu-nvidia-h100
LDC_N260,17576000,388605,Face-Based (Fused),CPU-Parallel,NeoN,128,gpu-nvidia-h100
LDC_N280,21952000,17773759,Face-Based (Fused),CPU-Parallel,NeoN,1,gpu-nvidia-h100
LDC_N280,21952000,17690097,Face-Based (Fused),CPU-Parallel,NeoN,1,gpu-nvidia-h100
LDC_N280,21952000,17812483,Face-Based (Fused),CPU-Parallel,NeoN,1,gpu-nvidia-h100
LDC_N280,21952000,11031047,Face-Based (Fused),CPU-Parallel,NeoN,2,gpu-nvidia-h100
LDC_N280,21952000,10620815,Face-Based (Fused),CPU-Parallel,NeoN,2,gpu-nvidia-h100
LDC_N280,21952000,10543391,Face-Based (Fused),CPU-Parallel,NeoN,2,gpu-nvidia-h100
LDC_N280,21952000,6475405,Face-Based (Fused),CPU-Parallel,NeoN,4,gpu-nvidia-h100
LDC_N280,21952000,6037872,Face-Based (Fused),CPU-Parallel,NeoN,4,gpu-nvidia-h100
LDC_N280,21952000,6634584,Face-Based (Fused),CPU-Parallel,NeoN,4,gpu-nvidia-h100
LDC_N280,21952000,4502671,Face-Based (Fused),CPU-Parallel,NeoN,8,gpu-nvidia-h100
LDC_N280,21952000,4110873,Face-Based (Fused),CPU-Parallel,NeoN,8,gpu-nvidia-h100
LDC_N280,21952000,4252963,Face-Based (Fused),CPU-Parallel,NeoN,8,gpu-nvidia-h100
LDC_N280,21952000,2060350,Face-Based (Fused),CPU-Parallel,NeoN,16,gpu-nvidia-h100
LDC_N280,21952000,2082111,Face-Based (Fused),CPU-Parallel,NeoN,16,gpu-nvidia-h100
LDC_N280,21952000,2037926,Face-Based (Fused),CPU-Parallel,NeoN,16,gpu-nvidia-h100
LDC_N280,21952000,1197008,Face-Based (Fused),CPU-Parallel,NeoN,32,gpu-nvidia-h100
LDC_N280,21952000,1211388,Face-Based (Fused),CPU-Parallel,NeoN,32,gpu-nvidia-h100
LDC_N280,21952000,1169240,Face-Based (Fused),CPU-Parallel,NeoN,32,gpu-nvidia-h100
LDC_N280,21952000,656219,Face-Based (Fused),CPU-Parallel,NeoN,64,gpu-nvidia-h100
LDC_N280,21952000,643286,Face-Based (Fused),CPU-Parallel,NeoN,64,gpu-nvidia-h100
LDC_N280,21952000,663978,Face-Based (Fused),CPU-Parallel,NeoN,64,gpu-nvidia-h100
LDC_N280,21952000,500792,Face-Based (Fused),CPU-Parallel,NeoN,128,gpu-nvidia-h100
LDC_N280,21952000,494512,Face-Based (Fused),CPU-Parallel,NeoN,128,gpu-nvidia-h100
LDC_N280,21952000,500630,Face-Based (Fused),CPU-Parallel,NeoN,128,gpu-nvidia-h100
LDC_N300,27000000,21687392,Face-Based (Fused),CPU-Parallel,NeoN,1,gpu-nvidia-h100
LDC_N300,27000000,21710239,Face-Based (Fused),CPU-Parallel,NeoN,1,gpu-nvidia-h100
LDC_N300,27000000,21701657,Face-Based (Fused),CPU-Parallel,NeoN,1,gpu-nvidia-h100
LDC_N300,27000000,14272021,Face-Based (Fused),CPU-Parallel,NeoN,2,gpu-nvidia-h100
LDC_N300,27000000,13895901,Face-Based (Fused),CPU-Parallel,NeoN,2,gpu-nvidia-h100
LDC_N300,27000000,13844988,Face-Based (Fused),CPU-Parallel,NeoN,2,gpu-nvidia-h100
LDC_N300,27000000,8307795,Face-Based (Fused),CPU-Parallel,NeoN,4,gpu-nvidia-h100
LDC_N300,27000000,8617280,Face-Based (Fused),CPU-Parallel,NeoN,4,gpu-nvidia-h100
LDC_N300,27000000,8592496,Face-Based (Fused),CPU-Parallel,NeoN,4,gpu-nvidia-h100
LDC_N300,27000000,5476360,Face-Based (Fused),CPU-Parallel,NeoN,8,gpu-nvidia-h100
LDC_N300,27000000,5217592,Face-Based (Fused),CPU-Parallel,NeoN,8,gpu-nvidia-h100
LDC_N300,27000000,5554500,Face-Based (Fused),CPU-Parallel,NeoN,8,gpu-nvidia-h100
LDC_N300,27000000,2747965,Face-Based (Fused),CPU-Parallel,NeoN,16,gpu-nvidia-h100
LDC_N300,27000000,2786257,Face-Based (Fused),CPU-Parallel,NeoN,16,gpu-nvidia-h100
LDC_N300,27000000,2842364,Face-Based (Fused),CPU-Parallel,NeoN,16,gpu-nvidia-h100
LDC_N300,27000000,1278544,Face-Based (Fused),CPU-Parallel,NeoN,32,gpu-nvidia-h100
LDC_N300,27000000,1368984,Face-Based (Fused),CPU-Parallel,NeoN,32,gpu-nvidia-h100
LDC_N300,27000000,1282708,Face-Based (Fused),CPU-Parallel,NeoN,32,gpu-nvidia-h100
LDC_N300,27000000,796362,Face-Based (Fused),CPU-Parallel,NeoN,64,gpu-nvidia-h100
LDC_N300,27000000,894810,Face-Based (Fused),CPU-Parallel,NeoN,64,gpu-nvidia-h100
LDC_N300,27000000,828531,Face-Based (Fused),CPU-Parallel,NeoN,64,gpu-nvidia-h100
LDC_N300,27000000,573079,Face-Based (Fused),CPU-Parallel,NeoN,128,gpu-nvidia-h100
LDC_N300,27000000,567521,Face-Based (Fused),CPU-Parallel,NeoN,128,gpu-nvidia-h100
LDC_N300,27000000,580275,Face-Based (Fused),CPU-Parallel,NeoN,128,gpu-nvidia-h100
LDC_N320,32768000,26381700,Face-Based (Fused),CPU-Parallel,NeoN,1,gpu-nvidia-h100
LDC_N320,32768000,26522573,Face-Based (Fused),CPU-Parallel,NeoN,1,gpu-nvidia-h100
LDC_N320,32768000,26534841,Face-Based (Fused),CPU-Parallel,NeoN,1,gpu-nvidia-h100
LDC_N320,32768000,16241469,Face-Based (Fused),CPU-Parallel,NeoN,2,gpu-nvidia-h100
LDC_N320,32768000,16895928,Face-Based (Fused),CPU-Parallel,NeoN,2,gpu-nvidia-h100
LDC_N320,32768000,16265775,Face-Based (Fused),CPU-Parallel,NeoN,2,gpu-nvidia-h100
LDC_N320,32768000,10038803,Face-Based (Fused),CPU-Parallel,NeoN,4,gpu-nvidia-h100
LDC_N320,32768000,10744791,Face-Based (Fused),CPU-Parallel,NeoN,4,gpu-nvidia-h100
LDC_N320,32768000,10530131,Face-Based (Fused),CPU-Parallel,NeoN,4,gpu-nvidia-h100
LDC_N320,32768000,6106861,Face-Based (Fused),CPU-Parallel,NeoN,8,gpu-nvidia-h100
LDC_N320,32768000,5725709,Face-Based (Fused),CPU-Parallel,NeoN,8,gpu-nvidia-h100
LDC_N320,32768000,6559747,Face-Based (Fused),CPU-Parallel,NeoN,8,gpu-nvidia-h100
LDC_N320,32768000,2922200,Face-Based (Fused),CPU-Parallel,NeoN,16,gpu-nvidia-h100
LDC_N320,32768000,2962460,Face-Based (Fused),CPU-Parallel,NeoN,16,gpu-nvidia-h100
LDC_N320,32768000,3239617,Face-Based (Fused),CPU-Parallel,NeoN,16,gpu-nvidia-h100
LDC_N320,32768000,1695190,Face-Based (Fused),CPU-Parallel,NeoN,32,gpu-nvidia-h100
LDC_N320,32768000,1618696,Face-Based (Fused),CPU-Parallel,NeoN,32,gpu-nvidia-h100
LDC_N320,32768000,1539387,Face-Based (Fused),CPU-Parallel,NeoN,32,gpu-nvidia-h100
LDC_N320,32768000,887463,Face-Based (Fused),CPU-Parallel,NeoN,64,gpu-nvidia-h100
LDC_N320,32768000,917171,Face-Based (Fused),CPU-Parallel,NeoN,64,gpu-nvidia-h100
LDC_N320,32768000,966855,Face-Based (Fused),CPU-Parallel,NeoN,64,gpu-nvidia-h100
LDC_N320,32768000,659215,Face-Based (Fused),CPU-Parallel,NeoN,128,gpu-nvidia-h100
LDC_N320,32768000,640888,Face-Based (Fused),CPU-Parallel,NeoN,128,gpu-nvidia-h100
LDC_N320,32768000,636914,Face-Based (Fused),CPU-Parallel,NeoN,128,gpu-nvidia-h100
LDC_N340,39304000,31818239,Face-Based (Fused),CPU-Parallel,NeoN,1,gpu-nvidia-h100
LDC_N340,39304000,31937062,Face-Based (Fused),CPU-Parallel,NeoN,1,gpu-nvidia-h100
LDC_N340,39304000,31906360,Face-Based (Fused),CPU-Parallel,NeoN,1,gpu-nvidia-h100
LDC_N340,39304000,22143062,Face-Based (Fused),CPU-Parallel,NeoN,2,gpu-nvidia-h100
LDC_N340,39304000,19221746,Face-Based (Fused),CPU-Parallel,NeoN,2,gpu-nvidia-h100
LDC_N340,39304000,19068874,Face-Based (Fused),CPU-Parallel,NeoN,2,gpu-nvidia-h100
LDC_N340,39304000,13705678,Face-Based (Fused),CPU-Parallel,NeoN,4,gpu-nvidia-h100
LDC_N340,39304000,12764490,Face-Based (Fused),CPU-Parallel,NeoN,4,gpu-nvidia-h100
LDC_N340,39304000,12377410,Face-Based (Fused),CPU-Parallel,NeoN,4,gpu-nvidia-h100
LDC_N340,39304000,7975557,Face-Based (Fused),CPU-Parallel,NeoN,8,gpu-nvidia-h100
LDC_N340,39304000,7801346,Face-Based (Fused),CPU-Parallel,NeoN,8,gpu-nvidia-h100
LDC_N340,39304000,7781718,Face-Based (Fused),CPU-Parallel,NeoN,8,gpu-nvidia-h100
LDC_N340,39304000,3901658,Face-Based (Fused),CPU-Parallel,NeoN,16,gpu-nvidia-h100
LDC_N340,39304000,3704567,Face-Based (Fused),CPU-Parallel,NeoN,16,gpu-nvidia-h100
LDC_N340,39304000,3952124,Face-Based (Fused),CPU-Parallel,NeoN,16,gpu-nvidia-h100
LDC_N340,39304000,2054985,Face-Based (Fused),CPU-Parallel,NeoN,32,gpu-nvidia-h100
LDC_N340,39304000,1955727,Face-Based (Fused),CPU-Parallel,NeoN,32,gpu-nvidia-h100
LDC_N340,39304000,1840454,Face-Based (Fused),CPU-Parallel,NeoN,32,gpu-nvidia-h100
LDC_N340,39304000,1064328,Face-Based (Fused),CPU-Parallel,NeoN,64,gpu-nvidia-h100
LDC_N340,39304000,1150212,Face-Based (Fused),CPU-Parallel,NeoN,64,gpu-nvidia-h100
LDC_N340,39304000,1093369,Face-Based (Fused),CPU-Parallel,NeoN,64,gpu-nvidia-h100
LDC_N340,39304000,810004,Face-Based (Fused),CPU-Parallel,NeoN,128,gpu-nvidia-h100
LDC_N340,39304000,770011,Face-Based (Fused),CPU-Parallel,NeoN,128,gpu-nvidia-h100
LDC_N340,39304000,811207,Face-Based (Fused),CPU-Parallel,NeoN,128,gpu-nvidia-h100
LDC_N360,46656000,37843690,Face-Based (Fused),CPU-Parallel,NeoN,1,gpu-nvidia-h100
LDC_N360,46656000,37830084,Face-Based (Fused),CPU-Parallel,NeoN,1,gpu-nvidia-h100
LDC_N360,46656000,37744079,Face-Based (Fused),CPU-Parallel,NeoN,1,gpu-nvidia-h100
LDC_N360,46656000,23990329,Face-Based (Fused),CPU-Parallel,NeoN,2,gpu-nvidia-h100
LDC_N360,46656000,23461196,Face-Based (Fused),CPU-Parallel,NeoN,2,gpu-nvidia-h100
LDC_N360,46656000,23894520,Face-Based (Fused),CPU-Parallel,NeoN,2,gpu-nvidia-h100
LDC_N360,46656000,14174302,Face-Based (Fused),CPU-Parallel,NeoN,4,gpu-nvidia-h100
LDC_N360,46656000,13887034,Face-Based (Fused),CPU-Parallel,NeoN,4,gpu-nvidia-h100
LDC_N360,46656000,15128780,Face-Based (Fused),CPU-Parallel,NeoN,4,gpu-nvidia-h100
LDC_N360,46656000,9672541,Face-Based (Fused),CPU-Parallel,NeoN,8,gpu-nvidia-h100
LDC_N360,46656000,9998170,Face-Based (Fused),CPU-Parallel,NeoN,8,gpu-nvidia-h100
LDC_N360,46656000,9994714,Face-Based (Fused),CPU-Parallel,NeoN,8,gpu-nvidia-h100
LDC_N360,46656000,4613688,Face-Based (Fused),CPU-Parallel,NeoN,16,gpu-nvidia-h100
LDC_N360,46656000,4002590,Face-Based (Fused),CPU-Parallel,NeoN,16,gpu-nvidia-h100
LDC_N360,46656000,4135230,Face-Based (Fused),CPU-Parallel,NeoN,16,gpu-nvidia-h100
LDC_N360,46656000,2214632,Face-Based (Fused),CPU-Parallel,NeoN,32,gpu-nvidia-h100
LDC_N360,46656000,2166612,Face-Based (Fused),CPU-Parallel,NeoN,32,gpu-nvidia-h100
LDC_N360,46656000,2164040,Face-Based (Fused),CPU-Parallel,NeoN,32,gpu-nvidia-h100
LDC_N360,46656000,1284642,Face-Based (Fused),CPU-Parallel,NeoN,64,gpu-nvidia-h100
LDC_N360,46656000,1349327,Face-Based (Fused),CPU-Parallel,NeoN,64,gpu-nvidia-h100
LDC_N360,46656000,1317207,Face-Based (Fused),CPU-Parallel,NeoN,64,gpu-nvidia-h100
LDC_N360,46656000,902407,Face-Based (Fused),CPU-Parallel,NeoN,128,gpu-nvidia-h100
LDC_N360,46656000,919231,Face-Based (Fused),CPU-Parallel,NeoN,128,gpu-nvidia-h100
LDC_N360,46656000,928595,Face-Based (Fused),CPU-Parallel,NeoN,128,gpu-nvidia-h100
LDC_N380,54872000,43746024,Face-Based (Fused),CPU-Parallel,NeoN,1,gpu-nvidia-h100
LDC_N380,54872000,43914213,Face-Based (Fused),CPU-Parallel,NeoN,1,gpu-nvidia-h100
LDC_N380,54872000,43840950,Face-Based (Fused),CPU-Parallel,NeoN,1,gpu-nvidia-h100
LDC_N380,54872000,27782733,Face-Based (Fused),CPU-Parallel,NeoN,2,gpu-nvidia-h100
LDC_N380,54872000,27158528,Face-Based (Fused),CPU-Parallel,NeoN,2,gpu-nvidia-h100
LDC_N380,54872000,26884015,Face-Based (Fused),CPU-Parallel,NeoN,2,gpu-nvidia-h100
LDC_N380,54872000,18336240,Face-Based (Fused),CPU-Parallel,NeoN,4,gpu-nvidia-h100
LDC_N380,54872000,18136348,Face-Based (Fused),CPU-Parallel,NeoN,4,gpu-nvidia-h100
LDC_N380,54872000,18026033,Face-Based (Fused),CPU-Parallel,NeoN,4,gpu-nvidia-h100
LDC_N380,54872000,11102248,Face-Based (Fused),CPU-Parallel,NeoN,8,gpu-nvidia-h100
LDC_N380,54872000,10135532,Face-Based (Fused),CPU-Parallel,NeoN,8,gpu-nvidia-h100
LDC_N380,54872000,10062858,Face-Based (Fused),CPU-Parallel,NeoN,8,gpu-nvidia-h100
LDC_N380,54872000,5276380,Face-Based (Fused),CPU-Parallel,NeoN,16,gpu-nvidia-h100
LDC_N380,54872000,5471261,Face-Based (Fused),CPU-Parallel,NeoN,16,gpu-nvidia-h100
LDC_N380,54872000,4654550,Face-Based (Fused),CPU-Parallel,NeoN,16,gpu-nvidia-h100
LDC_N380,54872000,2928318,Face-Based (Fused),CPU-Parallel,NeoN,32,gpu-nvidia-h100
LDC_N380,54872000,3017169,Face-Based (Fused),CPU-Parallel,NeoN,32,gpu-nvidia-h100
LDC_N380,54872000,2756466,Face-Based (Fused),CPU-Parallel,NeoN,32,gpu-nvidia-h100
LDC_N380,54872000,1904244,Face-Based (Fused),CPU-Parallel,NeoN,64,gpu-nvidia-h100
LDC_N380,54872000,1751234,Face-Based (Fused),CPU-Parallel,NeoN,64,gpu-nvidia-h100
LDC_N380,54872000,1815742,Face-Based (Fused),CPU-Parallel,NeoN,64,gpu-nvidia-h100
LDC_N380,54872000,1236269,Face-Based (Fused),CPU-Parallel,NeoN,128,gpu-nvidia-h100
LDC_N380,54872000,1226970,Face-Based (Fused),CPU-Parallel,NeoN,128,gpu-nvidia-h100
LDC_N380,54872000,1452991,Face-Based (Fused),CPU-Parallel,NeoN,128,gpu-nvidia-h100
LDC_N400,64000000,51350057,Face-Based (Fused),CPU-Parallel,NeoN,1,gpu-nvidia-h100
LDC_N400,64000000,51488355,Face-Based (Fused),CPU-Parallel,NeoN,1,gpu-nvidia-h100
LDC_N400,64000000,51543787,Face-Based (Fused),CPU-Parallel,NeoN,1,gpu-nvidia-h100
LDC_N400,64000000,30780037,Face-Based (Fused),CPU-Parallel,NeoN,2,gpu-nvidia-h100
LDC_N400,64000000,30902021,Face-Based (Fused),CPU-Parallel,NeoN,2,gpu-nvidia-h100
LDC_N400,64000000,31492265,Face-Based (Fused),CPU-Parallel,NeoN,2,gpu-nvidia-h100
LDC_N400,64000000,20684440,Face-Based (Fused),CPU-Parallel,NeoN,4,gpu-nvidia-h100
LDC_N400,64000000,20486282,Face-Based (Fused),CPU-Parallel,NeoN,4,gpu-nvidia-h100
LDC_N400,64000000,21337770,Face-Based (Fused),CPU-Parallel,NeoN,4,gpu-nvidia-h100
LDC_N400,64000000,12749909,Face-Based (Fused),CPU-Parallel,NeoN,8,gpu-nvidia-h100
LDC_N400,64000000,12675015,Face-Based (Fused),CPU-Parallel,NeoN,8,gpu-nvidia-h100
LDC_N400,64000000,11678753,Face-Based (Fused),CPU-Parallel,NeoN,8,gpu-nvidia-h100
LDC_N400,64000000,7123380,Face-Based (Fused),CPU-Parallel,NeoN,16,gpu-nvidia-h100
LDC_N400,64000000,6922850,Face-Based (Fused),CPU-Parallel,NeoN,16,gpu-nvidia-h100
LDC_N400,64000000,6429209,Face-Based (Fused),CPU-Parallel,NeoN,16,gpu-nvidia-h100
LDC_N400,64000000,3882641,Face-Based (Fused),CPU-Parallel,NeoN,32,gpu-nvidia-h100
LDC_N400,64000000,3699080,Face-Based (Fused),CPU-Parallel,NeoN,32,gpu-nvidia-h100
LDC_N400,64000000,3499701,Face-Based (Fused),CPU-Parallel,NeoN,32,gpu-nvidia-h100
LDC_N400,64000000,1891884,Face-Based (Fused),CPU-Parallel,NeoN,64,gpu-nvidia-h100
LDC_N400,64000000,1829053,Face-Based (Fused),CPU-Parallel,NeoN,64,gpu-nvidia-h100
LDC_N400,64000000,1936541,Face-Based (Fused),CPU-Parallel,NeoN,64,gpu-nvidia-h100
LDC_N400,64000000,1425824,Face-Based (Fused),CPU-Parallel,NeoN,128,gpu-nvidia-h100
LDC_N400,64000000,1447329,Face-Based (Fused),CPU-Parallel,NeoN,128,gpu-nvidia-h100
LDC_N400,64000000,1421792,Face-Based (Fused),CPU-Parallel,NeoN,128,gpu-nvidia-h100
