case,cells,time_ns,strategy,executor,julia_or_neon,threads,node,nnz
LDC_N10,1000,107,Fused Face-Based,CPU,NeoN,1,gpu-nvidia-h200,6400
LDC_N10,1000,106,Fused Face-Based,CPU,NeoN,1,gpu-nvidia-h200,6400
LDC_N10,1000,106,Fused Face-Based,CPU,NeoN,1,gpu-nvidia-h200,6400
LDC_N10,1000,41,Fused Cell-Based,CPU,NeoN,1,gpu-nvidia-h200,6400
LDC_N10,1000,40,Fused Cell-Based,CPU,NeoN,1,gpu-nvidia-h200,6400
LDC_N10,1000,44,Fused Cell-Based,CPU,NeoN,1,gpu-nvidia-h200,6400
LDC_N10,1000,179,Face-Based,CPU,NeoN,1,gpu-nvidia-h200,6400
LDC_N10,1000,177,Face-Based,CPU,NeoN,1,gpu-nvidia-h200,6400
LDC_N10,1000,176,Face-Based,CPU,NeoN,1,gpu-nvidia-h200,6400
LDC_N10,1000,150,Fused Face-Based,CPU,NeoN,2,gpu-nvidia-h200,6400
LDC_N10,1000,144,Fused Face-Based,CPU,NeoN,2,gpu-nvidia-h200,6400
LDC_N10,1000,312,Fused Face-Based,CPU,NeoN,2,gpu-nvidia-h200,6400
LDC_N10,1000,94,Fused Cell-Based,CPU,NeoN,2,gpu-nvidia-h200,6400
LDC_N10,1000,106,Fused Cell-Based,CPU,NeoN,2,gpu-nvidia-h200,6400
LDC_N10,1000,94,Fused Cell-Based,CPU,NeoN,2,gpu-nvidia-h200,6400
LDC_N10,1000,248,Face-Based,CPU,NeoN,2,gpu-nvidia-h200,6400
LDC_N10,1000,250,Face-Based,CPU,NeoN,2,gpu-nvidia-h200,6400
LDC_N10,1000,250,Face-Based,CPU,NeoN,2,gpu-nvidia-h200,6400
LDC_N10,1000,96,Fused Face-Based,CPU,NeoN,4,gpu-nvidia-h200,6400
LDC_N10,1000,93,Fused Face-Based,CPU,NeoN,4,gpu-nvidia-h200,6400
LDC_N10,1000,94,Fused Face-Based,CPU,NeoN,4,gpu-nvidia-h200,6400
LDC_N10,1000,62,Fused Cell-Based,CPU,NeoN,4,gpu-nvidia-h200,6400
LDC_N10,1000,63,Fused Cell-Based,CPU,NeoN,4,gpu-nvidia-h200,6400
LDC_N10,1000,65,Fused Cell-Based,CPU,NeoN,4,gpu-nvidia-h200,6400
LDC_N10,1000,186,Face-Based,CPU,NeoN,4,gpu-nvidia-h200,6400
LDC_N10,1000,177,Face-Based,CPU,NeoN,4,gpu-nvidia-h200,6400
LDC_N10,1000,173,Face-Based,CPU,NeoN,4,gpu-nvidia-h200,6400
LDC_N10,1000,89,Fused Face-Based,CPU,NeoN,8,gpu-nvidia-h200,6400
LDC_N10,1000,87,Fused Face-Based,CPU,NeoN,8,gpu-nvidia-h200,6400
LDC_N10,1000,90,Fused Face-Based,CPU,NeoN,8,gpu-nvidia-h200,6400
LDC_N10,1000,66,Fused Cell-Based,CPU,NeoN,8,gpu-nvidia-h200,6400
LDC_N10,1000,62,Fused Cell-Based,CPU,NeoN,8,gpu-nvidia-h200,6400
LDC_N10,1000,64,Fused Cell-Based,CPU,NeoN,8,gpu-nvidia-h200,6400
LDC_N10,1000,185,Face-Based,CPU,NeoN,8,gpu-nvidia-h200,6400
LDC_N10,1000,164,Face-Based,CPU,NeoN,8,gpu-nvidia-h200,6400
LDC_N10,1000,175,Face-Based,CPU,NeoN,8,gpu-nvidia-h200,6400
LDC_N10,1000,69,Fused Face-Based,CPU,NeoN,16,gpu-nvidia-h200,6400
LDC_N10,1000,79,Fused Face-Based,CPU,NeoN,16,gpu-nvidia-h200,6400
LDC_N10,1000,77,Fused Face-Based,CPU,NeoN,16,gpu-nvidia-h200,6400
LDC_N10,1000,60,Fused Cell-Based,CPU,NeoN,16,gpu-nvidia-h200,6400
LDC_N10,1000,65,Fused Cell-Based,CPU,NeoN,16,gpu-nvidia-h200,6400
LDC_N10,1000,61,Fused Cell-Based,CPU,NeoN,16,gpu-nvidia-h200,6400
LDC_N10,1000,155,Face-Based,CPU,NeoN,16,gpu-nvidia-h200,6400
LDC_N10,1000,155,Face-Based,CPU,NeoN,16,gpu-nvidia-h200,6400
LDC_N10,1000,156,Face-Based,CPU,NeoN,16,gpu-nvidia-h200,6400
LDC_N10,1000,113,Fused Face-Based,CPU,NeoN,32,gpu-nvidia-h200,6400
LDC_N10,1000,101,Fused Face-Based,CPU,NeoN,32,gpu-nvidia-h200,6400
LDC_N10,1000,100,Fused Face-Based,CPU,NeoN,32,gpu-nvidia-h200,6400
LDC_N10,1000,89,Fused Cell-Based,CPU,NeoN,32,gpu-nvidia-h200,6400
LDC_N10,1000,88,Fused Cell-Based,CPU,NeoN,32,gpu-nvidia-h200,6400
LDC_N10,1000,87,Fused Cell-Based,CPU,NeoN,32,gpu-nvidia-h200,6400
LDC_N10,1000,217,Face-Based,CPU,NeoN,32,gpu-nvidia-h200,6400
LDC_N10,1000,216,Face-Based,CPU,NeoN,32,gpu-nvidia-h200,6400
LDC_N10,1000,220,Face-Based,CPU,NeoN,32,gpu-nvidia-h200,6400
LDC_N10,1000,125,Fused Face-Based,CPU,NeoN,64,gpu-nvidia-h200,6400
LDC_N10,1000,123,Fused Face-Based,CPU,NeoN,64,gpu-nvidia-h200,6400
LDC_N10,1000,120,Fused Face-Based,CPU,NeoN,64,gpu-nvidia-h200,6400
LDC_N10,1000,112,Fused Cell-Based,CPU,NeoN,64,gpu-nvidia-h200,6400
LDC_N10,1000,110,Fused Cell-Based,CPU,NeoN,64,gpu-nvidia-h200,6400
LDC_N10,1000,119,Fused Cell-Based,CPU,NeoN,64,gpu-nvidia-h200,6400
LDC_N10,1000,255,Face-Based,CPU,NeoN,64,gpu-nvidia-h200,6400
LDC_N10,1000,242,Face-Based,CPU,NeoN,64,gpu-nvidia-h200,6400
LDC_N10,1000,241,Face-Based,CPU,NeoN,64,gpu-nvidia-h200,6400
LDC_N10,1000,225,Fused Face-Based,CPU,NeoN,128,gpu-nvidia-h200,6400
LDC_N10,1000,237,Fused Face-Based,CPU,NeoN,128,gpu-nvidia-h200,6400
LDC_N10,1000,229,Fused Face-Based,CPU,NeoN,128,gpu-nvidia-h200,6400
LDC_N10,1000,216,Fused Cell-Based,CPU,NeoN,128,gpu-nvidia-h200,6400
LDC_N10,1000,212,Fused Cell-Based,CPU,NeoN,128,gpu-nvidia-h200,6400
LDC_N10,1000,214,Fused Cell-Based,CPU,NeoN,128,gpu-nvidia-h200,6400
LDC_N10,1000,443,Face-Based,CPU,NeoN,128,gpu-nvidia-h200,6400
LDC_N10,1000,454,Face-Based,CPU,NeoN,128,gpu-nvidia-h200,6400
LDC_N10,1000,427,Face-Based,CPU,NeoN,128,gpu-nvidia-h200,6400
LDC_N20,8000,770,Fused Face-Based,CPU,NeoN,1,gpu-nvidia-h200,53600
LDC_N20,8000,772,Fused Face-Based,CPU,NeoN,1,gpu-nvidia-h200,53600
LDC_N20,8000,774,Fused Face-Based,CPU,NeoN,1,gpu-nvidia-h200,53600
LDC_N20,8000,212,Fused Cell-Based,CPU,NeoN,1,gpu-nvidia-h200,53600
LDC_N20,8000,212,Fused Cell-Based,CPU,NeoN,1,gpu-nvidia-h200,53600
LDC_N20,8000,213,Fused Cell-Based,CPU,NeoN,1,gpu-nvidia-h200,53600
LDC_N20,8000,1274,Face-Based,CPU,NeoN,1,gpu-nvidia-h200,53600
LDC_N20,8000,1269,Face-Based,CPU,NeoN,1,gpu-nvidia-h200,53600
LDC_N20,8000,1266,Face-Based,CPU,NeoN,1,gpu-nvidia-h200,53600
LDC_N20,8000,765,Fused Face-Based,CPU,NeoN,2,gpu-nvidia-h200,53600
LDC_N20,8000,707,Fused Face-Based,CPU,NeoN,2,gpu-nvidia-h200,53600
LDC_N20,8000,685,Fused Face-Based,CPU,NeoN,2,gpu-nvidia-h200,53600
LDC_N20,8000,219,Fused Cell-Based,CPU,NeoN,2,gpu-nvidia-h200,53600
LDC_N20,8000,208,Fused Cell-Based,CPU,NeoN,2,gpu-nvidia-h200,53600
LDC_N20,8000,194,Fused Cell-Based,CPU,NeoN,2,gpu-nvidia-h200,53600
LDC_N20,8000,1221,Face-Based,CPU,NeoN,2,gpu-nvidia-h200,53600
LDC_N20,8000,1164,Face-Based,CPU,NeoN,2,gpu-nvidia-h200,53600
LDC_N20,8000,1109,Face-Based,CPU,NeoN,2,gpu-nvidia-h200,53600
LDC_N20,8000,383,Fused Face-Based,CPU,NeoN,4,gpu-nvidia-h200,53600
LDC_N20,8000,383,Fused Face-Based,CPU,NeoN,4,gpu-nvidia-h200,53600
LDC_N20,8000,390,Fused Face-Based,CPU,NeoN,4,gpu-nvidia-h200,53600
LDC_N20,8000,122,Fused Cell-Based,CPU,NeoN,4,gpu-nvidia-h200,53600
LDC_N20,8000,123,Fused Cell-Based,CPU,NeoN,4,gpu-nvidia-h200,53600
LDC_N20,8000,124,Fused Cell-Based,CPU,NeoN,4,gpu-nvidia-h200,53600
LDC_N20,8000,687,Face-Based,CPU,NeoN,4,gpu-nvidia-h200,53600
LDC_N20,8000,655,Face-Based,CPU,NeoN,4,gpu-nvidia-h200,53600
LDC_N20,8000,654,Face-Based,CPU,NeoN,4,gpu-nvidia-h200,53600
LDC_N20,8000,265,Fused Face-Based,CPU,NeoN,8,gpu-nvidia-h200,53600
LDC_N20,8000,264,Fused Face-Based,CPU,NeoN,8,gpu-nvidia-h200,53600
LDC_N20,8000,265,Fused Face-Based,CPU,NeoN,8,gpu-nvidia-h200,53600
LDC_N20,8000,111,Fused Cell-Based,CPU,NeoN,8,gpu-nvidia-h200,53600
LDC_N20,8000,109,Fused Cell-Based,CPU,NeoN,8,gpu-nvidia-h200,53600
LDC_N20,8000,106,Fused Cell-Based,CPU,NeoN,8,gpu-nvidia-h200,53600
LDC_N20,8000,489,Face-Based,CPU,NeoN,8,gpu-nvidia-h200,53600
LDC_N20,8000,483,Face-Based,CPU,NeoN,8,gpu-nvidia-h200,53600
LDC_N20,8000,477,Face-Based,CPU,NeoN,8,gpu-nvidia-h200,53600
LDC_N20,8000,150,Fused Face-Based,CPU,NeoN,16,gpu-nvidia-h200,53600
LDC_N20,8000,153,Fused Face-Based,CPU,NeoN,16,gpu-nvidia-h200,53600
LDC_N20,8000,149,Fused Face-Based,CPU,NeoN,16,gpu-nvidia-h200,53600
LDC_N20,8000,82,Fused Cell-Based,CPU,NeoN,16,gpu-nvidia-h200,53600
LDC_N20,8000,91,Fused Cell-Based,CPU,NeoN,16,gpu-nvidia-h200,53600
LDC_N20,8000,82,Fused Cell-Based,CPU,NeoN,16,gpu-nvidia-h200,53600
LDC_N20,8000,301,Face-Based,CPU,NeoN,16,gpu-nvidia-h200,53600
LDC_N20,8000,290,Face-Based,CPU,NeoN,16,gpu-nvidia-h200,53600
LDC_N20,8000,293,Face-Based,CPU,NeoN,16,gpu-nvidia-h200,53600
LDC_N20,8000,125,Fused Face-Based,CPU,NeoN,32,gpu-nvidia-h200,53600
LDC_N20,8000,123,Fused Face-Based,CPU,NeoN,32,gpu-nvidia-h200,53600
LDC_N20,8000,123,Fused Face-Based,CPU,NeoN,32,gpu-nvidia-h200,53600
LDC_N20,8000,86,Fused Cell-Based,CPU,NeoN,32,gpu-nvidia-h200,53600
LDC_N20,8000,84,Fused Cell-Based,CPU,NeoN,32,gpu-nvidia-h200,53600
LDC_N20,8000,101,Fused Cell-Based,CPU,NeoN,32,gpu-nvidia-h200,53600
LDC_N20,8000,239,Face-Based,CPU,NeoN,32,gpu-nvidia-h200,53600
LDC_N20,8000,241,Face-Based,CPU,NeoN,32,gpu-nvidia-h200,53600
LDC_N20,8000,244,Face-Based,CPU,NeoN,32,gpu-nvidia-h200,53600
LDC_N20,8000,172,Fused Face-Based,CPU,NeoN,64,gpu-nvidia-h200,53600
LDC_N20,8000,176,Fused Face-Based,CPU,NeoN,64,gpu-nvidia-h200,53600
LDC_N20,8000,168,Fused Face-Based,CPU,NeoN,64,gpu-nvidia-h200,53600
LDC_N20,8000,124,Fused Cell-Based,CPU,NeoN,64,gpu-nvidia-h200,53600
LDC_N20,8000,135,Fused Cell-Based,CPU,NeoN,64,gpu-nvidia-h200,53600
LDC_N20,8000,124,Fused Cell-Based,CPU,NeoN,64,gpu-nvidia-h200,53600
LDC_N20,8000,362,Face-Based,CPU,NeoN,64,gpu-nvidia-h200,53600
LDC_N20,8000,357,Face-Based,CPU,NeoN,64,gpu-nvidia-h200,53600
LDC_N20,8000,345,Face-Based,CPU,NeoN,64,gpu-nvidia-h200,53600
LDC_N20,8000,253,Fused Face-Based,CPU,NeoN,128,gpu-nvidia-h200,53600
LDC_N20,8000,261,Fused Face-Based,CPU,NeoN,128,gpu-nvidia-h200,53600
LDC_N20,8000,269,Fused Face-Based,CPU,NeoN,128,gpu-nvidia-h200,53600
LDC_N20,8000,223,Fused Cell-Based,CPU,NeoN,128,gpu-nvidia-h200,53600
LDC_N20,8000,220,Fused Cell-Based,CPU,NeoN,128,gpu-nvidia-h200,53600
LDC_N20,8000,219,Fused Cell-Based,CPU,NeoN,128,gpu-nvidia-h200,53600
LDC_N20,8000,483,Face-Based,CPU,NeoN,128,gpu-nvidia-h200,53600
LDC_N20,8000,535,Face-Based,CPU,NeoN,128,gpu-nvidia-h200,53600
LDC_N20,8000,486,Face-Based,CPU,NeoN,128,gpu-nvidia-h200,53600
LDC_N30,27000,2522,Fused Face-Based,CPU,NeoN,1,gpu-nvidia-h200,183600
LDC_N30,27000,2523,Fused Face-Based,CPU,NeoN,1,gpu-nvidia-h200,183600
LDC_N30,27000,2522,Fused Face-Based,CPU,NeoN,1,gpu-nvidia-h200,183600
LDC_N30,27000,609,Fused Cell-Based,CPU,NeoN,1,gpu-nvidia-h200,183600
LDC_N30,27000,608,Fused Cell-Based,CPU,NeoN,1,gpu-nvidia-h200,183600
LDC_N30,27000,605,Fused Cell-Based,CPU,NeoN,1,gpu-nvidia-h200,183600
LDC_N30,27000,4206,Face-Based,CPU,NeoN,1,gpu-nvidia-h200,183600
LDC_N30,27000,4177,Face-Based,CPU,NeoN,1,gpu-nvidia-h200,183600
LDC_N30,27000,4175,Face-Based,CPU,NeoN,1,gpu-nvidia-h200,183600
LDC_N30,27000,2139,Fused Face-Based,CPU,NeoN,2,gpu-nvidia-h200,183600
LDC_N30,27000,2134,Fused Face-Based,CPU,NeoN,2,gpu-nvidia-h200,183600
LDC_N30,27000,2141,Fused Face-Based,CPU,NeoN,2,gpu-nvidia-h200,183600
LDC_N30,27000,458,Fused Cell-Based,CPU,NeoN,2,gpu-nvidia-h200,183600
LDC_N30,27000,455,Fused Cell-Based,CPU,NeoN,2,gpu-nvidia-h200,183600
LDC_N30,27000,445,Fused Cell-Based,CPU,NeoN,2,gpu-nvidia-h200,183600
LDC_N30,27000,3584,Face-Based,CPU,NeoN,2,gpu-nvidia-h200,183600
LDC_N30,27000,3579,Face-Based,CPU,NeoN,2,gpu-nvidia-h200,183600
LDC_N30,27000,3595,Face-Based,CPU,NeoN,2,gpu-nvidia-h200,183600
LDC_N30,27000,1156,Fused Face-Based,CPU,NeoN,4,gpu-nvidia-h200,183600
LDC_N30,27000,1143,Fused Face-Based,CPU,NeoN,4,gpu-nvidia-h200,183600
LDC_N30,27000,1152,Fused Face-Based,CPU,NeoN,4,gpu-nvidia-h200,183600
LDC_N30,27000,271,Fused Cell-Based,CPU,NeoN,4,gpu-nvidia-h200,183600
LDC_N30,27000,284,Fused Cell-Based,CPU,NeoN,4,gpu-nvidia-h200,183600
LDC_N30,27000,275,Fused Cell-Based,CPU,NeoN,4,gpu-nvidia-h200,183600
LDC_N30,27000,2003,Face-Based,CPU,NeoN,4,gpu-nvidia-h200,183600
LDC_N30,27000,1940,Face-Based,CPU,NeoN,4,gpu-nvidia-h200,183600
LDC_N30,27000,1988,Face-Based,CPU,NeoN,4,gpu-nvidia-h200,183600
LDC_N30,27000,641,Fused Face-Based,CPU,NeoN,8,gpu-nvidia-h200,183600
LDC_N30,27000,629,Fused Face-Based,CPU,NeoN,8,gpu-nvidia-h200,183600
LDC_N30,27000,630,Fused Face-Based,CPU,NeoN,8,gpu-nvidia-h200,183600
LDC_N30,27000,165,Fused Cell-Based,CPU,NeoN,8,gpu-nvidia-h200,183600
LDC_N30,27000,163,Fused Cell-Based,CPU,NeoN,8,gpu-nvidia-h200,183600
LDC_N30,27000,159,Fused Cell-Based,CPU,NeoN,8,gpu-nvidia-h200,183600
LDC_N30,27000,1122,Face-Based,CPU,NeoN,8,gpu-nvidia-h200,183600
LDC_N30,27000,1129,Face-Based,CPU,NeoN,8,gpu-nvidia-h200,183600
LDC_N30,27000,1098,Face-Based,CPU,NeoN,8,gpu-nvidia-h200,183600
LDC_N10,1000,107,Fused Face-Based,CPU,NeoN,1,gpu-nvidia-h200,6400
LDC_N10,1000,106,Fused Face-Based,CPU,NeoN,1,gpu-nvidia-h200,6400
LDC_N10,1000,112,Fused Face-Based,CPU,NeoN,1,gpu-nvidia-h200,6400
LDC_N10,1000,41,Fused Cell-Based,CPU,NeoN,1,gpu-nvidia-h200,6400
LDC_N10,1000,40,Fused Cell-Based,CPU,NeoN,1,gpu-nvidia-h200,6400
LDC_N10,1000,40,Fused Cell-Based,CPU,NeoN,1,gpu-nvidia-h200,6400
LDC_N10,1000,182,Face-Based,CPU,NeoN,1,gpu-nvidia-h200,6400
LDC_N10,1000,178,Face-Based,CPU,NeoN,1,gpu-nvidia-h200,6400
LDC_N10,1000,178,Face-Based,CPU,NeoN,1,gpu-nvidia-h200,6400
LDC_N30,27000,524,Fused Face-Based,CPU,NeoN,16,gpu-nvidia-h200,183600
LDC_N30,27000,369,Fused Face-Based,CPU,NeoN,16,gpu-nvidia-h200,183600
LDC_N30,27000,384,Fused Face-Based,CPU,NeoN,16,gpu-nvidia-h200,183600
LDC_N30,27000,142,Fused Cell-Based,CPU,NeoN,16,gpu-nvidia-h200,183600
LDC_N30,27000,120,Fused Cell-Based,CPU,NeoN,16,gpu-nvidia-h200,183600
LDC_N30,27000,130,Fused Cell-Based,CPU,NeoN,16,gpu-nvidia-h200,183600
LDC_N30,27000,714,Face-Based,CPU,NeoN,16,gpu-nvidia-h200,183600
LDC_N30,27000,677,Face-Based,CPU,NeoN,16,gpu-nvidia-h200,183600
LDC_N30,27000,781,Face-Based,CPU,NeoN,16,gpu-nvidia-h200,183600
LDC_N10,1000,153,Fused Face-Based,CPU,NeoN,2,gpu-nvidia-h200,6400
LDC_N10,1000,151,Fused Face-Based,CPU,NeoN,2,gpu-nvidia-h200,6400
LDC_N10,1000,145,Fused Face-Based,CPU,NeoN,2,gpu-nvidia-h200,6400
LDC_N10,1000,82,Fused Cell-Based,CPU,NeoN,2,gpu-nvidia-h200,6400
LDC_N10,1000,93,Fused Cell-Based,CPU,NeoN,2,gpu-nvidia-h200,6400
LDC_N10,1000,102,Fused Cell-Based,CPU,NeoN,2,gpu-nvidia-h200,6400
LDC_N10,1000,296,Face-Based,CPU,NeoN,2,gpu-nvidia-h200,6400
LDC_N10,1000,248,Face-Based,CPU,NeoN,2,gpu-nvidia-h200,6400
LDC_N10,1000,248,Face-Based,CPU,NeoN,2,gpu-nvidia-h200,6400
LDC_N30,27000,336,Fused Face-Based,CPU,NeoN,32,gpu-nvidia-h200,183600
LDC_N30,27000,319,Fused Face-Based,CPU,NeoN,32,gpu-nvidia-h200,183600
LDC_N30,27000,297,Fused Face-Based,CPU,NeoN,32,gpu-nvidia-h200,183600
LDC_N30,27000,114,Fused Cell-Based,CPU,NeoN,32,gpu-nvidia-h200,183600
LDC_N30,27000,111,Fused Cell-Based,CPU,NeoN,32,gpu-nvidia-h200,183600
LDC_N30,27000,126,Fused Cell-Based,CPU,NeoN,32,gpu-nvidia-h200,183600
LDC_N30,27000,648,Face-Based,CPU,NeoN,32,gpu-nvidia-h200,183600
LDC_N30,27000,628,Face-Based,CPU,NeoN,32,gpu-nvidia-h200,183600
LDC_N30,27000,632,Face-Based,CPU,NeoN,32,gpu-nvidia-h200,183600
LDC_N10,1000,99,Fused Face-Based,CPU,NeoN,4,gpu-nvidia-h200,6400
LDC_N10,1000,98,Fused Face-Based,CPU,NeoN,4,gpu-nvidia-h200,6400
LDC_N10,1000,98,Fused Face-Based,CPU,NeoN,4,gpu-nvidia-h200,6400
LDC_N10,1000,65,Fused Cell-Based,CPU,NeoN,4,gpu-nvidia-h200,6400
LDC_N10,1000,59,Fused Cell-Based,CPU,NeoN,4,gpu-nvidia-h200,6400
LDC_N10,1000,59,Fused Cell-Based,CPU,NeoN,4,gpu-nvidia-h200,6400
LDC_N10,1000,191,Face-Based,CPU,NeoN,4,gpu-nvidia-h200,6400
LDC_N10,1000,183,Face-Based,CPU,NeoN,4,gpu-nvidia-h200,6400
LDC_N10,1000,185,Face-Based,CPU,NeoN,4,gpu-nvidia-h200,6400
LDC_N30,27000,293,Fused Face-Based,CPU,NeoN,64,gpu-nvidia-h200,183600
LDC_N30,27000,268,Fused Face-Based,CPU,NeoN,64,gpu-nvidia-h200,183600
LDC_N30,27000,277,Fused Face-Based,CPU,NeoN,64,gpu-nvidia-h200,183600
LDC_N30,27000,123,Fused Cell-Based,CPU,NeoN,64,gpu-nvidia-h200,183600
LDC_N30,27000,143,Fused Cell-Based,CPU,NeoN,64,gpu-nvidia-h200,183600
LDC_N30,27000,129,Fused Cell-Based,CPU,NeoN,64,gpu-nvidia-h200,183600
LDC_N30,27000,508,Face-Based,CPU,NeoN,64,gpu-nvidia-h200,183600
LDC_N30,27000,525,Face-Based,CPU,NeoN,64,gpu-nvidia-h200,183600
LDC_N30,27000,505,Face-Based,CPU,NeoN,64,gpu-nvidia-h200,183600
LDC_N10,1000,97,Fused Face-Based,CPU,NeoN,8,gpu-nvidia-h200,6400
LDC_N10,1000,103,Fused Face-Based,CPU,NeoN,8,gpu-nvidia-h200,6400
LDC_N10,1000,102,Fused Face-Based,CPU,NeoN,8,gpu-nvidia-h200,6400
LDC_N10,1000,63,Fused Cell-Based,CPU,NeoN,8,gpu-nvidia-h200,6400
LDC_N10,1000,66,Fused Cell-Based,CPU,NeoN,8,gpu-nvidia-h200,6400
LDC_N10,1000,70,Fused Cell-Based,CPU,NeoN,8,gpu-nvidia-h200,6400
LDC_N10,1000,199,Face-Based,CPU,NeoN,8,gpu-nvidia-h200,6400
LDC_N10,1000,191,Face-Based,CPU,NeoN,8,gpu-nvidia-h200,6400
LDC_N10,1000,189,Face-Based,CPU,NeoN,8,gpu-nvidia-h200,6400
LDC_N30,27000,340,Fused Face-Based,CPU,NeoN,128,gpu-nvidia-h200,183600
LDC_N30,27000,317,Fused Face-Based,CPU,NeoN,128,gpu-nvidia-h200,183600
LDC_N30,27000,329,Fused Face-Based,CPU,NeoN,128,gpu-nvidia-h200,183600
LDC_N30,27000,231,Fused Cell-Based,CPU,NeoN,128,gpu-nvidia-h200,183600
LDC_N30,27000,231,Fused Cell-Based,CPU,NeoN,128,gpu-nvidia-h200,183600
LDC_N30,27000,230,Fused Cell-Based,CPU,NeoN,128,gpu-nvidia-h200,183600
LDC_N30,27000,647,Face-Based,CPU,NeoN,128,gpu-nvidia-h200,183600
LDC_N30,27000,625,Face-Based,CPU,NeoN,128,gpu-nvidia-h200,183600
LDC_N30,27000,618,Face-Based,CPU,NeoN,128,gpu-nvidia-h200,183600
LDC_N10,1000,81,Fused Face-Based,CPU,NeoN,16,gpu-nvidia-h200,6400
LDC_N10,1000,89,Fused Face-Based,CPU,NeoN,16,gpu-nvidia-h200,6400
LDC_N10,1000,84,Fused Face-Based,CPU,NeoN,16,gpu-nvidia-h200,6400
LDC_N10,1000,67,Fused Cell-Based,CPU,NeoN,16,gpu-nvidia-h200,6400
LDC_N10,1000,70,Fused Cell-Based,CPU,NeoN,16,gpu-nvidia-h200,6400
LDC_N10,1000,66,Fused Cell-Based,CPU,NeoN,16,gpu-nvidia-h200,6400
LDC_N10,1000,189,Face-Based,CPU,NeoN,16,gpu-nvidia-h200,6400
LDC_N10,1000,173,Face-Based,CPU,NeoN,16,gpu-nvidia-h200,6400
LDC_N10,1000,170,Face-Based,CPU,NeoN,16,gpu-nvidia-h200,6400
LDC_N40,64000,6298,Fused Face-Based,CPU,NeoN,1,gpu-nvidia-h200,438400
LDC_N40,64000,6186,Fused Face-Based,CPU,NeoN,1,gpu-nvidia-h200,438400
LDC_N40,64000,6195,Fused Face-Based,CPU,NeoN,1,gpu-nvidia-h200,438400
LDC_N40,64000,1918,Fused Cell-Based,CPU,NeoN,1,gpu-nvidia-h200,438400
LDC_N40,64000,2061,Fused Cell-Based,CPU,NeoN,1,gpu-nvidia-h200,438400
LDC_N40,64000,2035,Fused Cell-Based,CPU,NeoN,1,gpu-nvidia-h200,438400
LDC_N40,64000,10191,Face-Based,CPU,NeoN,1,gpu-nvidia-h200,438400
LDC_N40,64000,10436,Face-Based,CPU,NeoN,1,gpu-nvidia-h200,438400
LDC_N40,64000,10081,Face-Based,CPU,NeoN,1,gpu-nvidia-h200,438400
LDC_N10,1000,100,Fused Face-Based,CPU,NeoN,32,gpu-nvidia-h200,6400
LDC_N10,1000,99,Fused Face-Based,CPU,NeoN,32,gpu-nvidia-h200,6400
LDC_N10,1000,101,Fused Face-Based,CPU,NeoN,32,gpu-nvidia-h200,6400
LDC_N10,1000,80,Fused Cell-Based,CPU,NeoN,32,gpu-nvidia-h200,6400
LDC_N10,1000,83,Fused Cell-Based,CPU,NeoN,32,gpu-nvidia-h200,6400
LDC_N10,1000,82,Fused Cell-Based,CPU,NeoN,32,gpu-nvidia-h200,6400
LDC_N10,1000,219,Face-Based,CPU,NeoN,32,gpu-nvidia-h200,6400
LDC_N10,1000,219,Face-Based,CPU,NeoN,32,gpu-nvidia-h200,6400
LDC_N10,1000,201,Face-Based,CPU,NeoN,32,gpu-nvidia-h200,6400
LDC_N40,64000,4525,Fused Face-Based,CPU,NeoN,2,gpu-nvidia-h200,438400
LDC_N40,64000,4711,Fused Face-Based,CPU,NeoN,2,gpu-nvidia-h200,438400
LDC_N40,64000,4648,Fused Face-Based,CPU,NeoN,2,gpu-nvidia-h200,438400
LDC_N40,64000,899,Fused Cell-Based,CPU,NeoN,2,gpu-nvidia-h200,438400
LDC_N40,64000,883,Fused Cell-Based,CPU,NeoN,2,gpu-nvidia-h200,438400
LDC_N40,64000,899,Fused Cell-Based,CPU,NeoN,2,gpu-nvidia-h200,438400
LDC_N40,64000,7851,Face-Based,CPU,NeoN,2,gpu-nvidia-h200,438400
LDC_N40,64000,7748,Face-Based,CPU,NeoN,2,gpu-nvidia-h200,438400
LDC_N40,64000,7972,Face-Based,CPU,NeoN,2,gpu-nvidia-h200,438400
LDC_N10,1000,133,Fused Face-Based,CPU,NeoN,64,gpu-nvidia-h200,6400
LDC_N10,1000,139,Fused Face-Based,CPU,NeoN,64,gpu-nvidia-h200,6400
LDC_N10,1000,132,Fused Face-Based,CPU,NeoN,64,gpu-nvidia-h200,6400
LDC_N10,1000,118,Fused Cell-Based,CPU,NeoN,64,gpu-nvidia-h200,6400
LDC_N10,1000,120,Fused Cell-Based,CPU,NeoN,64,gpu-nvidia-h200,6400
LDC_N10,1000,118,Fused Cell-Based,CPU,NeoN,64,gpu-nvidia-h200,6400
LDC_N10,1000,261,Face-Based,CPU,NeoN,64,gpu-nvidia-h200,6400
LDC_N10,1000,252,Face-Based,CPU,NeoN,64,gpu-nvidia-h200,6400
LDC_N10,1000,256,Face-Based,CPU,NeoN,64,gpu-nvidia-h200,6400
LDC_N40,64000,2687,Fused Face-Based,CPU,NeoN,4,gpu-nvidia-h200,438400
LDC_N40,64000,2760,Fused Face-Based,CPU,NeoN,4,gpu-nvidia-h200,438400
LDC_N40,64000,2817,Fused Face-Based,CPU,NeoN,4,gpu-nvidia-h200,438400
LDC_N40,64000,483,Fused Cell-Based,CPU,NeoN,4,gpu-nvidia-h200,438400
LDC_N40,64000,478,Fused Cell-Based,CPU,NeoN,4,gpu-nvidia-h200,438400
LDC_N40,64000,479,Fused Cell-Based,CPU,NeoN,4,gpu-nvidia-h200,438400
LDC_N40,64000,4692,Face-Based,CPU,NeoN,4,gpu-nvidia-h200,438400
LDC_N40,64000,4995,Face-Based,CPU,NeoN,4,gpu-nvidia-h200,438400
LDC_N40,64000,4582,Face-Based,CPU,NeoN,4,gpu-nvidia-h200,438400
LDC_N10,1000,202,Fused Face-Based,CPU,NeoN,128,gpu-nvidia-h200,6400
LDC_N10,1000,197,Fused Face-Based,CPU,NeoN,128,gpu-nvidia-h200,6400
LDC_N10,1000,198,Fused Face-Based,CPU,NeoN,128,gpu-nvidia-h200,6400
LDC_N10,1000,191,Fused Cell-Based,CPU,NeoN,128,gpu-nvidia-h200,6400
LDC_N10,1000,186,Fused Cell-Based,CPU,NeoN,128,gpu-nvidia-h200,6400
LDC_N10,1000,188,Fused Cell-Based,CPU,NeoN,128,gpu-nvidia-h200,6400
LDC_N10,1000,406,Face-Based,CPU,NeoN,128,gpu-nvidia-h200,6400
LDC_N10,1000,398,Face-Based,CPU,NeoN,128,gpu-nvidia-h200,6400
LDC_N10,1000,384,Face-Based,CPU,NeoN,128,gpu-nvidia-h200,6400
LDC_N40,64000,1587,Fused Face-Based,CPU,NeoN,8,gpu-nvidia-h200,438400
LDC_N40,64000,1533,Fused Face-Based,CPU,NeoN,8,gpu-nvidia-h200,438400
LDC_N40,64000,1459,Fused Face-Based,CPU,NeoN,8,gpu-nvidia-h200,438400
LDC_N40,64000,290,Fused Cell-Based,CPU,NeoN,8,gpu-nvidia-h200,438400
LDC_N40,64000,289,Fused Cell-Based,CPU,NeoN,8,gpu-nvidia-h200,438400
LDC_N40,64000,287,Fused Cell-Based,CPU,NeoN,8,gpu-nvidia-h200,438400
LDC_N40,64000,2525,Face-Based,CPU,NeoN,8,gpu-nvidia-h200,438400
LDC_N40,64000,2742,Face-Based,CPU,NeoN,8,gpu-nvidia-h200,438400
LDC_N40,64000,2688,Face-Based,CPU,NeoN,8,gpu-nvidia-h200,438400
LDC_N40,64000,872,Fused Face-Based,CPU,NeoN,16,gpu-nvidia-h200,438400
LDC_N40,64000,820,Fused Face-Based,CPU,NeoN,16,gpu-nvidia-h200,438400
LDC_N40,64000,815,Fused Face-Based,CPU,NeoN,16,gpu-nvidia-h200,438400
LDC_N40,64000,197,Fused Cell-Based,CPU,NeoN,16,gpu-nvidia-h200,438400
LDC_N40,64000,198,Fused Cell-Based,CPU,NeoN,16,gpu-nvidia-h200,438400
LDC_N40,64000,191,Fused Cell-Based,CPU,NeoN,16,gpu-nvidia-h200,438400
LDC_N40,64000,1454,Face-Based,CPU,NeoN,16,gpu-nvidia-h200,438400
LDC_N40,64000,1570,Face-Based,CPU,NeoN,16,gpu-nvidia-h200,438400
LDC_N40,64000,1431,Face-Based,CPU,NeoN,16,gpu-nvidia-h200,438400
LDC_N20,8000,771,Fused Face-Based,CPU,NeoN,1,gpu-nvidia-h200,53600
LDC_N20,8000,771,Fused Face-Based,CPU,NeoN,1,gpu-nvidia-h200,53600
LDC_N20,8000,771,Fused Face-Based,CPU,NeoN,1,gpu-nvidia-h200,53600
LDC_N20,8000,212,Fused Cell-Based,CPU,NeoN,1,gpu-nvidia-h200,53600
LDC_N20,8000,212,Fused Cell-Based,CPU,NeoN,1,gpu-nvidia-h200,53600
LDC_N20,8000,217,Fused Cell-Based,CPU,NeoN,1,gpu-nvidia-h200,53600
LDC_N20,8000,1273,Face-Based,CPU,NeoN,1,gpu-nvidia-h200,53600
LDC_N20,8000,1294,Face-Based,CPU,NeoN,1,gpu-nvidia-h200,53600
LDC_N20,8000,1265,Face-Based,CPU,NeoN,1,gpu-nvidia-h200,53600
LDC_N20,8000,711,Fused Face-Based,CPU,NeoN,2,gpu-nvidia-h200,53600
LDC_N20,8000,690,Fused Face-Based,CPU,NeoN,2,gpu-nvidia-h200,53600
LDC_N20,8000,659,Fused Face-Based,CPU,NeoN,2,gpu-nvidia-h200,53600
LDC_N20,8000,212,Fused Cell-Based,CPU,NeoN,2,gpu-nvidia-h200,53600
LDC_N20,8000,215,Fused Cell-Based,CPU,NeoN,2,gpu-nvidia-h200,53600
LDC_N20,8000,207,Fused Cell-Based,CPU,NeoN,2,gpu-nvidia-h200,53600
LDC_N20,8000,1187,Face-Based,CPU,NeoN,2,gpu-nvidia-h200,53600
LDC_N20,8000,1153,Face-Based,CPU,NeoN,2,gpu-nvidia-h200,53600
LDC_N20,8000,1094,Face-Based,CPU,NeoN,2,gpu-nvidia-h200,53600
LDC_N20,8000,383,Fused Face-Based,CPU,NeoN,4,gpu-nvidia-h200,53600
LDC_N20,8000,379,Fused Face-Based,CPU,NeoN,4,gpu-nvidia-h200,53600
LDC_N20,8000,382,Fused Face-Based,CPU,NeoN,4,gpu-nvidia-h200,53600
LDC_N20,8000,126,Fused Cell-Based,CPU,NeoN,4,gpu-nvidia-h200,53600
LDC_N20,8000,122,Fused Cell-Based,CPU,NeoN,4,gpu-nvidia-h200,53600
LDC_N20,8000,124,Fused Cell-Based,CPU,NeoN,4,gpu-nvidia-h200,53600
LDC_N20,8000,665,Face-Based,CPU,NeoN,4,gpu-nvidia-h200,53600
LDC_N20,8000,656,Face-Based,CPU,NeoN,4,gpu-nvidia-h200,53600
LDC_N20,8000,661,Face-Based,CPU,NeoN,4,gpu-nvidia-h200,53600
LDC_N20,8000,226,Fused Face-Based,CPU,NeoN,8,gpu-nvidia-h200,53600
LDC_N20,8000,225,Fused Face-Based,CPU,NeoN,8,gpu-nvidia-h200,53600
LDC_N20,8000,235,Fused Face-Based,CPU,NeoN,8,gpu-nvidia-h200,53600
LDC_N20,8000,97,Fused Cell-Based,CPU,NeoN,8,gpu-nvidia-h200,53600
LDC_N20,8000,93,Fused Cell-Based,CPU,NeoN,8,gpu-nvidia-h200,53600
LDC_N20,8000,97,Fused Cell-Based,CPU,NeoN,8,gpu-nvidia-h200,53600
LDC_N20,8000,419,Face-Based,CPU,NeoN,8,gpu-nvidia-h200,53600
LDC_N20,8000,416,Face-Based,CPU,NeoN,8,gpu-nvidia-h200,53600
LDC_N20,8000,412,Face-Based,CPU,NeoN,8,gpu-nvidia-h200,53600
LDC_N20,8000,153,Fused Face-Based,CPU,NeoN,16,gpu-nvidia-h200,53600
LDC_N20,8000,151,Fused Face-Based,CPU,NeoN,16,gpu-nvidia-h200,53600
LDC_N20,8000,151,Fused Face-Based,CPU,NeoN,16,gpu-nvidia-h200,53600
LDC_N20,8000,83,Fused Cell-Based,CPU,NeoN,16,gpu-nvidia-h200,53600
LDC_N20,8000,82,Fused Cell-Based,CPU,NeoN,16,gpu-nvidia-h200,53600
LDC_N20,8000,90,Fused Cell-Based,CPU,NeoN,16,gpu-nvidia-h200,53600
LDC_N20,8000,287,Face-Based,CPU,NeoN,16,gpu-nvidia-h200,53600
LDC_N20,8000,294,Face-Based,CPU,NeoN,16,gpu-nvidia-h200,53600
LDC_N20,8000,281,Face-Based,CPU,NeoN,16,gpu-nvidia-h200,53600
LDC_N20,8000,166,Fused Face-Based,CPU,NeoN,32,gpu-nvidia-h200,53600
LDC_N20,8000,157,Fused Face-Based,CPU,NeoN,32,gpu-nvidia-h200,53600
LDC_N20,8000,162,Fused Face-Based,CPU,NeoN,32,gpu-nvidia-h200,53600
LDC_N20,8000,105,Fused Cell-Based,CPU,NeoN,32,gpu-nvidia-h200,53600
LDC_N20,8000,104,Fused Cell-Based,CPU,NeoN,32,gpu-nvidia-h200,53600
LDC_N20,8000,104,Fused Cell-Based,CPU,NeoN,32,gpu-nvidia-h200,53600
LDC_N20,8000,337,Face-Based,CPU,NeoN,32,gpu-nvidia-h200,53600
LDC_N20,8000,324,Face-Based,CPU,NeoN,32,gpu-nvidia-h200,53600
LDC_N20,8000,325,Face-Based,CPU,NeoN,32,gpu-nvidia-h200,53600
LDC_N20,8000,156,Fused Face-Based,CPU,NeoN,64,gpu-nvidia-h200,53600
LDC_N20,8000,169,Fused Face-Based,CPU,NeoN,64,gpu-nvidia-h200,53600
LDC_N20,8000,166,Fused Face-Based,CPU,NeoN,64,gpu-nvidia-h200,53600
LDC_N20,8000,121,Fused Cell-Based,CPU,NeoN,64,gpu-nvidia-h200,53600
LDC_N20,8000,119,Fused Cell-Based,CPU,NeoN,64,gpu-nvidia-h200,53600
LDC_N20,8000,123,Fused Cell-Based,CPU,NeoN,64,gpu-nvidia-h200,53600
LDC_N20,8000,349,Face-Based,CPU,NeoN,64,gpu-nvidia-h200,53600
LDC_N20,8000,370,Face-Based,CPU,NeoN,64,gpu-nvidia-h200,53600
LDC_N20,8000,332,Face-Based,CPU,NeoN,64,gpu-nvidia-h200,53600
LDC_N20,8000,246,Fused Face-Based,CPU,NeoN,128,gpu-nvidia-h200,53600
LDC_N20,8000,247,Fused Face-Based,CPU,NeoN,128,gpu-nvidia-h200,53600
LDC_N20,8000,242,Fused Face-Based,CPU,NeoN,128,gpu-nvidia-h200,53600
LDC_N20,8000,217,Fused Cell-Based,CPU,NeoN,128,gpu-nvidia-h200,53600
LDC_N20,8000,214,Fused Cell-Based,CPU,NeoN,128,gpu-nvidia-h200,53600
LDC_N20,8000,219,Fused Cell-Based,CPU,NeoN,128,gpu-nvidia-h200,53600
LDC_N20,8000,497,Face-Based,CPU,NeoN,128,gpu-nvidia-h200,53600
LDC_N20,8000,488,Face-Based,CPU,NeoN,128,gpu-nvidia-h200,53600
LDC_N20,8000,536,Face-Based,CPU,NeoN,128,gpu-nvidia-h200,53600
LDC_N30,27000,2541,Fused Face-Based,CPU,NeoN,1,gpu-nvidia-h200,183600
LDC_N30,27000,2529,Fused Face-Based,CPU,NeoN,1,gpu-nvidia-h200,183600
LDC_N30,27000,2525,Fused Face-Based,CPU,NeoN,1,gpu-nvidia-h200,183600
LDC_N30,27000,640,Fused Cell-Based,CPU,NeoN,1,gpu-nvidia-h200,183600
LDC_N30,27000,615,Fused Cell-Based,CPU,NeoN,1,gpu-nvidia-h200,183600
LDC_N30,27000,609,Fused Cell-Based,CPU,NeoN,1,gpu-nvidia-h200,183600
LDC_N30,27000,4267,Face-Based,CPU,NeoN,1,gpu-nvidia-h200,183600
LDC_N30,27000,4183,Face-Based,CPU,NeoN,1,gpu-nvidia-h200,183600
LDC_N30,27000,4186,Face-Based,CPU,NeoN,1,gpu-nvidia-h200,183600
LDC_N30,27000,2192,Fused Face-Based,CPU,NeoN,2,gpu-nvidia-h200,183600
LDC_N30,27000,2131,Fused Face-Based,CPU,NeoN,2,gpu-nvidia-h200,183600
LDC_N30,27000,2128,Fused Face-Based,CPU,NeoN,2,gpu-nvidia-h200,183600
LDC_N30,27000,502,Fused Cell-Based,CPU,NeoN,2,gpu-nvidia-h200,183600
LDC_N30,27000,492,Fused Cell-Based,CPU,NeoN,2,gpu-nvidia-h200,183600
LDC_N30,27000,476,Fused Cell-Based,CPU,NeoN,2,gpu-nvidia-h200,183600
LDC_N30,27000,3589,Face-Based,CPU,NeoN,2,gpu-nvidia-h200,183600
LDC_N30,27000,3590,Face-Based,CPU,NeoN,2,gpu-nvidia-h200,183600
LDC_N30,27000,3575,Face-Based,CPU,NeoN,2,gpu-nvidia-h200,183600
LDC_N30,27000,1183,Fused Face-Based,CPU,NeoN,4,gpu-nvidia-h200,183600
LDC_N30,27000,1159,Fused Face-Based,CPU,NeoN,4,gpu-nvidia-h200,183600
LDC_N30,27000,1158,Fused Face-Based,CPU,NeoN,4,gpu-nvidia-h200,183600
LDC_N30,27000,272,Fused Cell-Based,CPU,NeoN,4,gpu-nvidia-h200,183600
LDC_N30,27000,254,Fused Cell-Based,CPU,NeoN,4,gpu-nvidia-h200,183600
LDC_N30,27000,252,Fused Cell-Based,CPU,NeoN,4,gpu-nvidia-h200,183600
LDC_N30,27000,1981,Face-Based,CPU,NeoN,4,gpu-nvidia-h200,183600
LDC_N30,27000,1951,Face-Based,CPU,NeoN,4,gpu-nvidia-h200,183600
LDC_N30,27000,1939,Face-Based,CPU,NeoN,4,gpu-nvidia-h200,183600
LDC_N30,27000,663,Fused Face-Based,CPU,NeoN,8,gpu-nvidia-h200,183600
LDC_N30,27000,635,Fused Face-Based,CPU,NeoN,8,gpu-nvidia-h200,183600
LDC_N30,27000,649,Fused Face-Based,CPU,NeoN,8,gpu-nvidia-h200,183600
LDC_N30,27000,166,Fused Cell-Based,CPU,NeoN,8,gpu-nvidia-h200,183600
LDC_N30,27000,171,Fused Cell-Based,CPU,NeoN,8,gpu-nvidia-h200,183600
LDC_N30,27000,167,Fused Cell-Based,CPU,NeoN,8,gpu-nvidia-h200,183600
LDC_N30,27000,1177,Face-Based,CPU,NeoN,8,gpu-nvidia-h200,183600
LDC_N30,27000,1130,Face-Based,CPU,NeoN,8,gpu-nvidia-h200,183600
LDC_N30,27000,1199,Face-Based,CPU,NeoN,8,gpu-nvidia-h200,183600
LDC_N30,27000,392,Fused Face-Based,CPU,NeoN,16,gpu-nvidia-h200,183600
LDC_N30,27000,396,Fused Face-Based,CPU,NeoN,16,gpu-nvidia-h200,183600
LDC_N30,27000,371,Fused Face-Based,CPU,NeoN,16,gpu-nvidia-h200,183600
LDC_N30,27000,124,Fused Cell-Based,CPU,NeoN,16,gpu-nvidia-h200,183600
LDC_N30,27000,132,Fused Cell-Based,CPU,NeoN,16,gpu-nvidia-h200,183600
LDC_N30,27000,125,Fused Cell-Based,CPU,NeoN,16,gpu-nvidia-h200,183600
LDC_N30,27000,742,Face-Based,CPU,NeoN,16,gpu-nvidia-h200,183600
LDC_N30,27000,678,Face-Based,CPU,NeoN,16,gpu-nvidia-h200,183600
LDC_N30,27000,725,Face-Based,CPU,NeoN,16,gpu-nvidia-h200,183600
LDC_N30,27000,321,Fused Face-Based,CPU,NeoN,32,gpu-nvidia-h200,183600
LDC_N30,27000,312,Fused Face-Based,CPU,NeoN,32,gpu-nvidia-h200,183600
LDC_N30,27000,299,Fused Face-Based,CPU,NeoN,32,gpu-nvidia-h200,183600
LDC_N30,27000,112,Fused Cell-Based,CPU,NeoN,32,gpu-nvidia-h200,183600
LDC_N30,27000,115,Fused Cell-Based,CPU,NeoN,32,gpu-nvidia-h200,183600
LDC_N30,27000,113,Fused Cell-Based,CPU,NeoN,32,gpu-nvidia-h200,183600
LDC_N30,27000,673,Face-Based,CPU,NeoN,32,gpu-nvidia-h200,183600
LDC_N30,27000,668,Face-Based,CPU,NeoN,32,gpu-nvidia-h200,183600
LDC_N30,27000,555,Face-Based,CPU,NeoN,32,gpu-nvidia-h200,183600
LDC_N30,27000,264,Fused Face-Based,CPU,NeoN,64,gpu-nvidia-h200,183600
LDC_N30,27000,267,Fused Face-Based,CPU,NeoN,64,gpu-nvidia-h200,183600
LDC_N30,27000,280,Fused Face-Based,CPU,NeoN,64,gpu-nvidia-h200,183600
LDC_N30,27000,154,Fused Cell-Based,CPU,NeoN,64,gpu-nvidia-h200,183600
LDC_N30,27000,147,Fused Cell-Based,CPU,NeoN,64,gpu-nvidia-h200,183600
LDC_N30,27000,142,Fused Cell-Based,CPU,NeoN,64,gpu-nvidia-h200,183600
LDC_N30,27000,579,Face-Based,CPU,NeoN,64,gpu-nvidia-h200,183600
LDC_N30,27000,556,Face-Based,CPU,NeoN,64,gpu-nvidia-h200,183600
LDC_N30,27000,558,Face-Based,CPU,NeoN,64,gpu-nvidia-h200,183600
LDC_N30,27000,334,Fused Face-Based,CPU,NeoN,128,gpu-nvidia-h200,183600
LDC_N30,27000,315,Fused Face-Based,CPU,NeoN,128,gpu-nvidia-h200,183600
LDC_N30,27000,316,Fused Face-Based,CPU,NeoN,128,gpu-nvidia-h200,183600
LDC_N30,27000,233,Fused Cell-Based,CPU,NeoN,128,gpu-nvidia-h200,183600
LDC_N30,27000,231,Fused Cell-Based,CPU,NeoN,128,gpu-nvidia-h200,183600
LDC_N30,27000,223,Fused Cell-Based,CPU,NeoN,128,gpu-nvidia-h200,183600
LDC_N30,27000,646,Face-Based,CPU,NeoN,128,gpu-nvidia-h200,183600
LDC_N30,27000,649,Face-Based,CPU,NeoN,128,gpu-nvidia-h200,183600
LDC_N30,27000,608,Face-Based,CPU,NeoN,128,gpu-nvidia-h200,183600
LDC_N40,64000,6272,Fused Face-Based,CPU,NeoN,1,gpu-nvidia-h200,438400
LDC_N40,64000,6162,Fused Face-Based,CPU,NeoN,1,gpu-nvidia-h200,438400
LDC_N40,64000,6312,Fused Face-Based,CPU,NeoN,1,gpu-nvidia-h200,438400
LDC_N40,64000,2007,Fused Cell-Based,CPU,NeoN,1,gpu-nvidia-h200,438400
LDC_N40,64000,2152,Fused Cell-Based,CPU,NeoN,1,gpu-nvidia-h200,438400
LDC_N40,64000,2055,Fused Cell-Based,CPU,NeoN,1,gpu-nvidia-h200,438400
LDC_N40,64000,10157,Face-Based,CPU,NeoN,1,gpu-nvidia-h200,438400
LDC_N40,64000,10168,Face-Based,CPU,NeoN,1,gpu-nvidia-h200,438400
LDC_N40,64000,10103,Face-Based,CPU,NeoN,1,gpu-nvidia-h200,438400
LDC_N40,64000,4577,Fused Face-Based,CPU,NeoN,2,gpu-nvidia-h200,438400
LDC_N40,64000,4553,Fused Face-Based,CPU,NeoN,2,gpu-nvidia-h200,438400
LDC_N40,64000,4585,Fused Face-Based,CPU,NeoN,2,gpu-nvidia-h200,438400
LDC_N40,64000,914,Fused Cell-Based,CPU,NeoN,2,gpu-nvidia-h200,438400
LDC_N40,64000,903,Fused Cell-Based,CPU,NeoN,2,gpu-nvidia-h200,438400
LDC_N40,64000,911,Fused Cell-Based,CPU,NeoN,2,gpu-nvidia-h200,438400
LDC_N40,64000,7756,Face-Based,CPU,NeoN,2,gpu-nvidia-h200,438400
LDC_N40,64000,7992,Face-Based,CPU,NeoN,2,gpu-nvidia-h200,438400
LDC_N40,64000,7637,Face-Based,CPU,NeoN,2,gpu-nvidia-h200,438400
LDC_N40,64000,2709,Fused Face-Based,CPU,NeoN,4,gpu-nvidia-h200,438400
LDC_N40,64000,2632,Fused Face-Based,CPU,NeoN,4,gpu-nvidia-h200,438400
LDC_N40,64000,2671,Fused Face-Based,CPU,NeoN,4,gpu-nvidia-h200,438400
LDC_N40,64000,513,Fused Cell-Based,CPU,NeoN,4,gpu-nvidia-h200,438400
LDC_N40,64000,468,Fused Cell-Based,CPU,NeoN,4,gpu-nvidia-h200,438400
LDC_N40,64000,473,Fused Cell-Based,CPU,NeoN,4,gpu-nvidia-h200,438400
LDC_N40,64000,4710,Face-Based,CPU,NeoN,4,gpu-nvidia-h200,438400
LDC_N40,64000,4503,Face-Based,CPU,NeoN,4,gpu-nvidia-h200,438400
LDC_N40,64000,4625,Face-Based,CPU,NeoN,4,gpu-nvidia-h200,438400
LDC_N40,64000,1576,Fused Face-Based,CPU,NeoN,8,gpu-nvidia-h200,438400
LDC_N40,64000,1486,Fused Face-Based,CPU,NeoN,8,gpu-nvidia-h200,438400
LDC_N40,64000,1441,Fused Face-Based,CPU,NeoN,8,gpu-nvidia-h200,438400
LDC_N40,64000,311,Fused Cell-Based,CPU,NeoN,8,gpu-nvidia-h200,438400
LDC_N40,64000,303,Fused Cell-Based,CPU,NeoN,8,gpu-nvidia-h200,438400
LDC_N40,64000,307,Fused Cell-Based,CPU,NeoN,8,gpu-nvidia-h200,438400
LDC_N40,64000,2505,Face-Based,CPU,NeoN,8,gpu-nvidia-h200,438400
LDC_N40,64000,2730,Face-Based,CPU,NeoN,8,gpu-nvidia-h200,438400
LDC_N40,64000,2681,Face-Based,CPU,NeoN,8,gpu-nvidia-h200,438400
LDC_N40,64000,813,Fused Face-Based,CPU,NeoN,16,gpu-nvidia-h200,438400
LDC_N40,64000,850,Fused Face-Based,CPU,NeoN,16,gpu-nvidia-h200,438400
LDC_N40,64000,809,Fused Face-Based,CPU,NeoN,16,gpu-nvidia-h200,438400
LDC_N40,64000,186,Fused Cell-Based,CPU,NeoN,16,gpu-nvidia-h200,438400
LDC_N40,64000,188,Fused Cell-Based,CPU,NeoN,16,gpu-nvidia-h200,438400
LDC_N40,64000,186,Fused Cell-Based,CPU,NeoN,16,gpu-nvidia-h200,438400
LDC_N40,64000,1500,Face-Based,CPU,NeoN,16,gpu-nvidia-h200,438400
LDC_N40,64000,1601,Face-Based,CPU,NeoN,16,gpu-nvidia-h200,438400
LDC_N40,64000,1499,Face-Based,CPU,NeoN,16,gpu-nvidia-h200,438400
LDC_N40,64000,514,Fused Face-Based,CPU,NeoN,32,gpu-nvidia-h200,438400
LDC_N40,64000,477,Fused Face-Based,CPU,NeoN,32,gpu-nvidia-h200,438400
LDC_N40,64000,486,Fused Face-Based,CPU,NeoN,32,gpu-nvidia-h200,438400
LDC_N40,64000,162,Fused Cell-Based,CPU,NeoN,32,gpu-nvidia-h200,438400
LDC_N40,64000,148,Fused Cell-Based,CPU,NeoN,32,gpu-nvidia-h200,438400
LDC_N40,64000,168,Fused Cell-Based,CPU,NeoN,32,gpu-nvidia-h200,438400
LDC_N40,64000,1098,Face-Based,CPU,NeoN,32,gpu-nvidia-h200,438400
LDC_N40,64000,861,Face-Based,CPU,NeoN,32,gpu-nvidia-h200,438400
LDC_N40,64000,856,Face-Based,CPU,NeoN,32,gpu-nvidia-h200,438400
LDC_N40,64000,334,Fused Face-Based,CPU,NeoN,64,gpu-nvidia-h200,438400
LDC_N40,64000,330,Fused Face-Based,CPU,NeoN,64,gpu-nvidia-h200,438400
LDC_N40,64000,350,Fused Face-Based,CPU,NeoN,64,gpu-nvidia-h200,438400
LDC_N40,64000,156,Fused Cell-Based,CPU,NeoN,64,gpu-nvidia-h200,438400
LDC_N40,64000,158,Fused Cell-Based,CPU,NeoN,64,gpu-nvidia-h200,438400
LDC_N40,64000,164,Fused Cell-Based,CPU,NeoN,64,gpu-nvidia-h200,438400
LDC_N40,64000,707,Face-Based,CPU,NeoN,64,gpu-nvidia-h200,438400
LDC_N40,64000,759,Face-Based,CPU,NeoN,64,gpu-nvidia-h200,438400
LDC_N40,64000,664,Face-Based,CPU,NeoN,64,gpu-nvidia-h200,438400
LDC_N40,64000,511,Fused Face-Based,CPU,NeoN,128,gpu-nvidia-h200,438400
LDC_N40,64000,461,Fused Face-Based,CPU,NeoN,128,gpu-nvidia-h200,438400
LDC_N40,64000,490,Fused Face-Based,CPU,NeoN,128,gpu-nvidia-h200,438400
LDC_N40,64000,256,Fused Cell-Based,CPU,NeoN,128,gpu-nvidia-h200,438400
LDC_N40,64000,256,Fused Cell-Based,CPU,NeoN,128,gpu-nvidia-h200,438400
LDC_N40,64000,271,Fused Cell-Based,CPU,NeoN,128,gpu-nvidia-h200,438400
LDC_N40,64000,939,Face-Based,CPU,NeoN,128,gpu-nvidia-h200,438400
LDC_N40,64000,899,Face-Based,CPU,NeoN,128,gpu-nvidia-h200,438400
LDC_N40,64000,886,Face-Based,CPU,NeoN,128,gpu-nvidia-h200,438400
LDC_N50,125000,12227,Fused Face-Based,CPU,NeoN,1,gpu-nvidia-h200,860000
LDC_N50,125000,12260,Fused Face-Based,CPU,NeoN,1,gpu-nvidia-h200,860000
LDC_N50,125000,12254,Fused Face-Based,CPU,NeoN,1,gpu-nvidia-h200,860000
LDC_N50,125000,3994,Fused Cell-Based,CPU,NeoN,1,gpu-nvidia-h200,860000
LDC_N50,125000,4030,Fused Cell-Based,CPU,NeoN,1,gpu-nvidia-h200,860000
LDC_N50,125000,4000,Fused Cell-Based,CPU,NeoN,1,gpu-nvidia-h200,860000
LDC_N50,125000,20093,Face-Based,CPU,NeoN,1,gpu-nvidia-h200,860000
LDC_N50,125000,20011,Face-Based,CPU,NeoN,1,gpu-nvidia-h200,860000
LDC_N50,125000,19885,Face-Based,CPU,NeoN,1,gpu-nvidia-h200,860000
LDC_N50,125000,9783,Fused Face-Based,CPU,NeoN,2,gpu-nvidia-h200,860000
LDC_N50,125000,9714,Fused Face-Based,CPU,NeoN,2,gpu-nvidia-h200,860000
LDC_N50,125000,9711,Fused Face-Based,CPU,NeoN,2,gpu-nvidia-h200,860000
LDC_N50,125000,2299,Fused Cell-Based,CPU,NeoN,2,gpu-nvidia-h200,860000
LDC_N50,125000,2329,Fused Cell-Based,CPU,NeoN,2,gpu-nvidia-h200,860000
LDC_N50,125000,2242,Fused Cell-Based,CPU,NeoN,2,gpu-nvidia-h200,860000
LDC_N50,125000,16245,Face-Based,CPU,NeoN,2,gpu-nvidia-h200,860000
LDC_N50,125000,16275,Face-Based,CPU,NeoN,2,gpu-nvidia-h200,860000
LDC_N50,125000,16235,Face-Based,CPU,NeoN,2,gpu-nvidia-h200,860000
LDC_N50,125000,5095,Fused Face-Based,CPU,NeoN,4,gpu-nvidia-h200,860000
LDC_N50,125000,5087,Fused Face-Based,CPU,NeoN,4,gpu-nvidia-h200,860000
LDC_N50,125000,5087,Fused Face-Based,CPU,NeoN,4,gpu-nvidia-h200,860000
LDC_N50,125000,926,Fused Cell-Based,CPU,NeoN,4,gpu-nvidia-h200,860000
LDC_N50,125000,909,Fused Cell-Based,CPU,NeoN,4,gpu-nvidia-h200,860000
LDC_N50,125000,894,Fused Cell-Based,CPU,NeoN,4,gpu-nvidia-h200,860000
LDC_N50,125000,8644,Face-Based,CPU,NeoN,4,gpu-nvidia-h200,860000
LDC_N50,125000,8678,Face-Based,CPU,NeoN,4,gpu-nvidia-h200,860000
LDC_N50,125000,8580,Face-Based,CPU,NeoN,4,gpu-nvidia-h200,860000
LDC_N50,125000,2659,Fused Face-Based,CPU,NeoN,8,gpu-nvidia-h200,860000
LDC_N50,125000,2637,Fused Face-Based,CPU,NeoN,8,gpu-nvidia-h200,860000
LDC_N50,125000,2646,Fused Face-Based,CPU,NeoN,8,gpu-nvidia-h200,860000
LDC_N50,125000,495,Fused Cell-Based,CPU,NeoN,8,gpu-nvidia-h200,860000
LDC_N50,125000,475,Fused Cell-Based,CPU,NeoN,8,gpu-nvidia-h200,860000
LDC_N50,125000,496,Fused Cell-Based,CPU,NeoN,8,gpu-nvidia-h200,860000
LDC_N50,125000,4787,Face-Based,CPU,NeoN,8,gpu-nvidia-h200,860000
LDC_N50,125000,4958,Face-Based,CPU,NeoN,8,gpu-nvidia-h200,860000
LDC_N50,125000,4559,Face-Based,CPU,NeoN,8,gpu-nvidia-h200,860000
LDC_N50,125000,1649,Fused Face-Based,CPU,NeoN,16,gpu-nvidia-h200,860000
LDC_N50,125000,1756,Fused Face-Based,CPU,NeoN,16,gpu-nvidia-h200,860000
LDC_N50,125000,1846,Fused Face-Based,CPU,NeoN,16,gpu-nvidia-h200,860000
LDC_N50,125000,304,Fused Cell-Based,CPU,NeoN,16,gpu-nvidia-h200,860000
LDC_N50,125000,306,Fused Cell-Based,CPU,NeoN,16,gpu-nvidia-h200,860000
LDC_N50,125000,301,Fused Cell-Based,CPU,NeoN,16,gpu-nvidia-h200,860000
LDC_N50,125000,2897,Face-Based,CPU,NeoN,16,gpu-nvidia-h200,860000
LDC_N50,125000,3222,Face-Based,CPU,NeoN,16,gpu-nvidia-h200,860000
LDC_N50,125000,2866,Face-Based,CPU,NeoN,16,gpu-nvidia-h200,860000
LDC_N50,125000,1060,Fused Face-Based,CPU,NeoN,32,gpu-nvidia-h200,860000
LDC_N50,125000,1006,Fused Face-Based,CPU,NeoN,32,gpu-nvidia-h200,860000
LDC_N50,125000,989,Fused Face-Based,CPU,NeoN,32,gpu-nvidia-h200,860000
LDC_N50,125000,217,Fused Cell-Based,CPU,NeoN,32,gpu-nvidia-h200,860000
LDC_N50,125000,221,Fused Cell-Based,CPU,NeoN,32,gpu-nvidia-h200,860000
LDC_N50,125000,215,Fused Cell-Based,CPU,NeoN,32,gpu-nvidia-h200,860000
LDC_N50,125000,1768,Face-Based,CPU,NeoN,32,gpu-nvidia-h200,860000
LDC_N50,125000,2038,Face-Based,CPU,NeoN,32,gpu-nvidia-h200,860000
LDC_N50,125000,1783,Face-Based,CPU,NeoN,32,gpu-nvidia-h200,860000
LDC_N50,125000,665,Fused Face-Based,CPU,NeoN,64,gpu-nvidia-h200,860000
LDC_N50,125000,605,Fused Face-Based,CPU,NeoN,64,gpu-nvidia-h200,860000
LDC_N50,125000,596,Fused Face-Based,CPU,NeoN,64,gpu-nvidia-h200,860000
LDC_N50,125000,205,Fused Cell-Based,CPU,NeoN,64,gpu-nvidia-h200,860000
LDC_N50,125000,240,Fused Cell-Based,CPU,NeoN,64,gpu-nvidia-h200,860000
LDC_N50,125000,210,Fused Cell-Based,CPU,NeoN,64,gpu-nvidia-h200,860000
LDC_N50,125000,1274,Face-Based,CPU,NeoN,64,gpu-nvidia-h200,860000
LDC_N50,125000,1188,Face-Based,CPU,NeoN,64,gpu-nvidia-h200,860000
LDC_N50,125000,1275,Face-Based,CPU,NeoN,64,gpu-nvidia-h200,860000
LDC_N50,125000,812,Fused Face-Based,CPU,NeoN,128,gpu-nvidia-h200,860000
LDC_N50,125000,740,Fused Face-Based,CPU,NeoN,128,gpu-nvidia-h200,860000
LDC_N50,125000,670,Fused Face-Based,CPU,NeoN,128,gpu-nvidia-h200,860000
LDC_N50,125000,409,Fused Cell-Based,CPU,NeoN,128,gpu-nvidia-h200,860000
LDC_N50,125000,358,Fused Cell-Based,CPU,NeoN,128,gpu-nvidia-h200,860000
LDC_N50,125000,331,Fused Cell-Based,CPU,NeoN,128,gpu-nvidia-h200,860000
LDC_N50,125000,1573,Face-Based,CPU,NeoN,128,gpu-nvidia-h200,860000
LDC_N50,125000,1596,Face-Based,CPU,NeoN,128,gpu-nvidia-h200,860000
LDC_N50,125000,1683,Face-Based,CPU,NeoN,128,gpu-nvidia-h200,860000
LDC_N60,216000,21153,Fused Face-Based,CPU,NeoN,1,gpu-nvidia-h200,1490400
LDC_N60,216000,21170,Fused Face-Based,CPU,NeoN,1,gpu-nvidia-h200,1490400
LDC_N60,216000,21133,Fused Face-Based,CPU,NeoN,1,gpu-nvidia-h200,1490400
LDC_N60,216000,6586,Fused Cell-Based,CPU,NeoN,1,gpu-nvidia-h200,1490400
LDC_N60,216000,6590,Fused Cell-Based,CPU,NeoN,1,gpu-nvidia-h200,1490400
LDC_N60,216000,6593,Fused Cell-Based,CPU,NeoN,1,gpu-nvidia-h200,1490400
LDC_N60,216000,34560,Face-Based,CPU,NeoN,1,gpu-nvidia-h200,1490400
LDC_N60,216000,34797,Face-Based,CPU,NeoN,1,gpu-nvidia-h200,1490400
LDC_N60,216000,34575,Face-Based,CPU,NeoN,1,gpu-nvidia-h200,1490400
LDC_N60,216000,16141,Fused Face-Based,CPU,NeoN,2,gpu-nvidia-h200,1490400
LDC_N60,216000,16085,Fused Face-Based,CPU,NeoN,2,gpu-nvidia-h200,1490400
LDC_N60,216000,15988,Fused Face-Based,CPU,NeoN,2,gpu-nvidia-h200,1490400
LDC_N60,216000,3889,Fused Cell-Based,CPU,NeoN,2,gpu-nvidia-h200,1490400
LDC_N60,216000,3885,Fused Cell-Based,CPU,NeoN,2,gpu-nvidia-h200,1490400
LDC_N60,216000,3819,Fused Cell-Based,CPU,NeoN,2,gpu-nvidia-h200,1490400
LDC_N60,216000,26602,Face-Based,CPU,NeoN,2,gpu-nvidia-h200,1490400
LDC_N60,216000,26645,Face-Based,CPU,NeoN,2,gpu-nvidia-h200,1490400
LDC_N60,216000,26445,Face-Based,CPU,NeoN,2,gpu-nvidia-h200,1490400
LDC_N60,216000,9568,Fused Face-Based,CPU,NeoN,4,gpu-nvidia-h200,1490400
LDC_N60,216000,9169,Fused Face-Based,CPU,NeoN,4,gpu-nvidia-h200,1490400
LDC_N60,216000,9267,Fused Face-Based,CPU,NeoN,4,gpu-nvidia-h200,1490400
LDC_N60,216000,2045,Fused Cell-Based,CPU,NeoN,4,gpu-nvidia-h200,1490400
LDC_N60,216000,2037,Fused Cell-Based,CPU,NeoN,4,gpu-nvidia-h200,1490400
LDC_N60,216000,2017,Fused Cell-Based,CPU,NeoN,4,gpu-nvidia-h200,1490400
LDC_N60,216000,16021,Face-Based,CPU,NeoN,4,gpu-nvidia-h200,1490400
LDC_N60,216000,15893,Face-Based,CPU,NeoN,4,gpu-nvidia-h200,1490400
LDC_N60,216000,16711,Face-Based,CPU,NeoN,4,gpu-nvidia-h200,1490400
LDC_N60,216000,4973,Fused Face-Based,CPU,NeoN,8,gpu-nvidia-h200,1490400
LDC_N60,216000,5235,Fused Face-Based,CPU,NeoN,8,gpu-nvidia-h200,1490400
LDC_N60,216000,4996,Fused Face-Based,CPU,NeoN,8,gpu-nvidia-h200,1490400
LDC_N60,216000,782,Fused Cell-Based,CPU,NeoN,8,gpu-nvidia-h200,1490400
LDC_N60,216000,748,Fused Cell-Based,CPU,NeoN,8,gpu-nvidia-h200,1490400
LDC_N60,216000,729,Fused Cell-Based,CPU,NeoN,8,gpu-nvidia-h200,1490400
LDC_N60,216000,8736,Face-Based,CPU,NeoN,8,gpu-nvidia-h200,1490400
LDC_N60,216000,8722,Face-Based,CPU,NeoN,8,gpu-nvidia-h200,1490400
LDC_N60,216000,8773,Face-Based,CPU,NeoN,8,gpu-nvidia-h200,1490400
LDC_N60,216000,3818,Fused Face-Based,CPU,NeoN,16,gpu-nvidia-h200,1490400
LDC_N60,216000,2785,Fused Face-Based,CPU,NeoN,16,gpu-nvidia-h200,1490400
LDC_N60,216000,2825,Fused Face-Based,CPU,NeoN,16,gpu-nvidia-h200,1490400
LDC_N60,216000,481,Fused Cell-Based,CPU,NeoN,16,gpu-nvidia-h200,1490400
LDC_N60,216000,463,Fused Cell-Based,CPU,NeoN,16,gpu-nvidia-h200,1490400
LDC_N60,216000,448,Fused Cell-Based,CPU,NeoN,16,gpu-nvidia-h200,1490400
LDC_N60,216000,5474,Face-Based,CPU,NeoN,16,gpu-nvidia-h200,1490400
LDC_N60,216000,4996,Face-Based,CPU,NeoN,16,gpu-nvidia-h200,1490400
LDC_N60,216000,5521,Face-Based,CPU,NeoN,16,gpu-nvidia-h200,1490400
LDC_N60,216000,1778,Fused Face-Based,CPU,NeoN,32,gpu-nvidia-h200,1490400
LDC_N60,216000,1759,Fused Face-Based,CPU,NeoN,32,gpu-nvidia-h200,1490400
LDC_N60,216000,1755,Fused Face-Based,CPU,NeoN,32,gpu-nvidia-h200,1490400
LDC_N60,216000,338,Fused Cell-Based,CPU,NeoN,32,gpu-nvidia-h200,1490400
LDC_N60,216000,324,Fused Cell-Based,CPU,NeoN,32,gpu-nvidia-h200,1490400
LDC_N60,216000,297,Fused Cell-Based,CPU,NeoN,32,gpu-nvidia-h200,1490400
LDC_N60,216000,3078,Face-Based,CPU,NeoN,32,gpu-nvidia-h200,1490400
LDC_N60,216000,3281,Face-Based,CPU,NeoN,32,gpu-nvidia-h200,1490400
LDC_N60,216000,3142,Face-Based,CPU,NeoN,32,gpu-nvidia-h200,1490400
LDC_N60,216000,1035,Fused Face-Based,CPU,NeoN,64,gpu-nvidia-h200,1490400
LDC_N60,216000,1073,Fused Face-Based,CPU,NeoN,64,gpu-nvidia-h200,1490400
LDC_N60,216000,1020,Fused Face-Based,CPU,NeoN,64,gpu-nvidia-h200,1490400
LDC_N60,216000,388,Fused Cell-Based,CPU,NeoN,64,gpu-nvidia-h200,1490400
LDC_N60,216000,336,Fused Cell-Based,CPU,NeoN,64,gpu-nvidia-h200,1490400
LDC_N60,216000,281,Fused Cell-Based,CPU,NeoN,64,gpu-nvidia-h200,1490400
LDC_N60,216000,2334,Face-Based,CPU,NeoN,64,gpu-nvidia-h200,1490400
LDC_N60,216000,2415,Face-Based,CPU,NeoN,64,gpu-nvidia-h200,1490400
LDC_N60,216000,2250,Face-Based,CPU,NeoN,64,gpu-nvidia-h200,1490400
LDC_N60,216000,1179,Fused Face-Based,CPU,NeoN,128,gpu-nvidia-h200,1490400
LDC_N60,216000,1181,Fused Face-Based,CPU,NeoN,128,gpu-nvidia-h200,1490400
LDC_N60,216000,1170,Fused Face-Based,CPU,NeoN,128,gpu-nvidia-h200,1490400
LDC_N60,216000,667,Fused Cell-Based,CPU,NeoN,128,gpu-nvidia-h200,1490400
LDC_N60,216000,648,Fused Cell-Based,CPU,NeoN,128,gpu-nvidia-h200,1490400
LDC_N60,216000,509,Fused Cell-Based,CPU,NeoN,128,gpu-nvidia-h200,1490400
LDC_N60,216000,2103,Face-Based,CPU,NeoN,128,gpu-nvidia-h200,1490400
LDC_N60,216000,2817,Face-Based,CPU,NeoN,128,gpu-nvidia-h200,1490400
LDC_N60,216000,2074,Face-Based,CPU,NeoN,128,gpu-nvidia-h200,1490400
LDC_N70,343000,33497,Fused Face-Based,CPU,NeoN,1,gpu-nvidia-h200,2371600
LDC_N70,343000,33395,Fused Face-Based,CPU,NeoN,1,gpu-nvidia-h200,2371600
LDC_N70,343000,33410,Fused Face-Based,CPU,NeoN,1,gpu-nvidia-h200,2371600
LDC_N70,343000,10059,Fused Cell-Based,CPU,NeoN,1,gpu-nvidia-h200,2371600
LDC_N70,343000,10106,Fused Cell-Based,CPU,NeoN,1,gpu-nvidia-h200,2371600
LDC_N70,343000,10047,Fused Cell-Based,CPU,NeoN,1,gpu-nvidia-h200,2371600
LDC_N70,343000,54655,Face-Based,CPU,NeoN,1,gpu-nvidia-h200,2371600
LDC_N70,343000,54984,Face-Based,CPU,NeoN,1,gpu-nvidia-h200,2371600
LDC_N70,343000,55842,Face-Based,CPU,NeoN,1,gpu-nvidia-h200,2371600
LDC_N70,343000,26396,Fused Face-Based,CPU,NeoN,2,gpu-nvidia-h200,2371600
LDC_N70,343000,26137,Fused Face-Based,CPU,NeoN,2,gpu-nvidia-h200,2371600
LDC_N70,343000,26534,Fused Face-Based,CPU,NeoN,2,gpu-nvidia-h200,2371600
LDC_N70,343000,5643,Fused Cell-Based,CPU,NeoN,2,gpu-nvidia-h200,2371600
LDC_N70,343000,5779,Fused Cell-Based,CPU,NeoN,2,gpu-nvidia-h200,2371600
LDC_N70,343000,5764,Fused Cell-Based,CPU,NeoN,2,gpu-nvidia-h200,2371600
LDC_N70,343000,44511,Face-Based,CPU,NeoN,2,gpu-nvidia-h200,2371600
LDC_N70,343000,44330,Face-Based,CPU,NeoN,2,gpu-nvidia-h200,2371600
LDC_N70,343000,43685,Face-Based,CPU,NeoN,2,gpu-nvidia-h200,2371600
LDC_N70,343000,15522,Fused Face-Based,CPU,NeoN,4,gpu-nvidia-h200,2371600
LDC_N70,343000,15119,Fused Face-Based,CPU,NeoN,4,gpu-nvidia-h200,2371600
LDC_N70,343000,15026,Fused Face-Based,CPU,NeoN,4,gpu-nvidia-h200,2371600
LDC_N70,343000,3373,Fused Cell-Based,CPU,NeoN,4,gpu-nvidia-h200,2371600
LDC_N70,343000,3306,Fused Cell-Based,CPU,NeoN,4,gpu-nvidia-h200,2371600
LDC_N70,343000,3592,Fused Cell-Based,CPU,NeoN,4,gpu-nvidia-h200,2371600
LDC_N70,343000,24803,Face-Based,CPU,NeoN,4,gpu-nvidia-h200,2371600
LDC_N70,343000,25910,Face-Based,CPU,NeoN,4,gpu-nvidia-h200,2371600
LDC_N70,343000,25665,Face-Based,CPU,NeoN,4,gpu-nvidia-h200,2371600
LDC_N70,343000,7655,Fused Face-Based,CPU,NeoN,8,gpu-nvidia-h200,2371600
LDC_N70,343000,7664,Fused Face-Based,CPU,NeoN,8,gpu-nvidia-h200,2371600
LDC_N70,343000,7212,Fused Face-Based,CPU,NeoN,8,gpu-nvidia-h200,2371600
LDC_N70,343000,1682,Fused Cell-Based,CPU,NeoN,8,gpu-nvidia-h200,2371600
LDC_N70,343000,1502,Fused Cell-Based,CPU,NeoN,8,gpu-nvidia-h200,2371600
LDC_N70,343000,1497,Fused Cell-Based,CPU,NeoN,8,gpu-nvidia-h200,2371600
LDC_N70,343000,13974,Face-Based,CPU,NeoN,8,gpu-nvidia-h200,2371600
LDC_N70,343000,18217,Face-Based,CPU,NeoN,8,gpu-nvidia-h200,2371600
LDC_N70,343000,13247,Face-Based,CPU,NeoN,8,gpu-nvidia-h200,2371600
LDC_N70,343000,4426,Fused Face-Based,CPU,NeoN,16,gpu-nvidia-h200,2371600
LDC_N70,343000,4536,Fused Face-Based,CPU,NeoN,16,gpu-nvidia-h200,2371600
LDC_N70,343000,4109,Fused Face-Based,CPU,NeoN,16,gpu-nvidia-h200,2371600
LDC_N70,343000,1035,Fused Cell-Based,CPU,NeoN,16,gpu-nvidia-h200,2371600
LDC_N70,343000,922,Fused Cell-Based,CPU,NeoN,16,gpu-nvidia-h200,2371600
LDC_N70,343000,863,Fused Cell-Based,CPU,NeoN,16,gpu-nvidia-h200,2371600
LDC_N70,343000,8101,Face-Based,CPU,NeoN,16,gpu-nvidia-h200,2371600
LDC_N70,343000,8567,Face-Based,CPU,NeoN,16,gpu-nvidia-h200,2371600
LDC_N70,343000,8280,Face-Based,CPU,NeoN,16,gpu-nvidia-h200,2371600
LDC_N70,343000,2664,Fused Face-Based,CPU,NeoN,32,gpu-nvidia-h200,2371600
LDC_N70,343000,2693,Fused Face-Based,CPU,NeoN,32,gpu-nvidia-h200,2371600
LDC_N70,343000,2650,Fused Face-Based,CPU,NeoN,32,gpu-nvidia-h200,2371600
LDC_N70,343000,728,Fused Cell-Based,CPU,NeoN,32,gpu-nvidia-h200,2371600
LDC_N70,343000,712,Fused Cell-Based,CPU,NeoN,32,gpu-nvidia-h200,2371600
LDC_N70,343000,580,Fused Cell-Based,CPU,NeoN,32,gpu-nvidia-h200,2371600
LDC_N70,343000,5192,Face-Based,CPU,NeoN,32,gpu-nvidia-h200,2371600
LDC_N70,343000,5193,Face-Based,CPU,NeoN,32,gpu-nvidia-h200,2371600
LDC_N70,343000,4749,Face-Based,CPU,NeoN,32,gpu-nvidia-h200,2371600
LDC_N70,343000,1581,Fused Face-Based,CPU,NeoN,64,gpu-nvidia-h200,2371600
LDC_N70,343000,1496,Fused Face-Based,CPU,NeoN,64,gpu-nvidia-h200,2371600
LDC_N70,343000,1563,Fused Face-Based,CPU,NeoN,64,gpu-nvidia-h200,2371600
LDC_N70,343000,787,Fused Cell-Based,CPU,NeoN,64,gpu-nvidia-h200,2371600
LDC_N70,343000,687,Fused Cell-Based,CPU,NeoN,64,gpu-nvidia-h200,2371600
LDC_N70,343000,523,Fused Cell-Based,CPU,NeoN,64,gpu-nvidia-h200,2371600
LDC_N70,343000,3326,Face-Based,CPU,NeoN,64,gpu-nvidia-h200,2371600
LDC_N70,343000,3877,Face-Based,CPU,NeoN,64,gpu-nvidia-h200,2371600
LDC_N70,343000,3368,Face-Based,CPU,NeoN,64,gpu-nvidia-h200,2371600
LDC_N70,343000,1702,Fused Face-Based,CPU,NeoN,128,gpu-nvidia-h200,2371600
LDC_N70,343000,1661,Fused Face-Based,CPU,NeoN,128,gpu-nvidia-h200,2371600
LDC_N70,343000,1616,Fused Face-Based,CPU,NeoN,128,gpu-nvidia-h200,2371600
LDC_N70,343000,1079,Fused Cell-Based,CPU,NeoN,128,gpu-nvidia-h200,2371600
LDC_N70,343000,996,Fused Cell-Based,CPU,NeoN,128,gpu-nvidia-h200,2371600
LDC_N70,343000,937,Fused Cell-Based,CPU,NeoN,128,gpu-nvidia-h200,2371600
LDC_N70,343000,3079,Face-Based,CPU,NeoN,128,gpu-nvidia-h200,2371600
LDC_N70,343000,3824,Face-Based,CPU,NeoN,128,gpu-nvidia-h200,2371600
LDC_N70,343000,3809,Face-Based,CPU,NeoN,128,gpu-nvidia-h200,2371600
LDC_N80,512000,51733,Fused Face-Based,CPU,NeoN,1,gpu-nvidia-h200,3545600
LDC_N80,512000,49652,Fused Face-Based,CPU,NeoN,1,gpu-nvidia-h200,3545600
LDC_N80,512000,49655,Fused Face-Based,CPU,NeoN,1,gpu-nvidia-h200,3545600
LDC_N80,512000,14673,Fused Cell-Based,CPU,NeoN,1,gpu-nvidia-h200,3545600
LDC_N80,512000,15061,Fused Cell-Based,CPU,NeoN,1,gpu-nvidia-h200,3545600
LDC_N80,512000,15019,Fused Cell-Based,CPU,NeoN,1,gpu-nvidia-h200,3545600
LDC_N80,512000,81416,Face-Based,CPU,NeoN,1,gpu-nvidia-h200,3545600
LDC_N80,512000,82000,Face-Based,CPU,NeoN,1,gpu-nvidia-h200,3545600
LDC_N80,512000,81469,Face-Based,CPU,NeoN,1,gpu-nvidia-h200,3545600
LDC_N80,512000,37247,Fused Face-Based,CPU,NeoN,2,gpu-nvidia-h200,3545600
LDC_N80,512000,37135,Fused Face-Based,CPU,NeoN,2,gpu-nvidia-h200,3545600
LDC_N80,512000,37164,Fused Face-Based,CPU,NeoN,2,gpu-nvidia-h200,3545600
LDC_N80,512000,7616,Fused Cell-Based,CPU,NeoN,2,gpu-nvidia-h200,3545600
LDC_N80,512000,7771,Fused Cell-Based,CPU,NeoN,2,gpu-nvidia-h200,3545600
LDC_N80,512000,7634,Fused Cell-Based,CPU,NeoN,2,gpu-nvidia-h200,3545600
LDC_N80,512000,62260,Face-Based,CPU,NeoN,2,gpu-nvidia-h200,3545600
LDC_N80,512000,62773,Face-Based,CPU,NeoN,2,gpu-nvidia-h200,3545600
LDC_N80,512000,62282,Face-Based,CPU,NeoN,2,gpu-nvidia-h200,3545600
LDC_N80,512000,20674,Fused Face-Based,CPU,NeoN,4,gpu-nvidia-h200,3545600
LDC_N80,512000,20821,Fused Face-Based,CPU,NeoN,4,gpu-nvidia-h200,3545600
LDC_N80,512000,20842,Fused Face-Based,CPU,NeoN,4,gpu-nvidia-h200,3545600
LDC_N80,512000,4531,Fused Cell-Based,CPU,NeoN,4,gpu-nvidia-h200,3545600
LDC_N80,512000,4498,Fused Cell-Based,CPU,NeoN,4,gpu-nvidia-h200,3545600
LDC_N80,512000,4610,Fused Cell-Based,CPU,NeoN,4,gpu-nvidia-h200,3545600
LDC_N80,512000,35254,Face-Based,CPU,NeoN,4,gpu-nvidia-h200,3545600
LDC_N80,512000,35420,Face-Based,CPU,NeoN,4,gpu-nvidia-h200,3545600
LDC_N80,512000,34931,Face-Based,CPU,NeoN,4,gpu-nvidia-h200,3545600
LDC_N80,512000,12447,Fused Face-Based,CPU,NeoN,8,gpu-nvidia-h200,3545600
LDC_N80,512000,11955,Fused Face-Based,CPU,NeoN,8,gpu-nvidia-h200,3545600
LDC_N80,512000,12939,Fused Face-Based,CPU,NeoN,8,gpu-nvidia-h200,3545600
LDC_N80,512000,2715,Fused Cell-Based,CPU,NeoN,8,gpu-nvidia-h200,3545600
LDC_N80,512000,2776,Fused Cell-Based,CPU,NeoN,8,gpu-nvidia-h200,3545600
LDC_N80,512000,2703,Fused Cell-Based,CPU,NeoN,8,gpu-nvidia-h200,3545600
LDC_N80,512000,20948,Face-Based,CPU,NeoN,8,gpu-nvidia-h200,3545600
LDC_N80,512000,20253,Face-Based,CPU,NeoN,8,gpu-nvidia-h200,3545600
LDC_N80,512000,20131,Face-Based,CPU,NeoN,8,gpu-nvidia-h200,3545600
LDC_N80,512000,6886,Fused Face-Based,CPU,NeoN,16,gpu-nvidia-h200,3545600
LDC_N80,512000,7250,Fused Face-Based,CPU,NeoN,16,gpu-nvidia-h200,3545600
LDC_N80,512000,7051,Fused Face-Based,CPU,NeoN,16,gpu-nvidia-h200,3545600
LDC_N80,512000,1669,Fused Cell-Based,CPU,NeoN,16,gpu-nvidia-h200,3545600
LDC_N80,512000,1708,Fused Cell-Based,CPU,NeoN,16,gpu-nvidia-h200,3545600
LDC_N80,512000,1766,Fused Cell-Based,CPU,NeoN,16,gpu-nvidia-h200,3545600
LDC_N80,512000,11338,Face-Based,CPU,NeoN,16,gpu-nvidia-h200,3545600
LDC_N80,512000,12376,Face-Based,CPU,NeoN,16,gpu-nvidia-h200,3545600
LDC_N80,512000,12592,Face-Based,CPU,NeoN,16,gpu-nvidia-h200,3545600
LDC_N80,512000,4042,Fused Face-Based,CPU,NeoN,32,gpu-nvidia-h200,3545600
LDC_N80,512000,4193,Fused Face-Based,CPU,NeoN,32,gpu-nvidia-h200,3545600
LDC_N80,512000,4307,Fused Face-Based,CPU,NeoN,32,gpu-nvidia-h200,3545600
LDC_N80,512000,1374,Fused Cell-Based,CPU,NeoN,32,gpu-nvidia-h200,3545600
LDC_N80,512000,1344,Fused Cell-Based,CPU,NeoN,32,gpu-nvidia-h200,3545600
LDC_N80,512000,1236,Fused Cell-Based,CPU,NeoN,32,gpu-nvidia-h200,3545600
LDC_N80,512000,7114,Face-Based,CPU,NeoN,32,gpu-nvidia-h200,3545600
LDC_N80,512000,7513,Face-Based,CPU,NeoN,32,gpu-nvidia-h200,3545600
LDC_N80,512000,6925,Face-Based,CPU,NeoN,32,gpu-nvidia-h200,3545600
LDC_N80,512000,2403,Fused Face-Based,CPU,NeoN,64,gpu-nvidia-h200,3545600
LDC_N80,512000,2488,Fused Face-Based,CPU,NeoN,64,gpu-nvidia-h200,3545600
LDC_N80,512000,2390,Fused Face-Based,CPU,NeoN,64,gpu-nvidia-h200,3545600
LDC_N80,512000,1316,Fused Cell-Based,CPU,NeoN,64,gpu-nvidia-h200,3545600
LDC_N80,512000,1313,Fused Cell-Based,CPU,NeoN,64,gpu-nvidia-h200,3545600
LDC_N80,512000,1268,Fused Cell-Based,CPU,NeoN,64,gpu-nvidia-h200,3545600
LDC_N80,512000,5537,Face-Based,CPU,NeoN,64,gpu-nvidia-h200,3545600
LDC_N80,512000,5531,Face-Based,CPU,NeoN,64,gpu-nvidia-h200,3545600
LDC_N80,512000,5348,Face-Based,CPU,NeoN,64,gpu-nvidia-h200,3545600
LDC_N80,512000,2521,Fused Face-Based,CPU,NeoN,128,gpu-nvidia-h200,3545600
LDC_N80,512000,2250,Fused Face-Based,CPU,NeoN,128,gpu-nvidia-h200,3545600
LDC_N80,512000,2305,Fused Face-Based,CPU,NeoN,128,gpu-nvidia-h200,3545600
LDC_N80,512000,1653,Fused Cell-Based,CPU,NeoN,128,gpu-nvidia-h200,3545600
LDC_N80,512000,1527,Fused Cell-Based,CPU,NeoN,128,gpu-nvidia-h200,3545600
LDC_N80,512000,1467,Fused Cell-Based,CPU,NeoN,128,gpu-nvidia-h200,3545600
LDC_N80,512000,4136,Face-Based,CPU,NeoN,128,gpu-nvidia-h200,3545600
LDC_N80,512000,5368,Face-Based,CPU,NeoN,128,gpu-nvidia-h200,3545600
LDC_N80,512000,5394,Face-Based,CPU,NeoN,128,gpu-nvidia-h200,3545600
LDC_N90,729000,70938,Fused Face-Based,CPU,NeoN,1,gpu-nvidia-h200,5054400
LDC_N90,729000,70963,Fused Face-Based,CPU,NeoN,1,gpu-nvidia-h200,5054400
LDC_N90,729000,70711,Fused Face-Based,CPU,NeoN,1,gpu-nvidia-h200,5054400
LDC_N90,729000,21804,Fused Cell-Based,CPU,NeoN,1,gpu-nvidia-h200,5054400
LDC_N90,729000,21416,Fused Cell-Based,CPU,NeoN,1,gpu-nvidia-h200,5054400
LDC_N90,729000,21387,Fused Cell-Based,CPU,NeoN,1,gpu-nvidia-h200,5054400
LDC_N90,729000,116104,Face-Based,CPU,NeoN,1,gpu-nvidia-h200,5054400
LDC_N90,729000,116509,Face-Based,CPU,NeoN,1,gpu-nvidia-h200,5054400
LDC_N90,729000,116320,Face-Based,CPU,NeoN,1,gpu-nvidia-h200,5054400
LDC_N90,729000,55342,Fused Face-Based,CPU,NeoN,2,gpu-nvidia-h200,5054400
LDC_N90,729000,54896,Fused Face-Based,CPU,NeoN,2,gpu-nvidia-h200,5054400
LDC_N90,729000,54732,Fused Face-Based,CPU,NeoN,2,gpu-nvidia-h200,5054400
LDC_N90,729000,11026,Fused Cell-Based,CPU,NeoN,2,gpu-nvidia-h200,5054400
LDC_N90,729000,10961,Fused Cell-Based,CPU,NeoN,2,gpu-nvidia-h200,5054400
LDC_N90,729000,10951,Fused Cell-Based,CPU,NeoN,2,gpu-nvidia-h200,5054400
LDC_N90,729000,92251,Face-Based,CPU,NeoN,2,gpu-nvidia-h200,5054400
LDC_N90,729000,93265,Face-Based,CPU,NeoN,2,gpu-nvidia-h200,5054400
LDC_N90,729000,92682,Face-Based,CPU,NeoN,2,gpu-nvidia-h200,5054400
LDC_N90,729000,31843,Fused Face-Based,CPU,NeoN,4,gpu-nvidia-h200,5054400
LDC_N90,729000,31080,Fused Face-Based,CPU,NeoN,4,gpu-nvidia-h200,5054400
LDC_N90,729000,30809,Fused Face-Based,CPU,NeoN,4,gpu-nvidia-h200,5054400
LDC_N90,729000,6539,Fused Cell-Based,CPU,NeoN,4,gpu-nvidia-h200,5054400
LDC_N90,729000,6695,Fused Cell-Based,CPU,NeoN,4,gpu-nvidia-h200,5054400
LDC_N90,729000,6460,Fused Cell-Based,CPU,NeoN,4,gpu-nvidia-h200,5054400
LDC_N90,729000,52049,Face-Based,CPU,NeoN,4,gpu-nvidia-h200,5054400
LDC_N90,729000,55415,Face-Based,CPU,NeoN,4,gpu-nvidia-h200,5054400
LDC_N90,729000,53666,Face-Based,CPU,NeoN,4,gpu-nvidia-h200,5054400
LDC_N90,729000,16886,Fused Face-Based,CPU,NeoN,8,gpu-nvidia-h200,5054400
LDC_N90,729000,17099,Fused Face-Based,CPU,NeoN,8,gpu-nvidia-h200,5054400
LDC_N90,729000,17668,Fused Face-Based,CPU,NeoN,8,gpu-nvidia-h200,5054400
LDC_N90,729000,3959,Fused Cell-Based,CPU,NeoN,8,gpu-nvidia-h200,5054400
LDC_N90,729000,3889,Fused Cell-Based,CPU,NeoN,8,gpu-nvidia-h200,5054400
LDC_N90,729000,4139,Fused Cell-Based,CPU,NeoN,8,gpu-nvidia-h200,5054400
LDC_N90,729000,32797,Face-Based,CPU,NeoN,8,gpu-nvidia-h200,5054400
LDC_N90,729000,30257,Face-Based,CPU,NeoN,8,gpu-nvidia-h200,5054400
LDC_N90,729000,30080,Face-Based,CPU,NeoN,8,gpu-nvidia-h200,5054400
LDC_N90,729000,10364,Fused Face-Based,CPU,NeoN,16,gpu-nvidia-h200,5054400
LDC_N90,729000,10627,Fused Face-Based,CPU,NeoN,16,gpu-nvidia-h200,5054400
LDC_N90,729000,10145,Fused Face-Based,CPU,NeoN,16,gpu-nvidia-h200,5054400
LDC_N90,729000,2655,Fused Cell-Based,CPU,NeoN,16,gpu-nvidia-h200,5054400
LDC_N90,729000,2708,Fused Cell-Based,CPU,NeoN,16,gpu-nvidia-h200,5054400
LDC_N90,729000,2657,Fused Cell-Based,CPU,NeoN,16,gpu-nvidia-h200,5054400
LDC_N90,729000,20181,Face-Based,CPU,NeoN,16,gpu-nvidia-h200,5054400
LDC_N90,729000,17829,Face-Based,CPU,NeoN,16,gpu-nvidia-h200,5054400
LDC_N90,729000,17449,Face-Based,CPU,NeoN,16,gpu-nvidia-h200,5054400
LDC_N90,729000,6642,Fused Face-Based,CPU,NeoN,32,gpu-nvidia-h200,5054400
LDC_N90,729000,5601,Fused Face-Based,CPU,NeoN,32,gpu-nvidia-h200,5054400
LDC_N90,729000,6098,Fused Face-Based,CPU,NeoN,32,gpu-nvidia-h200,5054400
LDC_N90,729000,2158,Fused Cell-Based,CPU,NeoN,32,gpu-nvidia-h200,5054400
LDC_N90,729000,2130,Fused Cell-Based,CPU,NeoN,32,gpu-nvidia-h200,5054400
LDC_N90,729000,2166,Fused Cell-Based,CPU,NeoN,32,gpu-nvidia-h200,5054400
LDC_N90,729000,10746,Face-Based,CPU,NeoN,32,gpu-nvidia-h200,5054400
LDC_N90,729000,10453,Face-Based,CPU,NeoN,32,gpu-nvidia-h200,5054400
LDC_N90,729000,11005,Face-Based,CPU,NeoN,32,gpu-nvidia-h200,5054400
LDC_N90,729000,3843,Fused Face-Based,CPU,NeoN,64,gpu-nvidia-h200,5054400
LDC_N90,729000,3875,Fused Face-Based,CPU,NeoN,64,gpu-nvidia-h200,5054400
LDC_N90,729000,3940,Fused Face-Based,CPU,NeoN,64,gpu-nvidia-h200,5054400
LDC_N90,729000,2365,Fused Cell-Based,CPU,NeoN,64,gpu-nvidia-h200,5054400
LDC_N90,729000,2260,Fused Cell-Based,CPU,NeoN,64,gpu-nvidia-h200,5054400
LDC_N90,729000,2232,Fused Cell-Based,CPU,NeoN,64,gpu-nvidia-h200,5054400
LDC_N90,729000,7020,Face-Based,CPU,NeoN,64,gpu-nvidia-h200,5054400
LDC_N90,729000,7742,Face-Based,CPU,NeoN,64,gpu-nvidia-h200,5054400
LDC_N90,729000,7686,Face-Based,CPU,NeoN,64,gpu-nvidia-h200,5054400
LDC_N90,729000,3342,Fused Face-Based,CPU,NeoN,128,gpu-nvidia-h200,5054400
LDC_N90,729000,3037,Fused Face-Based,CPU,NeoN,128,gpu-nvidia-h200,5054400
LDC_N90,729000,3069,Fused Face-Based,CPU,NeoN,128,gpu-nvidia-h200,5054400
LDC_N90,729000,2257,Fused Cell-Based,CPU,NeoN,128,gpu-nvidia-h200,5054400
LDC_N90,729000,2204,Fused Cell-Based,CPU,NeoN,128,gpu-nvidia-h200,5054400
LDC_N90,729000,1894,Fused Cell-Based,CPU,NeoN,128,gpu-nvidia-h200,5054400
LDC_N90,729000,5593,Face-Based,CPU,NeoN,128,gpu-nvidia-h200,5054400
LDC_N90,729000,6816,Face-Based,CPU,NeoN,128,gpu-nvidia-h200,5054400
LDC_N90,729000,5442,Face-Based,CPU,NeoN,128,gpu-nvidia-h200,5054400
LDC_N100,1000000,96280,Fused Face-Based,CPU,NeoN,1,gpu-nvidia-h200,6940000
LDC_N100,1000000,96664,Fused Face-Based,CPU,NeoN,1,gpu-nvidia-h200,6940000
LDC_N100,1000000,96751,Fused Face-Based,CPU,NeoN,1,gpu-nvidia-h200,6940000
LDC_N100,1000000,29066,Fused Cell-Based,CPU,NeoN,1,gpu-nvidia-h200,6940000
LDC_N100,1000000,29226,Fused Cell-Based,CPU,NeoN,1,gpu-nvidia-h200,6940000
LDC_N100,1000000,29192,Fused Cell-Based,CPU,NeoN,1,gpu-nvidia-h200,6940000
LDC_N100,1000000,159050,Face-Based,CPU,NeoN,1,gpu-nvidia-h200,6940000
LDC_N100,1000000,159718,Face-Based,CPU,NeoN,1,gpu-nvidia-h200,6940000
LDC_N100,1000000,160007,Face-Based,CPU,NeoN,1,gpu-nvidia-h200,6940000
LDC_N100,1000000,79065,Fused Face-Based,CPU,NeoN,2,gpu-nvidia-h200,6940000
LDC_N100,1000000,78457,Fused Face-Based,CPU,NeoN,2,gpu-nvidia-h200,6940000
LDC_N100,1000000,77939,Fused Face-Based,CPU,NeoN,2,gpu-nvidia-h200,6940000
LDC_N100,1000000,14237,Fused Cell-Based,CPU,NeoN,2,gpu-nvidia-h200,6940000
LDC_N100,1000000,14132,Fused Cell-Based,CPU,NeoN,2,gpu-nvidia-h200,6940000
LDC_N100,1000000,13969,Fused Cell-Based,CPU,NeoN,2,gpu-nvidia-h200,6940000
LDC_N100,1000000,129978,Face-Based,CPU,NeoN,2,gpu-nvidia-h200,6940000
LDC_N100,1000000,128955,Face-Based,CPU,NeoN,2,gpu-nvidia-h200,6940000
LDC_N100,1000000,130149,Face-Based,CPU,NeoN,2,gpu-nvidia-h200,6940000
LDC_N100,1000000,45975,Fused Face-Based,CPU,NeoN,4,gpu-nvidia-h200,6940000
LDC_N100,1000000,42922,Fused Face-Based,CPU,NeoN,4,gpu-nvidia-h200,6940000
LDC_N100,1000000,47505,Fused Face-Based,CPU,NeoN,4,gpu-nvidia-h200,6940000
LDC_N100,1000000,8363,Fused Cell-Based,CPU,NeoN,4,gpu-nvidia-h200,6940000
LDC_N100,1000000,8421,Fused Cell-Based,CPU,NeoN,4,gpu-nvidia-h200,6940000
LDC_N100,1000000,8397,Fused Cell-Based,CPU,NeoN,4,gpu-nvidia-h200,6940000
LDC_N100,1000000,73168,Face-Based,CPU,NeoN,4,gpu-nvidia-h200,6940000
LDC_N100,1000000,72129,Face-Based,CPU,NeoN,4,gpu-nvidia-h200,6940000
LDC_N100,1000000,73761,Face-Based,CPU,NeoN,4,gpu-nvidia-h200,6940000
LDC_N100,1000000,24166,Fused Face-Based,CPU,NeoN,8,gpu-nvidia-h200,6940000
LDC_N100,1000000,24764,Fused Face-Based,CPU,NeoN,8,gpu-nvidia-h200,6940000
LDC_N100,1000000,24465,Fused Face-Based,CPU,NeoN,8,gpu-nvidia-h200,6940000
LDC_N100,1000000,5410,Fused Cell-Based,CPU,NeoN,8,gpu-nvidia-h200,6940000
LDC_N100,1000000,5421,Fused Cell-Based,CPU,NeoN,8,gpu-nvidia-h200,6940000
LDC_N100,1000000,5454,Fused Cell-Based,CPU,NeoN,8,gpu-nvidia-h200,6940000
LDC_N100,1000000,41134,Face-Based,CPU,NeoN,8,gpu-nvidia-h200,6940000
LDC_N100,1000000,43348,Face-Based,CPU,NeoN,8,gpu-nvidia-h200,6940000
LDC_N100,1000000,41430,Face-Based,CPU,NeoN,8,gpu-nvidia-h200,6940000
LDC_N100,1000000,14483,Fused Face-Based,CPU,NeoN,16,gpu-nvidia-h200,6940000
LDC_N100,1000000,13589,Fused Face-Based,CPU,NeoN,16,gpu-nvidia-h200,6940000
LDC_N100,1000000,14649,Fused Face-Based,CPU,NeoN,16,gpu-nvidia-h200,6940000
LDC_N100,1000000,3760,Fused Cell-Based,CPU,NeoN,16,gpu-nvidia-h200,6940000
LDC_N100,1000000,3811,Fused Cell-Based,CPU,NeoN,16,gpu-nvidia-h200,6940000
LDC_N100,1000000,3817,Fused Cell-Based,CPU,NeoN,16,gpu-nvidia-h200,6940000
LDC_N100,1000000,22903,Face-Based,CPU,NeoN,16,gpu-nvidia-h200,6940000
LDC_N100,1000000,24721,Face-Based,CPU,NeoN,16,gpu-nvidia-h200,6940000
LDC_N100,1000000,24260,Face-Based,CPU,NeoN,16,gpu-nvidia-h200,6940000
LDC_N100,1000000,7661,Fused Face-Based,CPU,NeoN,32,gpu-nvidia-h200,6940000
LDC_N100,1000000,7837,Fused Face-Based,CPU,NeoN,32,gpu-nvidia-h200,6940000
LDC_N100,1000000,6922,Fused Face-Based,CPU,NeoN,32,gpu-nvidia-h200,6940000
LDC_N100,1000000,3155,Fused Cell-Based,CPU,NeoN,32,gpu-nvidia-h200,6940000
LDC_N100,1000000,3090,Fused Cell-Based,CPU,NeoN,32,gpu-nvidia-h200,6940000
LDC_N100,1000000,3085,Fused Cell-Based,CPU,NeoN,32,gpu-nvidia-h200,6940000
LDC_N100,1000000,13241,Face-Based,CPU,NeoN,32,gpu-nvidia-h200,6940000
LDC_N100,1000000,13868,Face-Based,CPU,NeoN,32,gpu-nvidia-h200,6940000
LDC_N100,1000000,14104,Face-Based,CPU,NeoN,32,gpu-nvidia-h200,6940000
LDC_N100,1000000,5678,Fused Face-Based,CPU,NeoN,64,gpu-nvidia-h200,6940000
LDC_N100,1000000,4706,Fused Face-Based,CPU,NeoN,64,gpu-nvidia-h200,6940000
LDC_N100,1000000,4457,Fused Face-Based,CPU,NeoN,64,gpu-nvidia-h200,6940000
LDC_N100,1000000,2858,Fused Cell-Based,CPU,NeoN,64,gpu-nvidia-h200,6940000
LDC_N100,1000000,2856,Fused Cell-Based,CPU,NeoN,64,gpu-nvidia-h200,6940000
LDC_N100,1000000,2844,Fused Cell-Based,CPU,NeoN,64,gpu-nvidia-h200,6940000
LDC_N100,1000000,9314,Face-Based,CPU,NeoN,64,gpu-nvidia-h200,6940000
LDC_N100,1000000,9412,Face-Based,CPU,NeoN,64,gpu-nvidia-h200,6940000
LDC_N100,1000000,9970,Face-Based,CPU,NeoN,64,gpu-nvidia-h200,6940000
LDC_N100,1000000,4562,Fused Face-Based,CPU,NeoN,128,gpu-nvidia-h200,6940000
LDC_N100,1000000,4204,Fused Face-Based,CPU,NeoN,128,gpu-nvidia-h200,6940000
LDC_N100,1000000,4185,Fused Face-Based,CPU,NeoN,128,gpu-nvidia-h200,6940000
LDC_N100,1000000,3058,Fused Cell-Based,CPU,NeoN,128,gpu-nvidia-h200,6940000
LDC_N100,1000000,2926,Fused Cell-Based,CPU,NeoN,128,gpu-nvidia-h200,6940000
LDC_N100,1000000,2918,Fused Cell-Based,CPU,NeoN,128,gpu-nvidia-h200,6940000
LDC_N100,1000000,7738,Face-Based,CPU,NeoN,128,gpu-nvidia-h200,6940000
LDC_N100,1000000,8938,Face-Based,CPU,NeoN,128,gpu-nvidia-h200,6940000
LDC_N100,1000000,8810,Face-Based,CPU,NeoN,128,gpu-nvidia-h200,6940000
LDC_N110,1331000,127444,Fused Face-Based,CPU,NeoN,1,gpu-nvidia-h200,9244400
LDC_N110,1331000,126974,Fused Face-Based,CPU,NeoN,1,gpu-nvidia-h200,9244400
LDC_N110,1331000,126982,Fused Face-Based,CPU,NeoN,1,gpu-nvidia-h200,9244400
LDC_N110,1331000,35453,Fused Cell-Based,CPU,NeoN,1,gpu-nvidia-h200,9244400
LDC_N110,1331000,35387,Fused Cell-Based,CPU,NeoN,1,gpu-nvidia-h200,9244400
LDC_N110,1331000,35278,Fused Cell-Based,CPU,NeoN,1,gpu-nvidia-h200,9244400
LDC_N110,1331000,209805,Face-Based,CPU,NeoN,1,gpu-nvidia-h200,9244400
LDC_N110,1331000,210943,Face-Based,CPU,NeoN,1,gpu-nvidia-h200,9244400
LDC_N110,1331000,211292,Face-Based,CPU,NeoN,1,gpu-nvidia-h200,9244400
LDC_N110,1331000,105188,Fused Face-Based,CPU,NeoN,2,gpu-nvidia-h200,9244400
LDC_N110,1331000,106179,Fused Face-Based,CPU,NeoN,2,gpu-nvidia-h200,9244400
LDC_N110,1331000,105178,Fused Face-Based,CPU,NeoN,2,gpu-nvidia-h200,9244400
LDC_N110,1331000,19210,Fused Cell-Based,CPU,NeoN,2,gpu-nvidia-h200,9244400
LDC_N110,1331000,18885,Fused Cell-Based,CPU,NeoN,2,gpu-nvidia-h200,9244400
LDC_N110,1331000,18823,Fused Cell-Based,CPU,NeoN,2,gpu-nvidia-h200,9244400
LDC_N110,1331000,173270,Face-Based,CPU,NeoN,2,gpu-nvidia-h200,9244400
LDC_N110,1331000,174599,Face-Based,CPU,NeoN,2,gpu-nvidia-h200,9244400
LDC_N110,1331000,173136,Face-Based,CPU,NeoN,2,gpu-nvidia-h200,9244400
LDC_N110,1331000,57702,Fused Face-Based,CPU,NeoN,4,gpu-nvidia-h200,9244400
LDC_N110,1331000,57735,Fused Face-Based,CPU,NeoN,4,gpu-nvidia-h200,9244400
LDC_N110,1331000,64937,Fused Face-Based,CPU,NeoN,4,gpu-nvidia-h200,9244400
LDC_N110,1331000,10852,Fused Cell-Based,CPU,NeoN,4,gpu-nvidia-h200,9244400
LDC_N110,1331000,10825,Fused Cell-Based,CPU,NeoN,4,gpu-nvidia-h200,9244400
LDC_N110,1331000,10804,Fused Cell-Based,CPU,NeoN,4,gpu-nvidia-h200,9244400
LDC_N110,1331000,98218,Face-Based,CPU,NeoN,4,gpu-nvidia-h200,9244400
LDC_N110,1331000,97879,Face-Based,CPU,NeoN,4,gpu-nvidia-h200,9244400
LDC_N110,1331000,97451,Face-Based,CPU,NeoN,4,gpu-nvidia-h200,9244400
LDC_N110,1331000,31572,Fused Face-Based,CPU,NeoN,8,gpu-nvidia-h200,9244400
LDC_N110,1331000,31313,Fused Face-Based,CPU,NeoN,8,gpu-nvidia-h200,9244400
LDC_N110,1331000,31912,Fused Face-Based,CPU,NeoN,8,gpu-nvidia-h200,9244400
LDC_N110,1331000,7386,Fused Cell-Based,CPU,NeoN,8,gpu-nvidia-h200,9244400
LDC_N110,1331000,7306,Fused Cell-Based,CPU,NeoN,8,gpu-nvidia-h200,9244400
LDC_N110,1331000,7350,Fused Cell-Based,CPU,NeoN,8,gpu-nvidia-h200,9244400
LDC_N110,1331000,55625,Face-Based,CPU,NeoN,8,gpu-nvidia-h200,9244400
LDC_N110,1331000,56690,Face-Based,CPU,NeoN,8,gpu-nvidia-h200,9244400
LDC_N110,1331000,54852,Face-Based,CPU,NeoN,8,gpu-nvidia-h200,9244400
LDC_N110,1331000,19990,Fused Face-Based,CPU,NeoN,16,gpu-nvidia-h200,9244400
LDC_N110,1331000,18154,Fused Face-Based,CPU,NeoN,16,gpu-nvidia-h200,9244400
LDC_N110,1331000,19820,Fused Face-Based,CPU,NeoN,16,gpu-nvidia-h200,9244400
LDC_N110,1331000,5078,Fused Cell-Based,CPU,NeoN,16,gpu-nvidia-h200,9244400
LDC_N110,1331000,5114,Fused Cell-Based,CPU,NeoN,16,gpu-nvidia-h200,9244400
LDC_N110,1331000,5206,Fused Cell-Based,CPU,NeoN,16,gpu-nvidia-h200,9244400
LDC_N110,1331000,32771,Face-Based,CPU,NeoN,16,gpu-nvidia-h200,9244400
LDC_N110,1331000,32648,Face-Based,CPU,NeoN,16,gpu-nvidia-h200,9244400
LDC_N110,1331000,33688,Face-Based,CPU,NeoN,16,gpu-nvidia-h200,9244400
LDC_N110,1331000,10006,Fused Face-Based,CPU,NeoN,32,gpu-nvidia-h200,9244400
LDC_N110,1331000,9276,Fused Face-Based,CPU,NeoN,32,gpu-nvidia-h200,9244400
LDC_N110,1331000,9229,Fused Face-Based,CPU,NeoN,32,gpu-nvidia-h200,9244400
LDC_N110,1331000,4392,Fused Cell-Based,CPU,NeoN,32,gpu-nvidia-h200,9244400
LDC_N110,1331000,4361,Fused Cell-Based,CPU,NeoN,32,gpu-nvidia-h200,9244400
LDC_N110,1331000,4385,Fused Cell-Based,CPU,NeoN,32,gpu-nvidia-h200,9244400
LDC_N110,1331000,17526,Face-Based,CPU,NeoN,32,gpu-nvidia-h200,9244400
LDC_N110,1331000,16324,Face-Based,CPU,NeoN,32,gpu-nvidia-h200,9244400
LDC_N110,1331000,18037,Face-Based,CPU,NeoN,32,gpu-nvidia-h200,9244400
LDC_N110,1331000,6304,Fused Face-Based,CPU,NeoN,64,gpu-nvidia-h200,9244400
LDC_N110,1331000,5379,Fused Face-Based,CPU,NeoN,64,gpu-nvidia-h200,9244400
LDC_N110,1331000,5403,Fused Face-Based,CPU,NeoN,64,gpu-nvidia-h200,9244400
LDC_N110,1331000,4135,Fused Cell-Based,CPU,NeoN,64,gpu-nvidia-h200,9244400
LDC_N110,1331000,4117,Fused Cell-Based,CPU,NeoN,64,gpu-nvidia-h200,9244400
LDC_N110,1331000,4127,Fused Cell-Based,CPU,NeoN,64,gpu-nvidia-h200,9244400
LDC_N110,1331000,12629,Face-Based,CPU,NeoN,64,gpu-nvidia-h200,9244400
LDC_N110,1331000,11936,Face-Based,CPU,NeoN,64,gpu-nvidia-h200,9244400
LDC_N110,1331000,10928,Face-Based,CPU,NeoN,64,gpu-nvidia-h200,9244400
LDC_N110,1331000,5837,Fused Face-Based,CPU,NeoN,128,gpu-nvidia-h200,9244400
LDC_N110,1331000,5352,Fused Face-Based,CPU,NeoN,128,gpu-nvidia-h200,9244400
LDC_N110,1331000,5449,Fused Face-Based,CPU,NeoN,128,gpu-nvidia-h200,9244400
LDC_N110,1331000,3919,Fused Cell-Based,CPU,NeoN,128,gpu-nvidia-h200,9244400
LDC_N110,1331000,3960,Fused Cell-Based,CPU,NeoN,128,gpu-nvidia-h200,9244400
LDC_N110,1331000,3936,Fused Cell-Based,CPU,NeoN,128,gpu-nvidia-h200,9244400
LDC_N110,1331000,9697,Face-Based,CPU,NeoN,128,gpu-nvidia-h200,9244400
LDC_N110,1331000,9644,Face-Based,CPU,NeoN,128,gpu-nvidia-h200,9244400
LDC_N110,1331000,9621,Face-Based,CPU,NeoN,128,gpu-nvidia-h200,9244400
LDC_N120,1728000,168456,Fused Face-Based,CPU,NeoN,1,gpu-nvidia-h200,12009600
LDC_N120,1728000,168334,Fused Face-Based,CPU,NeoN,1,gpu-nvidia-h200,12009600
LDC_N120,1728000,168396,Fused Face-Based,CPU,NeoN,1,gpu-nvidia-h200,12009600
LDC_N120,1728000,49265,Fused Cell-Based,CPU,NeoN,1,gpu-nvidia-h200,12009600
LDC_N120,1728000,49505,Fused Cell-Based,CPU,NeoN,1,gpu-nvidia-h200,12009600
LDC_N120,1728000,49659,Fused Cell-Based,CPU,NeoN,1,gpu-nvidia-h200,12009600
LDC_N120,1728000,276495,Face-Based,CPU,NeoN,1,gpu-nvidia-h200,12009600
LDC_N120,1728000,276862,Face-Based,CPU,NeoN,1,gpu-nvidia-h200,12009600
LDC_N120,1728000,276489,Face-Based,CPU,NeoN,1,gpu-nvidia-h200,12009600
LDC_N120,1728000,131831,Fused Face-Based,CPU,NeoN,2,gpu-nvidia-h200,12009600
LDC_N120,1728000,133459,Fused Face-Based,CPU,NeoN,2,gpu-nvidia-h200,12009600
LDC_N120,1728000,132191,Fused Face-Based,CPU,NeoN,2,gpu-nvidia-h200,12009600
LDC_N120,1728000,24952,Fused Cell-Based,CPU,NeoN,2,gpu-nvidia-h200,12009600
LDC_N120,1728000,24571,Fused Cell-Based,CPU,NeoN,2,gpu-nvidia-h200,12009600
LDC_N120,1728000,24499,Fused Cell-Based,CPU,NeoN,2,gpu-nvidia-h200,12009600
LDC_N120,1728000,223451,Face-Based,CPU,NeoN,2,gpu-nvidia-h200,12009600
LDC_N120,1728000,280514,Face-Based,CPU,NeoN,2,gpu-nvidia-h200,12009600
LDC_N120,1728000,237620,Face-Based,CPU,NeoN,2,gpu-nvidia-h200,12009600
LDC_N120,1728000,109825,Fused Face-Based,CPU,NeoN,4,gpu-nvidia-h200,12009600
LDC_N120,1728000,130256,Fused Face-Based,CPU,NeoN,4,gpu-nvidia-h200,12009600
LDC_N120,1728000,78261,Fused Face-Based,CPU,NeoN,4,gpu-nvidia-h200,12009600
LDC_N120,1728000,14747,Fused Cell-Based,CPU,NeoN,4,gpu-nvidia-h200,12009600
LDC_N120,1728000,14514,Fused Cell-Based,CPU,NeoN,4,gpu-nvidia-h200,12009600
LDC_N120,1728000,14439,Fused Cell-Based,CPU,NeoN,4,gpu-nvidia-h200,12009600
LDC_N120,1728000,148461,Face-Based,CPU,NeoN,4,gpu-nvidia-h200,12009600
LDC_N120,1728000,163042,Face-Based,CPU,NeoN,4,gpu-nvidia-h200,12009600
LDC_N120,1728000,159909,Face-Based,CPU,NeoN,4,gpu-nvidia-h200,12009600
LDC_N120,1728000,46349,Fused Face-Based,CPU,NeoN,8,gpu-nvidia-h200,12009600
LDC_N120,1728000,57444,Fused Face-Based,CPU,NeoN,8,gpu-nvidia-h200,12009600
LDC_N120,1728000,46949,Fused Face-Based,CPU,NeoN,8,gpu-nvidia-h200,12009600
LDC_N120,1728000,9995,Fused Cell-Based,CPU,NeoN,8,gpu-nvidia-h200,12009600
LDC_N120,1728000,10017,Fused Cell-Based,CPU,NeoN,8,gpu-nvidia-h200,12009600
LDC_N120,1728000,9954,Fused Cell-Based,CPU,NeoN,8,gpu-nvidia-h200,12009600
LDC_N120,1728000,81243,Face-Based,CPU,NeoN,8,gpu-nvidia-h200,12009600
LDC_N120,1728000,91003,Face-Based,CPU,NeoN,8,gpu-nvidia-h200,12009600
LDC_N120,1728000,80683,Face-Based,CPU,NeoN,8,gpu-nvidia-h200,12009600
LDC_N120,1728000,31705,Fused Face-Based,CPU,NeoN,16,gpu-nvidia-h200,12009600
LDC_N120,1728000,27026,Fused Face-Based,CPU,NeoN,16,gpu-nvidia-h200,12009600
LDC_N120,1728000,25559,Fused Face-Based,CPU,NeoN,16,gpu-nvidia-h200,12009600
LDC_N120,1728000,7573,Fused Cell-Based,CPU,NeoN,16,gpu-nvidia-h200,12009600
LDC_N120,1728000,7584,Fused Cell-Based,CPU,NeoN,16,gpu-nvidia-h200,12009600
LDC_N120,1728000,7490,Fused Cell-Based,CPU,NeoN,16,gpu-nvidia-h200,12009600
LDC_N120,1728000,47120,Face-Based,CPU,NeoN,16,gpu-nvidia-h200,12009600
LDC_N120,1728000,43443,Face-Based,CPU,NeoN,16,gpu-nvidia-h200,12009600
LDC_N120,1728000,51986,Face-Based,CPU,NeoN,16,gpu-nvidia-h200,12009600
LDC_N120,1728000,13357,Fused Face-Based,CPU,NeoN,32,gpu-nvidia-h200,12009600
LDC_N120,1728000,13336,Fused Face-Based,CPU,NeoN,32,gpu-nvidia-h200,12009600
LDC_N120,1728000,13479,Fused Face-Based,CPU,NeoN,32,gpu-nvidia-h200,12009600
LDC_N120,1728000,6881,Fused Cell-Based,CPU,NeoN,32,gpu-nvidia-h200,12009600
LDC_N120,1728000,6916,Fused Cell-Based,CPU,NeoN,32,gpu-nvidia-h200,12009600
LDC_N120,1728000,6259,Fused Cell-Based,CPU,NeoN,32,gpu-nvidia-h200,12009600
LDC_N120,1728000,26965,Face-Based,CPU,NeoN,32,gpu-nvidia-h200,12009600
LDC_N120,1728000,25760,Face-Based,CPU,NeoN,32,gpu-nvidia-h200,12009600
LDC_N120,1728000,24770,Face-Based,CPU,NeoN,32,gpu-nvidia-h200,12009600
LDC_N120,1728000,8681,Fused Face-Based,CPU,NeoN,64,gpu-nvidia-h200,12009600
LDC_N120,1728000,8679,Fused Face-Based,CPU,NeoN,64,gpu-nvidia-h200,12009600
LDC_N120,1728000,8697,Fused Face-Based,CPU,NeoN,64,gpu-nvidia-h200,12009600
LDC_N120,1728000,6882,Fused Cell-Based,CPU,NeoN,64,gpu-nvidia-h200,12009600
LDC_N120,1728000,6737,Fused Cell-Based,CPU,NeoN,64,gpu-nvidia-h200,12009600
LDC_N120,1728000,6281,Fused Cell-Based,CPU,NeoN,64,gpu-nvidia-h200,12009600
LDC_N120,1728000,16606,Face-Based,CPU,NeoN,64,gpu-nvidia-h200,12009600
LDC_N120,1728000,16619,Face-Based,CPU,NeoN,64,gpu-nvidia-h200,12009600
LDC_N120,1728000,16316,Face-Based,CPU,NeoN,64,gpu-nvidia-h200,12009600
LDC_N120,1728000,14473,Fused Face-Based,CPU,NeoN,128,gpu-nvidia-h200,12009600
LDC_N120,1728000,9686,Fused Face-Based,CPU,NeoN,128,gpu-nvidia-h200,12009600
LDC_N120,1728000,9937,Fused Face-Based,CPU,NeoN,128,gpu-nvidia-h200,12009600
LDC_N120,1728000,7917,Fused Cell-Based,CPU,NeoN,128,gpu-nvidia-h200,12009600
LDC_N120,1728000,7941,Fused Cell-Based,CPU,NeoN,128,gpu-nvidia-h200,12009600
LDC_N120,1728000,7806,Fused Cell-Based,CPU,NeoN,128,gpu-nvidia-h200,12009600
LDC_N120,1728000,17234,Face-Based,CPU,NeoN,128,gpu-nvidia-h200,12009600
LDC_N120,1728000,16833,Face-Based,CPU,NeoN,128,gpu-nvidia-h200,12009600
LDC_N120,1728000,16795,Face-Based,CPU,NeoN,128,gpu-nvidia-h200,12009600
LDC_N130,2197000,213830,Fused Face-Based,CPU,NeoN,1,gpu-nvidia-h200,15277600
LDC_N130,2197000,214294,Fused Face-Based,CPU,NeoN,1,gpu-nvidia-h200,15277600
LDC_N130,2197000,214259,Fused Face-Based,CPU,NeoN,1,gpu-nvidia-h200,15277600
LDC_N130,2197000,66280,Fused Cell-Based,CPU,NeoN,1,gpu-nvidia-h200,15277600
LDC_N130,2197000,66454,Fused Cell-Based,CPU,NeoN,1,gpu-nvidia-h200,15277600
LDC_N130,2197000,64792,Fused Cell-Based,CPU,NeoN,1,gpu-nvidia-h200,15277600
LDC_N130,2197000,351683,Face-Based,CPU,NeoN,1,gpu-nvidia-h200,15277600
LDC_N130,2197000,352529,Face-Based,CPU,NeoN,1,gpu-nvidia-h200,15277600
LDC_N130,2197000,352874,Face-Based,CPU,NeoN,1,gpu-nvidia-h200,15277600
LDC_N130,2197000,169436,Fused Face-Based,CPU,NeoN,2,gpu-nvidia-h200,15277600
LDC_N130,2197000,169588,Fused Face-Based,CPU,NeoN,2,gpu-nvidia-h200,15277600
LDC_N130,2197000,169505,Fused Face-Based,CPU,NeoN,2,gpu-nvidia-h200,15277600
LDC_N130,2197000,30982,Fused Cell-Based,CPU,NeoN,2,gpu-nvidia-h200,15277600
LDC_N130,2197000,32439,Fused Cell-Based,CPU,NeoN,2,gpu-nvidia-h200,15277600
LDC_N130,2197000,31114,Fused Cell-Based,CPU,NeoN,2,gpu-nvidia-h200,15277600
LDC_N130,2197000,291383,Face-Based,CPU,NeoN,2,gpu-nvidia-h200,15277600
LDC_N130,2197000,277520,Face-Based,CPU,NeoN,2,gpu-nvidia-h200,15277600
LDC_N130,2197000,291331,Face-Based,CPU,NeoN,2,gpu-nvidia-h200,15277600
LDC_N130,2197000,90357,Fused Face-Based,CPU,NeoN,4,gpu-nvidia-h200,15277600
LDC_N130,2197000,90865,Fused Face-Based,CPU,NeoN,4,gpu-nvidia-h200,15277600
LDC_N130,2197000,90645,Fused Face-Based,CPU,NeoN,4,gpu-nvidia-h200,15277600
LDC_N130,2197000,17929,Fused Cell-Based,CPU,NeoN,4,gpu-nvidia-h200,15277600
LDC_N130,2197000,18125,Fused Cell-Based,CPU,NeoN,4,gpu-nvidia-h200,15277600
LDC_N130,2197000,17907,Fused Cell-Based,CPU,NeoN,4,gpu-nvidia-h200,15277600
LDC_N130,2197000,154306,Face-Based,CPU,NeoN,4,gpu-nvidia-h200,15277600
LDC_N130,2197000,157234,Face-Based,CPU,NeoN,4,gpu-nvidia-h200,15277600
LDC_N130,2197000,150992,Face-Based,CPU,NeoN,4,gpu-nvidia-h200,15277600
LDC_N130,2197000,55090,Fused Face-Based,CPU,NeoN,8,gpu-nvidia-h200,15277600
LDC_N130,2197000,52655,Fused Face-Based,CPU,NeoN,8,gpu-nvidia-h200,15277600
LDC_N130,2197000,57701,Fused Face-Based,CPU,NeoN,8,gpu-nvidia-h200,15277600
LDC_N130,2197000,12655,Fused Cell-Based,CPU,NeoN,8,gpu-nvidia-h200,15277600
LDC_N130,2197000,12615,Fused Cell-Based,CPU,NeoN,8,gpu-nvidia-h200,15277600
LDC_N130,2197000,12725,Fused Cell-Based,CPU,NeoN,8,gpu-nvidia-h200,15277600
LDC_N130,2197000,96414,Face-Based,CPU,NeoN,8,gpu-nvidia-h200,15277600
LDC_N130,2197000,89325,Face-Based,CPU,NeoN,8,gpu-nvidia-h200,15277600
LDC_N130,2197000,91823,Face-Based,CPU,NeoN,8,gpu-nvidia-h200,15277600
LDC_N130,2197000,34592,Fused Face-Based,CPU,NeoN,16,gpu-nvidia-h200,15277600
LDC_N130,2197000,31469,Fused Face-Based,CPU,NeoN,16,gpu-nvidia-h200,15277600
LDC_N130,2197000,31213,Fused Face-Based,CPU,NeoN,16,gpu-nvidia-h200,15277600
LDC_N130,2197000,8977,Fused Cell-Based,CPU,NeoN,16,gpu-nvidia-h200,15277600
LDC_N130,2197000,9044,Fused Cell-Based,CPU,NeoN,16,gpu-nvidia-h200,15277600
LDC_N130,2197000,8411,Fused Cell-Based,CPU,NeoN,16,gpu-nvidia-h200,15277600
LDC_N130,2197000,53419,Face-Based,CPU,NeoN,16,gpu-nvidia-h200,15277600
LDC_N130,2197000,56116,Face-Based,CPU,NeoN,16,gpu-nvidia-h200,15277600
LDC_N130,2197000,57321,Face-Based,CPU,NeoN,16,gpu-nvidia-h200,15277600
LDC_N130,2197000,16823,Fused Face-Based,CPU,NeoN,32,gpu-nvidia-h200,15277600
LDC_N130,2197000,16712,Fused Face-Based,CPU,NeoN,32,gpu-nvidia-h200,15277600
LDC_N130,2197000,16564,Fused Face-Based,CPU,NeoN,32,gpu-nvidia-h200,15277600
LDC_N130,2197000,8438,Fused Cell-Based,CPU,NeoN,32,gpu-nvidia-h200,15277600
LDC_N130,2197000,8423,Fused Cell-Based,CPU,NeoN,32,gpu-nvidia-h200,15277600
LDC_N130,2197000,8341,Fused Cell-Based,CPU,NeoN,32,gpu-nvidia-h200,15277600
LDC_N130,2197000,28922,Face-Based,CPU,NeoN,32,gpu-nvidia-h200,15277600
LDC_N130,2197000,30331,Face-Based,CPU,NeoN,32,gpu-nvidia-h200,15277600
LDC_N130,2197000,28667,Face-Based,CPU,NeoN,32,gpu-nvidia-h200,15277600
LDC_N130,2197000,11282,Fused Face-Based,CPU,NeoN,64,gpu-nvidia-h200,15277600
LDC_N130,2197000,11087,Fused Face-Based,CPU,NeoN,64,gpu-nvidia-h200,15277600
LDC_N130,2197000,11211,Fused Face-Based,CPU,NeoN,64,gpu-nvidia-h200,15277600
LDC_N130,2197000,8607,Fused Cell-Based,CPU,NeoN,64,gpu-nvidia-h200,15277600
LDC_N130,2197000,8392,Fused Cell-Based,CPU,NeoN,64,gpu-nvidia-h200,15277600
LDC_N130,2197000,8535,Fused Cell-Based,CPU,NeoN,64,gpu-nvidia-h200,15277600
LDC_N130,2197000,19589,Face-Based,CPU,NeoN,64,gpu-nvidia-h200,15277600
LDC_N130,2197000,21064,Face-Based,CPU,NeoN,64,gpu-nvidia-h200,15277600
LDC_N130,2197000,20401,Face-Based,CPU,NeoN,64,gpu-nvidia-h200,15277600
LDC_N130,2197000,12209,Fused Face-Based,CPU,NeoN,128,gpu-nvidia-h200,15277600
LDC_N130,2197000,12317,Fused Face-Based,CPU,NeoN,128,gpu-nvidia-h200,15277600
LDC_N130,2197000,12399,Fused Face-Based,CPU,NeoN,128,gpu-nvidia-h200,15277600
LDC_N130,2197000,9330,Fused Cell-Based,CPU,NeoN,128,gpu-nvidia-h200,15277600
LDC_N130,2197000,9385,Fused Cell-Based,CPU,NeoN,128,gpu-nvidia-h200,15277600
LDC_N130,2197000,9323,Fused Cell-Based,CPU,NeoN,128,gpu-nvidia-h200,15277600
LDC_N130,2197000,21066,Face-Based,CPU,NeoN,128,gpu-nvidia-h200,15277600
LDC_N130,2197000,20929,Face-Based,CPU,NeoN,128,gpu-nvidia-h200,15277600
LDC_N130,2197000,20952,Face-Based,CPU,NeoN,128,gpu-nvidia-h200,15277600
LDC_N140,2744000,267968,Fused Face-Based,CPU,NeoN,1,gpu-nvidia-h200,19090400
LDC_N140,2744000,267967,Fused Face-Based,CPU,NeoN,1,gpu-nvidia-h200,19090400
LDC_N140,2744000,267755,Fused Face-Based,CPU,NeoN,1,gpu-nvidia-h200,19090400
LDC_N140,2744000,78350,Fused Cell-Based,CPU,NeoN,1,gpu-nvidia-h200,19090400
LDC_N140,2744000,79667,Fused Cell-Based,CPU,NeoN,1,gpu-nvidia-h200,19090400
LDC_N140,2744000,79151,Fused Cell-Based,CPU,NeoN,1,gpu-nvidia-h200,19090400
LDC_N140,2744000,441522,Face-Based,CPU,NeoN,1,gpu-nvidia-h200,19090400
LDC_N140,2744000,441167,Face-Based,CPU,NeoN,1,gpu-nvidia-h200,19090400
LDC_N140,2744000,441296,Face-Based,CPU,NeoN,1,gpu-nvidia-h200,19090400
LDC_N140,2744000,289641,Fused Face-Based,CPU,NeoN,2,gpu-nvidia-h200,19090400
LDC_N140,2744000,301376,Fused Face-Based,CPU,NeoN,2,gpu-nvidia-h200,19090400
LDC_N140,2744000,267880,Fused Face-Based,CPU,NeoN,2,gpu-nvidia-h200,19090400
LDC_N140,2744000,37539,Fused Cell-Based,CPU,NeoN,2,gpu-nvidia-h200,19090400
LDC_N140,2744000,37666,Fused Cell-Based,CPU,NeoN,2,gpu-nvidia-h200,19090400
LDC_N140,2744000,37861,Fused Cell-Based,CPU,NeoN,2,gpu-nvidia-h200,19090400
LDC_N140,2744000,531481,Face-Based,CPU,NeoN,2,gpu-nvidia-h200,19090400
LDC_N140,2744000,564963,Face-Based,CPU,NeoN,2,gpu-nvidia-h200,19090400
LDC_N140,2744000,544986,Face-Based,CPU,NeoN,2,gpu-nvidia-h200,19090400
LDC_N140,2744000,165201,Fused Face-Based,CPU,NeoN,4,gpu-nvidia-h200,19090400
LDC_N140,2744000,189913,Fused Face-Based,CPU,NeoN,4,gpu-nvidia-h200,19090400
LDC_N140,2744000,165610,Fused Face-Based,CPU,NeoN,4,gpu-nvidia-h200,19090400
LDC_N140,2744000,22165,Fused Cell-Based,CPU,NeoN,4,gpu-nvidia-h200,19090400
LDC_N140,2744000,21902,Fused Cell-Based,CPU,NeoN,4,gpu-nvidia-h200,19090400
LDC_N140,2744000,21886,Fused Cell-Based,CPU,NeoN,4,gpu-nvidia-h200,19090400
LDC_N140,2744000,257796,Face-Based,CPU,NeoN,4,gpu-nvidia-h200,19090400
LDC_N140,2744000,348398,Face-Based,CPU,NeoN,4,gpu-nvidia-h200,19090400
LDC_N140,2744000,251456,Face-Based,CPU,NeoN,4,gpu-nvidia-h200,19090400
LDC_N140,2744000,66870,Fused Face-Based,CPU,NeoN,8,gpu-nvidia-h200,19090400
LDC_N140,2744000,68179,Fused Face-Based,CPU,NeoN,8,gpu-nvidia-h200,19090400
LDC_N140,2744000,68452,Fused Face-Based,CPU,NeoN,8,gpu-nvidia-h200,19090400
LDC_N140,2744000,14607,Fused Cell-Based,CPU,NeoN,8,gpu-nvidia-h200,19090400
LDC_N140,2744000,14560,Fused Cell-Based,CPU,NeoN,8,gpu-nvidia-h200,19090400
LDC_N140,2744000,14766,Fused Cell-Based,CPU,NeoN,8,gpu-nvidia-h200,19090400
LDC_N140,2744000,116913,Face-Based,CPU,NeoN,8,gpu-nvidia-h200,19090400
LDC_N140,2744000,121739,Face-Based,CPU,NeoN,8,gpu-nvidia-h200,19090400
LDC_N140,2744000,124452,Face-Based,CPU,NeoN,8,gpu-nvidia-h200,19090400
LDC_N140,2744000,38383,Fused Face-Based,CPU,NeoN,16,gpu-nvidia-h200,19090400
LDC_N140,2744000,42466,Fused Face-Based,CPU,NeoN,16,gpu-nvidia-h200,19090400
LDC_N140,2744000,39349,Fused Face-Based,CPU,NeoN,16,gpu-nvidia-h200,19090400
LDC_N140,2744000,10787,Fused Cell-Based,CPU,NeoN,16,gpu-nvidia-h200,19090400
LDC_N140,2744000,10704,Fused Cell-Based,CPU,NeoN,16,gpu-nvidia-h200,19090400
LDC_N140,2744000,10698,Fused Cell-Based,CPU,NeoN,16,gpu-nvidia-h200,19090400
LDC_N140,2744000,70214,Face-Based,CPU,NeoN,16,gpu-nvidia-h200,19090400
LDC_N140,2744000,68226,Face-Based,CPU,NeoN,16,gpu-nvidia-h200,19090400
LDC_N140,2744000,71148,Face-Based,CPU,NeoN,16,gpu-nvidia-h200,19090400
LDC_N140,2744000,21064,Fused Face-Based,CPU,NeoN,32,gpu-nvidia-h200,19090400
LDC_N140,2744000,20194,Fused Face-Based,CPU,NeoN,32,gpu-nvidia-h200,19090400
LDC_N140,2744000,20242,Fused Face-Based,CPU,NeoN,32,gpu-nvidia-h200,19090400
LDC_N140,2744000,10157,Fused Cell-Based,CPU,NeoN,32,gpu-nvidia-h200,19090400
LDC_N140,2744000,10216,Fused Cell-Based,CPU,NeoN,32,gpu-nvidia-h200,19090400
LDC_N140,2744000,10177,Fused Cell-Based,CPU,NeoN,32,gpu-nvidia-h200,19090400
LDC_N140,2744000,37218,Face-Based,CPU,NeoN,32,gpu-nvidia-h200,19090400
LDC_N140,2744000,35846,Face-Based,CPU,NeoN,32,gpu-nvidia-h200,19090400
LDC_N140,2744000,36618,Face-Based,CPU,NeoN,32,gpu-nvidia-h200,19090400
LDC_N140,2744000,13738,Fused Face-Based,CPU,NeoN,64,gpu-nvidia-h200,19090400
LDC_N140,2744000,13183,Fused Face-Based,CPU,NeoN,64,gpu-nvidia-h200,19090400
LDC_N140,2744000,13453,Fused Face-Based,CPU,NeoN,64,gpu-nvidia-h200,19090400
LDC_N140,2744000,10367,Fused Cell-Based,CPU,NeoN,64,gpu-nvidia-h200,19090400
LDC_N140,2744000,10497,Fused Cell-Based,CPU,NeoN,64,gpu-nvidia-h200,19090400
LDC_N140,2744000,10371,Fused Cell-Based,CPU,NeoN,64,gpu-nvidia-h200,19090400
LDC_N140,2744000,25880,Face-Based,CPU,NeoN,64,gpu-nvidia-h200,19090400
LDC_N140,2744000,25264,Face-Based,CPU,NeoN,64,gpu-nvidia-h200,19090400
LDC_N140,2744000,24290,Face-Based,CPU,NeoN,64,gpu-nvidia-h200,19090400
LDC_N140,2744000,13916,Fused Face-Based,CPU,NeoN,128,gpu-nvidia-h200,19090400
LDC_N140,2744000,14059,Fused Face-Based,CPU,NeoN,128,gpu-nvidia-h200,19090400
LDC_N140,2744000,14431,Fused Face-Based,CPU,NeoN,128,gpu-nvidia-h200,19090400
LDC_N140,2744000,11422,Fused Cell-Based,CPU,NeoN,128,gpu-nvidia-h200,19090400
LDC_N140,2744000,11254,Fused Cell-Based,CPU,NeoN,128,gpu-nvidia-h200,19090400
LDC_N140,2744000,11390,Fused Cell-Based,CPU,NeoN,128,gpu-nvidia-h200,19090400
LDC_N140,2744000,23429,Face-Based,CPU,NeoN,128,gpu-nvidia-h200,19090400
LDC_N140,2744000,23688,Face-Based,CPU,NeoN,128,gpu-nvidia-h200,19090400
LDC_N140,2744000,23906,Face-Based,CPU,NeoN,128,gpu-nvidia-h200,19090400
LDC_N150,3375000,325185,Fused Face-Based,CPU,NeoN,1,gpu-nvidia-h200,23490000
LDC_N150,3375000,325274,Fused Face-Based,CPU,NeoN,1,gpu-nvidia-h200,23490000
LDC_N150,3375000,325215,Fused Face-Based,CPU,NeoN,1,gpu-nvidia-h200,23490000
LDC_N150,3375000,95465,Fused Cell-Based,CPU,NeoN,1,gpu-nvidia-h200,23490000
LDC_N150,3375000,95865,Fused Cell-Based,CPU,NeoN,1,gpu-nvidia-h200,23490000
LDC_N150,3375000,97458,Fused Cell-Based,CPU,NeoN,1,gpu-nvidia-h200,23490000
LDC_N150,3375000,537017,Face-Based,CPU,NeoN,1,gpu-nvidia-h200,23490000
LDC_N150,3375000,535039,Face-Based,CPU,NeoN,1,gpu-nvidia-h200,23490000
LDC_N150,3375000,535002,Face-Based,CPU,NeoN,1,gpu-nvidia-h200,23490000
LDC_N150,3375000,262070,Fused Face-Based,CPU,NeoN,2,gpu-nvidia-h200,23490000
LDC_N150,3375000,264924,Fused Face-Based,CPU,NeoN,2,gpu-nvidia-h200,23490000
LDC_N150,3375000,269878,Fused Face-Based,CPU,NeoN,2,gpu-nvidia-h200,23490000
LDC_N150,3375000,48018,Fused Cell-Based,CPU,NeoN,2,gpu-nvidia-h200,23490000
LDC_N150,3375000,47647,Fused Cell-Based,CPU,NeoN,2,gpu-nvidia-h200,23490000
LDC_N150,3375000,49231,Fused Cell-Based,CPU,NeoN,2,gpu-nvidia-h200,23490000
LDC_N150,3375000,445853,Face-Based,CPU,NeoN,2,gpu-nvidia-h200,23490000
LDC_N150,3375000,446318,Face-Based,CPU,NeoN,2,gpu-nvidia-h200,23490000
LDC_N150,3375000,453476,Face-Based,CPU,NeoN,2,gpu-nvidia-h200,23490000
LDC_N150,3375000,154250,Fused Face-Based,CPU,NeoN,4,gpu-nvidia-h200,23490000
LDC_N150,3375000,181635,Fused Face-Based,CPU,NeoN,4,gpu-nvidia-h200,23490000
LDC_N150,3375000,166401,Fused Face-Based,CPU,NeoN,4,gpu-nvidia-h200,23490000
LDC_N150,3375000,27163,Fused Cell-Based,CPU,NeoN,4,gpu-nvidia-h200,23490000
LDC_N150,3375000,27266,Fused Cell-Based,CPU,NeoN,4,gpu-nvidia-h200,23490000
LDC_N150,3375000,27192,Fused Cell-Based,CPU,NeoN,4,gpu-nvidia-h200,23490000
LDC_N150,3375000,269146,Face-Based,CPU,NeoN,4,gpu-nvidia-h200,23490000
LDC_N150,3375000,285942,Face-Based,CPU,NeoN,4,gpu-nvidia-h200,23490000
LDC_N150,3375000,284072,Face-Based,CPU,NeoN,4,gpu-nvidia-h200,23490000
LDC_N150,3375000,80908,Fused Face-Based,CPU,NeoN,8,gpu-nvidia-h200,23490000
LDC_N150,3375000,88272,Fused Face-Based,CPU,NeoN,8,gpu-nvidia-h200,23490000
LDC_N150,3375000,85963,Fused Face-Based,CPU,NeoN,8,gpu-nvidia-h200,23490000
LDC_N150,3375000,18287,Fused Cell-Based,CPU,NeoN,8,gpu-nvidia-h200,23490000
LDC_N150,3375000,18177,Fused Cell-Based,CPU,NeoN,8,gpu-nvidia-h200,23490000
LDC_N150,3375000,18441,Fused Cell-Based,CPU,NeoN,8,gpu-nvidia-h200,23490000
LDC_N150,3375000,149761,Face-Based,CPU,NeoN,8,gpu-nvidia-h200,23490000
LDC_N150,3375000,152699,Face-Based,CPU,NeoN,8,gpu-nvidia-h200,23490000
LDC_N150,3375000,156350,Face-Based,CPU,NeoN,8,gpu-nvidia-h200,23490000
LDC_N150,3375000,48034,Fused Face-Based,CPU,NeoN,16,gpu-nvidia-h200,23490000
LDC_N150,3375000,51665,Fused Face-Based,CPU,NeoN,16,gpu-nvidia-h200,23490000
LDC_N150,3375000,50080,Fused Face-Based,CPU,NeoN,16,gpu-nvidia-h200,23490000
LDC_N150,3375000,13108,Fused Cell-Based,CPU,NeoN,16,gpu-nvidia-h200,23490000
LDC_N150,3375000,13139,Fused Cell-Based,CPU,NeoN,16,gpu-nvidia-h200,23490000
LDC_N150,3375000,13136,Fused Cell-Based,CPU,NeoN,16,gpu-nvidia-h200,23490000
LDC_N150,3375000,89328,Face-Based,CPU,NeoN,16,gpu-nvidia-h200,23490000
LDC_N150,3375000,97116,Face-Based,CPU,NeoN,16,gpu-nvidia-h200,23490000
LDC_N150,3375000,91268,Face-Based,CPU,NeoN,16,gpu-nvidia-h200,23490000
LDC_N150,3375000,26504,Fused Face-Based,CPU,NeoN,32,gpu-nvidia-h200,23490000
LDC_N150,3375000,25766,Fused Face-Based,CPU,NeoN,32,gpu-nvidia-h200,23490000
LDC_N150,3375000,28233,Fused Face-Based,CPU,NeoN,32,gpu-nvidia-h200,23490000
LDC_N150,3375000,12212,Fused Cell-Based,CPU,NeoN,32,gpu-nvidia-h200,23490000
LDC_N150,3375000,12241,Fused Cell-Based,CPU,NeoN,32,gpu-nvidia-h200,23490000
LDC_N150,3375000,12143,Fused Cell-Based,CPU,NeoN,32,gpu-nvidia-h200,23490000
LDC_N150,3375000,51477,Face-Based,CPU,NeoN,32,gpu-nvidia-h200,23490000
LDC_N150,3375000,51415,Face-Based,CPU,NeoN,32,gpu-nvidia-h200,23490000
LDC_N150,3375000,53400,Face-Based,CPU,NeoN,32,gpu-nvidia-h200,23490000
LDC_N150,3375000,15979,Fused Face-Based,CPU,NeoN,64,gpu-nvidia-h200,23490000
LDC_N150,3375000,17103,Fused Face-Based,CPU,NeoN,64,gpu-nvidia-h200,23490000
LDC_N150,3375000,15989,Fused Face-Based,CPU,NeoN,64,gpu-nvidia-h200,23490000
LDC_N150,3375000,12428,Fused Cell-Based,CPU,NeoN,64,gpu-nvidia-h200,23490000
LDC_N150,3375000,12304,Fused Cell-Based,CPU,NeoN,64,gpu-nvidia-h200,23490000
LDC_N150,3375000,12298,Fused Cell-Based,CPU,NeoN,64,gpu-nvidia-h200,23490000
LDC_N150,3375000,32306,Face-Based,CPU,NeoN,64,gpu-nvidia-h200,23490000
LDC_N150,3375000,30918,Face-Based,CPU,NeoN,64,gpu-nvidia-h200,23490000
LDC_N150,3375000,32811,Face-Based,CPU,NeoN,64,gpu-nvidia-h200,23490000
LDC_N150,3375000,17065,Fused Face-Based,CPU,NeoN,128,gpu-nvidia-h200,23490000
LDC_N150,3375000,16969,Fused Face-Based,CPU,NeoN,128,gpu-nvidia-h200,23490000
LDC_N150,3375000,17181,Fused Face-Based,CPU,NeoN,128,gpu-nvidia-h200,23490000
LDC_N150,3375000,13293,Fused Cell-Based,CPU,NeoN,128,gpu-nvidia-h200,23490000
LDC_N150,3375000,13562,Fused Cell-Based,CPU,NeoN,128,gpu-nvidia-h200,23490000
LDC_N150,3375000,13604,Fused Cell-Based,CPU,NeoN,128,gpu-nvidia-h200,23490000
LDC_N150,3375000,27909,Face-Based,CPU,NeoN,128,gpu-nvidia-h200,23490000
LDC_N150,3375000,28020,Face-Based,CPU,NeoN,128,gpu-nvidia-h200,23490000
LDC_N150,3375000,27983,Face-Based,CPU,NeoN,128,gpu-nvidia-h200,23490000
LDC_N160,4096000,396880,Fused Face-Based,CPU,NeoN,1,gpu-nvidia-h200,28518400
LDC_N160,4096000,397331,Fused Face-Based,CPU,NeoN,1,gpu-nvidia-h200,28518400
LDC_N160,4096000,396936,Fused Face-Based,CPU,NeoN,1,gpu-nvidia-h200,28518400
LDC_N160,4096000,111435,Fused Cell-Based,CPU,NeoN,1,gpu-nvidia-h200,28518400
LDC_N160,4096000,111219,Fused Cell-Based,CPU,NeoN,1,gpu-nvidia-h200,28518400
LDC_N160,4096000,111367,Fused Cell-Based,CPU,NeoN,1,gpu-nvidia-h200,28518400
LDC_N160,4096000,657282,Face-Based,CPU,NeoN,1,gpu-nvidia-h200,28518400
LDC_N160,4096000,658982,Face-Based,CPU,NeoN,1,gpu-nvidia-h200,28518400
LDC_N160,4096000,657873,Face-Based,CPU,NeoN,1,gpu-nvidia-h200,28518400
LDC_N160,4096000,324242,Fused Face-Based,CPU,NeoN,2,gpu-nvidia-h200,28518400
LDC_N160,4096000,317410,Fused Face-Based,CPU,NeoN,2,gpu-nvidia-h200,28518400
LDC_N160,4096000,317931,Fused Face-Based,CPU,NeoN,2,gpu-nvidia-h200,28518400
LDC_N160,4096000,57574,Fused Cell-Based,CPU,NeoN,2,gpu-nvidia-h200,28518400
LDC_N160,4096000,57655,Fused Cell-Based,CPU,NeoN,2,gpu-nvidia-h200,28518400
LDC_N160,4096000,57106,Fused Cell-Based,CPU,NeoN,2,gpu-nvidia-h200,28518400
LDC_N160,4096000,546811,Face-Based,CPU,NeoN,2,gpu-nvidia-h200,28518400
LDC_N160,4096000,557876,Face-Based,CPU,NeoN,2,gpu-nvidia-h200,28518400
LDC_N160,4096000,574300,Face-Based,CPU,NeoN,2,gpu-nvidia-h200,28518400
LDC_N160,4096000,198180,Fused Face-Based,CPU,NeoN,4,gpu-nvidia-h200,28518400
LDC_N160,4096000,211951,Fused Face-Based,CPU,NeoN,4,gpu-nvidia-h200,28518400
LDC_N160,4096000,199073,Fused Face-Based,CPU,NeoN,4,gpu-nvidia-h200,28518400
LDC_N160,4096000,32075,Fused Cell-Based,CPU,NeoN,4,gpu-nvidia-h200,28518400
LDC_N160,4096000,32586,Fused Cell-Based,CPU,NeoN,4,gpu-nvidia-h200,28518400
LDC_N160,4096000,32241,Fused Cell-Based,CPU,NeoN,4,gpu-nvidia-h200,28518400
LDC_N160,4096000,364183,Face-Based,CPU,NeoN,4,gpu-nvidia-h200,28518400
LDC_N160,4096000,330344,Face-Based,CPU,NeoN,4,gpu-nvidia-h200,28518400
LDC_N160,4096000,327883,Face-Based,CPU,NeoN,4,gpu-nvidia-h200,28518400
LDC_N160,4096000,104996,Fused Face-Based,CPU,NeoN,8,gpu-nvidia-h200,28518400
LDC_N160,4096000,105802,Fused Face-Based,CPU,NeoN,8,gpu-nvidia-h200,28518400
LDC_N160,4096000,105607,Fused Face-Based,CPU,NeoN,8,gpu-nvidia-h200,28518400
LDC_N160,4096000,21826,Fused Cell-Based,CPU,NeoN,8,gpu-nvidia-h200,28518400
LDC_N160,4096000,21901,Fused Cell-Based,CPU,NeoN,8,gpu-nvidia-h200,28518400
LDC_N160,4096000,21936,Fused Cell-Based,CPU,NeoN,8,gpu-nvidia-h200,28518400
LDC_N160,4096000,192905,Face-Based,CPU,NeoN,8,gpu-nvidia-h200,28518400
LDC_N160,4096000,195169,Face-Based,CPU,NeoN,8,gpu-nvidia-h200,28518400
LDC_N160,4096000,197915,Face-Based,CPU,NeoN,8,gpu-nvidia-h200,28518400
LDC_N160,4096000,58743,Fused Face-Based,CPU,NeoN,16,gpu-nvidia-h200,28518400
LDC_N160,4096000,62283,Fused Face-Based,CPU,NeoN,16,gpu-nvidia-h200,28518400
LDC_N160,4096000,58261,Fused Face-Based,CPU,NeoN,16,gpu-nvidia-h200,28518400
LDC_N160,4096000,15870,Fused Cell-Based,CPU,NeoN,16,gpu-nvidia-h200,28518400
LDC_N160,4096000,15842,Fused Cell-Based,CPU,NeoN,16,gpu-nvidia-h200,28518400
LDC_N160,4096000,15761,Fused Cell-Based,CPU,NeoN,16,gpu-nvidia-h200,28518400
LDC_N160,4096000,107346,Face-Based,CPU,NeoN,16,gpu-nvidia-h200,28518400
LDC_N160,4096000,103632,Face-Based,CPU,NeoN,16,gpu-nvidia-h200,28518400
LDC_N160,4096000,103834,Face-Based,CPU,NeoN,16,gpu-nvidia-h200,28518400
LDC_N160,4096000,30612,Fused Face-Based,CPU,NeoN,32,gpu-nvidia-h200,28518400
LDC_N160,4096000,30585,Fused Face-Based,CPU,NeoN,32,gpu-nvidia-h200,28518400
LDC_N160,4096000,30088,Fused Face-Based,CPU,NeoN,32,gpu-nvidia-h200,28518400
LDC_N160,4096000,14200,Fused Cell-Based,CPU,NeoN,32,gpu-nvidia-h200,28518400
LDC_N160,4096000,14229,Fused Cell-Based,CPU,NeoN,32,gpu-nvidia-h200,28518400
LDC_N160,4096000,14253,Fused Cell-Based,CPU,NeoN,32,gpu-nvidia-h200,28518400
LDC_N160,4096000,57046,Face-Based,CPU,NeoN,32,gpu-nvidia-h200,28518400
LDC_N160,4096000,60673,Face-Based,CPU,NeoN,32,gpu-nvidia-h200,28518400
LDC_N160,4096000,60709,Face-Based,CPU,NeoN,32,gpu-nvidia-h200,28518400
LDC_N160,4096000,19307,Fused Face-Based,CPU,NeoN,64,gpu-nvidia-h200,28518400
LDC_N160,4096000,18978,Fused Face-Based,CPU,NeoN,64,gpu-nvidia-h200,28518400
LDC_N160,4096000,19141,Fused Face-Based,CPU,NeoN,64,gpu-nvidia-h200,28518400
LDC_N160,4096000,14372,Fused Cell-Based,CPU,NeoN,64,gpu-nvidia-h200,28518400
LDC_N160,4096000,14454,Fused Cell-Based,CPU,NeoN,64,gpu-nvidia-h200,28518400
LDC_N160,4096000,14494,Fused Cell-Based,CPU,NeoN,64,gpu-nvidia-h200,28518400
LDC_N160,4096000,37909,Face-Based,CPU,NeoN,64,gpu-nvidia-h200,28518400
LDC_N160,4096000,33319,Face-Based,CPU,NeoN,64,gpu-nvidia-h200,28518400
LDC_N160,4096000,34060,Face-Based,CPU,NeoN,64,gpu-nvidia-h200,28518400
LDC_N160,4096000,20220,Fused Face-Based,CPU,NeoN,128,gpu-nvidia-h200,28518400
LDC_N160,4096000,20211,Fused Face-Based,CPU,NeoN,128,gpu-nvidia-h200,28518400
LDC_N160,4096000,20199,Fused Face-Based,CPU,NeoN,128,gpu-nvidia-h200,28518400
LDC_N160,4096000,15877,Fused Cell-Based,CPU,NeoN,128,gpu-nvidia-h200,28518400
LDC_N160,4096000,15919,Fused Cell-Based,CPU,NeoN,128,gpu-nvidia-h200,28518400
LDC_N160,4096000,16026,Fused Cell-Based,CPU,NeoN,128,gpu-nvidia-h200,28518400
LDC_N160,4096000,33055,Face-Based,CPU,NeoN,128,gpu-nvidia-h200,28518400
LDC_N160,4096000,32719,Face-Based,CPU,NeoN,128,gpu-nvidia-h200,28518400
LDC_N160,4096000,32988,Face-Based,CPU,NeoN,128,gpu-nvidia-h200,28518400
LDC_N170,4913000,473783,Fused Face-Based,CPU,NeoN,1,gpu-nvidia-h200,34217600
LDC_N170,4913000,478517,Fused Face-Based,CPU,NeoN,1,gpu-nvidia-h200,34217600
LDC_N170,4913000,473721,Fused Face-Based,CPU,NeoN,1,gpu-nvidia-h200,34217600
LDC_N170,4913000,135213,Fused Cell-Based,CPU,NeoN,1,gpu-nvidia-h200,34217600
LDC_N170,4913000,135622,Fused Cell-Based,CPU,NeoN,1,gpu-nvidia-h200,34217600
LDC_N170,4913000,135411,Fused Cell-Based,CPU,NeoN,1,gpu-nvidia-h200,34217600
LDC_N170,4913000,781528,Face-Based,CPU,NeoN,1,gpu-nvidia-h200,34217600
LDC_N170,4913000,783733,Face-Based,CPU,NeoN,1,gpu-nvidia-h200,34217600
LDC_N170,4913000,781731,Face-Based,CPU,NeoN,1,gpu-nvidia-h200,34217600
LDC_N170,4913000,375781,Fused Face-Based,CPU,NeoN,2,gpu-nvidia-h200,34217600
LDC_N170,4913000,375821,Fused Face-Based,CPU,NeoN,2,gpu-nvidia-h200,34217600
LDC_N170,4913000,375744,Fused Face-Based,CPU,NeoN,2,gpu-nvidia-h200,34217600
LDC_N170,4913000,67179,Fused Cell-Based,CPU,NeoN,2,gpu-nvidia-h200,34217600
LDC_N170,4913000,68232,Fused Cell-Based,CPU,NeoN,2,gpu-nvidia-h200,34217600
LDC_N170,4913000,67931,Fused Cell-Based,CPU,NeoN,2,gpu-nvidia-h200,34217600
LDC_N170,4913000,647787,Face-Based,CPU,NeoN,2,gpu-nvidia-h200,34217600
LDC_N170,4913000,644812,Face-Based,CPU,NeoN,2,gpu-nvidia-h200,34217600
LDC_N170,4913000,648268,Face-Based,CPU,NeoN,2,gpu-nvidia-h200,34217600
LDC_N170,4913000,202512,Fused Face-Based,CPU,NeoN,4,gpu-nvidia-h200,34217600
LDC_N170,4913000,203170,Fused Face-Based,CPU,NeoN,4,gpu-nvidia-h200,34217600
LDC_N170,4913000,202395,Fused Face-Based,CPU,NeoN,4,gpu-nvidia-h200,34217600
LDC_N170,4913000,37405,Fused Cell-Based,CPU,NeoN,4,gpu-nvidia-h200,34217600
LDC_N170,4913000,37927,Fused Cell-Based,CPU,NeoN,4,gpu-nvidia-h200,34217600
LDC_N170,4913000,37583,Fused Cell-Based,CPU,NeoN,4,gpu-nvidia-h200,34217600
LDC_N170,4913000,343328,Face-Based,CPU,NeoN,4,gpu-nvidia-h200,34217600
LDC_N170,4913000,347772,Face-Based,CPU,NeoN,4,gpu-nvidia-h200,34217600
LDC_N170,4913000,346906,Face-Based,CPU,NeoN,4,gpu-nvidia-h200,34217600
LDC_N170,4913000,114960,Fused Face-Based,CPU,NeoN,8,gpu-nvidia-h200,34217600
LDC_N170,4913000,113185,Fused Face-Based,CPU,NeoN,8,gpu-nvidia-h200,34217600
LDC_N170,4913000,117632,Fused Face-Based,CPU,NeoN,8,gpu-nvidia-h200,34217600
LDC_N170,4913000,25445,Fused Cell-Based,CPU,NeoN,8,gpu-nvidia-h200,34217600
LDC_N170,4913000,25531,Fused Cell-Based,CPU,NeoN,8,gpu-nvidia-h200,34217600
LDC_N170,4913000,25120,Fused Cell-Based,CPU,NeoN,8,gpu-nvidia-h200,34217600
LDC_N170,4913000,201742,Face-Based,CPU,NeoN,8,gpu-nvidia-h200,34217600
LDC_N170,4913000,201400,Face-Based,CPU,NeoN,8,gpu-nvidia-h200,34217600
LDC_N170,4913000,198082,Face-Based,CPU,NeoN,8,gpu-nvidia-h200,34217600
LDC_N170,4913000,66599,Fused Face-Based,CPU,NeoN,16,gpu-nvidia-h200,34217600
LDC_N170,4913000,66436,Fused Face-Based,CPU,NeoN,16,gpu-nvidia-h200,34217600
LDC_N170,4913000,67776,Fused Face-Based,CPU,NeoN,16,gpu-nvidia-h200,34217600
LDC_N170,4913000,18473,Fused Cell-Based,CPU,NeoN,16,gpu-nvidia-h200,34217600
LDC_N170,4913000,18563,Fused Cell-Based,CPU,NeoN,16,gpu-nvidia-h200,34217600
LDC_N170,4913000,18434,Fused Cell-Based,CPU,NeoN,16,gpu-nvidia-h200,34217600
LDC_N170,4913000,117183,Face-Based,CPU,NeoN,16,gpu-nvidia-h200,34217600
LDC_N170,4913000,118090,Face-Based,CPU,NeoN,16,gpu-nvidia-h200,34217600
LDC_N170,4913000,116904,Face-Based,CPU,NeoN,16,gpu-nvidia-h200,34217600
LDC_N170,4913000,35033,Fused Face-Based,CPU,NeoN,32,gpu-nvidia-h200,34217600
LDC_N170,4913000,35339,Fused Face-Based,CPU,NeoN,32,gpu-nvidia-h200,34217600
LDC_N170,4913000,34971,Fused Face-Based,CPU,NeoN,32,gpu-nvidia-h200,34217600
LDC_N170,4913000,16642,Fused Cell-Based,CPU,NeoN,32,gpu-nvidia-h200,34217600
LDC_N170,4913000,16591,Fused Cell-Based,CPU,NeoN,32,gpu-nvidia-h200,34217600
LDC_N170,4913000,16590,Fused Cell-Based,CPU,NeoN,32,gpu-nvidia-h200,34217600
LDC_N170,4913000,58785,Face-Based,CPU,NeoN,32,gpu-nvidia-h200,34217600
LDC_N170,4913000,58308,Face-Based,CPU,NeoN,32,gpu-nvidia-h200,34217600
LDC_N170,4913000,58615,Face-Based,CPU,NeoN,32,gpu-nvidia-h200,34217600
LDC_N170,4913000,23043,Fused Face-Based,CPU,NeoN,64,gpu-nvidia-h200,34217600
LDC_N170,4913000,23339,Fused Face-Based,CPU,NeoN,64,gpu-nvidia-h200,34217600
LDC_N170,4913000,22836,Fused Face-Based,CPU,NeoN,64,gpu-nvidia-h200,34217600
LDC_N170,4913000,17232,Fused Cell-Based,CPU,NeoN,64,gpu-nvidia-h200,34217600
LDC_N170,4913000,17191,Fused Cell-Based,CPU,NeoN,64,gpu-nvidia-h200,34217600
LDC_N170,4913000,17446,Fused Cell-Based,CPU,NeoN,64,gpu-nvidia-h200,34217600
LDC_N170,4913000,39011,Face-Based,CPU,NeoN,64,gpu-nvidia-h200,34217600
LDC_N170,4913000,38564,Face-Based,CPU,NeoN,64,gpu-nvidia-h200,34217600
LDC_N170,4913000,39069,Face-Based,CPU,NeoN,64,gpu-nvidia-h200,34217600
LDC_N170,4913000,23918,Fused Face-Based,CPU,NeoN,128,gpu-nvidia-h200,34217600
LDC_N170,4913000,23806,Fused Face-Based,CPU,NeoN,128,gpu-nvidia-h200,34217600
LDC_N170,4913000,23708,Fused Face-Based,CPU,NeoN,128,gpu-nvidia-h200,34217600
LDC_N170,4913000,18534,Fused Cell-Based,CPU,NeoN,128,gpu-nvidia-h200,34217600
LDC_N170,4913000,18630,Fused Cell-Based,CPU,NeoN,128,gpu-nvidia-h200,34217600
LDC_N170,4913000,18559,Fused Cell-Based,CPU,NeoN,128,gpu-nvidia-h200,34217600
LDC_N170,4913000,38404,Face-Based,CPU,NeoN,128,gpu-nvidia-h200,34217600
LDC_N170,4913000,38301,Face-Based,CPU,NeoN,128,gpu-nvidia-h200,34217600
LDC_N170,4913000,38263,Face-Based,CPU,NeoN,128,gpu-nvidia-h200,34217600
LDC_N180,5832000,558633,Fused Face-Based,CPU,NeoN,1,gpu-nvidia-h200,40629600
LDC_N180,5832000,557774,Fused Face-Based,CPU,NeoN,1,gpu-nvidia-h200,40629600
LDC_N180,5832000,559290,Fused Face-Based,CPU,NeoN,1,gpu-nvidia-h200,40629600
LDC_N180,5832000,154344,Fused Cell-Based,CPU,NeoN,1,gpu-nvidia-h200,40629600
LDC_N180,5832000,155720,Fused Cell-Based,CPU,NeoN,1,gpu-nvidia-h200,40629600
LDC_N180,5832000,155260,Fused Cell-Based,CPU,NeoN,1,gpu-nvidia-h200,40629600
LDC_N180,5832000,923789,Face-Based,CPU,NeoN,1,gpu-nvidia-h200,40629600
LDC_N180,5832000,923670,Face-Based,CPU,NeoN,1,gpu-nvidia-h200,40629600
LDC_N180,5832000,923501,Face-Based,CPU,NeoN,1,gpu-nvidia-h200,40629600
LDC_N180,5832000,448973,Fused Face-Based,CPU,NeoN,2,gpu-nvidia-h200,40629600
LDC_N180,5832000,450244,Fused Face-Based,CPU,NeoN,2,gpu-nvidia-h200,40629600
LDC_N180,5832000,449297,Fused Face-Based,CPU,NeoN,2,gpu-nvidia-h200,40629600
LDC_N180,5832000,78966,Fused Cell-Based,CPU,NeoN,2,gpu-nvidia-h200,40629600
LDC_N180,5832000,79314,Fused Cell-Based,CPU,NeoN,2,gpu-nvidia-h200,40629600
LDC_N180,5832000,80090,Fused Cell-Based,CPU,NeoN,2,gpu-nvidia-h200,40629600
LDC_N180,5832000,762934,Face-Based,CPU,NeoN,2,gpu-nvidia-h200,40629600
LDC_N180,5832000,761905,Face-Based,CPU,NeoN,2,gpu-nvidia-h200,40629600
LDC_N180,5832000,764214,Face-Based,CPU,NeoN,2,gpu-nvidia-h200,40629600
LDC_N180,5832000,256209,Fused Face-Based,CPU,NeoN,4,gpu-nvidia-h200,40629600
LDC_N180,5832000,262507,Fused Face-Based,CPU,NeoN,4,gpu-nvidia-h200,40629600
LDC_N180,5832000,252415,Fused Face-Based,CPU,NeoN,4,gpu-nvidia-h200,40629600
LDC_N180,5832000,43676,Fused Cell-Based,CPU,NeoN,4,gpu-nvidia-h200,40629600
LDC_N180,5832000,43490,Fused Cell-Based,CPU,NeoN,4,gpu-nvidia-h200,40629600
LDC_N180,5832000,43512,Fused Cell-Based,CPU,NeoN,4,gpu-nvidia-h200,40629600
LDC_N180,5832000,450044,Face-Based,CPU,NeoN,4,gpu-nvidia-h200,40629600
LDC_N180,5832000,419967,Face-Based,CPU,NeoN,4,gpu-nvidia-h200,40629600
LDC_N180,5832000,432012,Face-Based,CPU,NeoN,4,gpu-nvidia-h200,40629600
LDC_N180,5832000,143499,Fused Face-Based,CPU,NeoN,8,gpu-nvidia-h200,40629600
LDC_N180,5832000,141721,Fused Face-Based,CPU,NeoN,8,gpu-nvidia-h200,40629600
LDC_N180,5832000,149507,Fused Face-Based,CPU,NeoN,8,gpu-nvidia-h200,40629600
LDC_N180,5832000,27858,Fused Cell-Based,CPU,NeoN,8,gpu-nvidia-h200,40629600
LDC_N180,5832000,27776,Fused Cell-Based,CPU,NeoN,8,gpu-nvidia-h200,40629600
LDC_N180,5832000,27834,Fused Cell-Based,CPU,NeoN,8,gpu-nvidia-h200,40629600
LDC_N180,5832000,252507,Face-Based,CPU,NeoN,8,gpu-nvidia-h200,40629600
LDC_N180,5832000,254920,Face-Based,CPU,NeoN,8,gpu-nvidia-h200,40629600
LDC_N180,5832000,256594,Face-Based,CPU,NeoN,8,gpu-nvidia-h200,40629600
LDC_N180,5832000,84234,Fused Face-Based,CPU,NeoN,16,gpu-nvidia-h200,40629600
LDC_N180,5832000,83944,Fused Face-Based,CPU,NeoN,16,gpu-nvidia-h200,40629600
LDC_N180,5832000,85497,Fused Face-Based,CPU,NeoN,16,gpu-nvidia-h200,40629600
LDC_N180,5832000,21146,Fused Cell-Based,CPU,NeoN,16,gpu-nvidia-h200,40629600
LDC_N180,5832000,21151,Fused Cell-Based,CPU,NeoN,16,gpu-nvidia-h200,40629600
LDC_N180,5832000,21175,Fused Cell-Based,CPU,NeoN,16,gpu-nvidia-h200,40629600
LDC_N180,5832000,148240,Face-Based,CPU,NeoN,16,gpu-nvidia-h200,40629600
LDC_N180,5832000,151817,Face-Based,CPU,NeoN,16,gpu-nvidia-h200,40629600
LDC_N180,5832000,149908,Face-Based,CPU,NeoN,16,gpu-nvidia-h200,40629600
LDC_N180,5832000,41744,Fused Face-Based,CPU,NeoN,32,gpu-nvidia-h200,40629600
LDC_N180,5832000,41694,Fused Face-Based,CPU,NeoN,32,gpu-nvidia-h200,40629600
LDC_N180,5832000,41826,Fused Face-Based,CPU,NeoN,32,gpu-nvidia-h200,40629600
LDC_N180,5832000,20012,Fused Cell-Based,CPU,NeoN,32,gpu-nvidia-h200,40629600
LDC_N180,5832000,19643,Fused Cell-Based,CPU,NeoN,32,gpu-nvidia-h200,40629600
LDC_N180,5832000,19725,Fused Cell-Based,CPU,NeoN,32,gpu-nvidia-h200,40629600
LDC_N180,5832000,72946,Face-Based,CPU,NeoN,32,gpu-nvidia-h200,40629600
LDC_N180,5832000,71492,Face-Based,CPU,NeoN,32,gpu-nvidia-h200,40629600
LDC_N180,5832000,74042,Face-Based,CPU,NeoN,32,gpu-nvidia-h200,40629600
LDC_N180,5832000,27366,Fused Face-Based,CPU,NeoN,64,gpu-nvidia-h200,40629600
LDC_N180,5832000,27777,Fused Face-Based,CPU,NeoN,64,gpu-nvidia-h200,40629600
LDC_N180,5832000,27146,Fused Face-Based,CPU,NeoN,64,gpu-nvidia-h200,40629600
LDC_N180,5832000,20320,Fused Cell-Based,CPU,NeoN,64,gpu-nvidia-h200,40629600
LDC_N180,5832000,20199,Fused Cell-Based,CPU,NeoN,64,gpu-nvidia-h200,40629600
LDC_N180,5832000,20176,Fused Cell-Based,CPU,NeoN,64,gpu-nvidia-h200,40629600
LDC_N180,5832000,49737,Face-Based,CPU,NeoN,64,gpu-nvidia-h200,40629600
LDC_N180,5832000,49813,Face-Based,CPU,NeoN,64,gpu-nvidia-h200,40629600
LDC_N180,5832000,47787,Face-Based,CPU,NeoN,64,gpu-nvidia-h200,40629600
LDC_N180,5832000,27733,Fused Face-Based,CPU,NeoN,128,gpu-nvidia-h200,40629600
LDC_N180,5832000,27567,Fused Face-Based,CPU,NeoN,128,gpu-nvidia-h200,40629600
LDC_N180,5832000,27517,Fused Face-Based,CPU,NeoN,128,gpu-nvidia-h200,40629600
LDC_N180,5832000,21188,Fused Cell-Based,CPU,NeoN,128,gpu-nvidia-h200,40629600
LDC_N180,5832000,21321,Fused Cell-Based,CPU,NeoN,128,gpu-nvidia-h200,40629600
LDC_N180,5832000,21222,Fused Cell-Based,CPU,NeoN,128,gpu-nvidia-h200,40629600
LDC_N180,5832000,44304,Face-Based,CPU,NeoN,128,gpu-nvidia-h200,40629600
LDC_N180,5832000,43998,Face-Based,CPU,NeoN,128,gpu-nvidia-h200,40629600
LDC_N180,5832000,44125,Face-Based,CPU,NeoN,128,gpu-nvidia-h200,40629600
LDC_N190,6859000,658812,Fused Face-Based,CPU,NeoN,1,gpu-nvidia-h200,47796400
LDC_N190,6859000,658165,Fused Face-Based,CPU,NeoN,1,gpu-nvidia-h200,47796400
LDC_N190,6859000,658751,Fused Face-Based,CPU,NeoN,1,gpu-nvidia-h200,47796400
LDC_N190,6859000,185879,Fused Cell-Based,CPU,NeoN,1,gpu-nvidia-h200,47796400
LDC_N190,6859000,185845,Fused Cell-Based,CPU,NeoN,1,gpu-nvidia-h200,47796400
LDC_N190,6859000,186464,Fused Cell-Based,CPU,NeoN,1,gpu-nvidia-h200,47796400
LDC_N190,6859000,1084188,Face-Based,CPU,NeoN,1,gpu-nvidia-h200,47796400
LDC_N190,6859000,1083832,Face-Based,CPU,NeoN,1,gpu-nvidia-h200,47796400
LDC_N190,6859000,1083787,Face-Based,CPU,NeoN,1,gpu-nvidia-h200,47796400
LDC_N190,6859000,525011,Fused Face-Based,CPU,NeoN,2,gpu-nvidia-h200,47796400
LDC_N190,6859000,524363,Fused Face-Based,CPU,NeoN,2,gpu-nvidia-h200,47796400
LDC_N190,6859000,521446,Fused Face-Based,CPU,NeoN,2,gpu-nvidia-h200,47796400
LDC_N190,6859000,94017,Fused Cell-Based,CPU,NeoN,2,gpu-nvidia-h200,47796400
LDC_N190,6859000,93820,Fused Cell-Based,CPU,NeoN,2,gpu-nvidia-h200,47796400
LDC_N190,6859000,93763,Fused Cell-Based,CPU,NeoN,2,gpu-nvidia-h200,47796400
LDC_N190,6859000,886322,Face-Based,CPU,NeoN,2,gpu-nvidia-h200,47796400
LDC_N190,6859000,880403,Face-Based,CPU,NeoN,2,gpu-nvidia-h200,47796400
LDC_N190,6859000,886215,Face-Based,CPU,NeoN,2,gpu-nvidia-h200,47796400
LDC_N190,6859000,297943,Fused Face-Based,CPU,NeoN,4,gpu-nvidia-h200,47796400
LDC_N190,6859000,317684,Fused Face-Based,CPU,NeoN,4,gpu-nvidia-h200,47796400
LDC_N190,6859000,329871,Fused Face-Based,CPU,NeoN,4,gpu-nvidia-h200,47796400
LDC_N190,6859000,52185,Fused Cell-Based,CPU,NeoN,4,gpu-nvidia-h200,47796400
LDC_N190,6859000,51950,Fused Cell-Based,CPU,NeoN,4,gpu-nvidia-h200,47796400
LDC_N190,6859000,51595,Fused Cell-Based,CPU,NeoN,4,gpu-nvidia-h200,47796400
LDC_N190,6859000,493223,Face-Based,CPU,NeoN,4,gpu-nvidia-h200,47796400
LDC_N190,6859000,517882,Face-Based,CPU,NeoN,4,gpu-nvidia-h200,47796400
LDC_N190,6859000,515149,Face-Based,CPU,NeoN,4,gpu-nvidia-h200,47796400
LDC_N190,6859000,162080,Fused Face-Based,CPU,NeoN,8,gpu-nvidia-h200,47796400
LDC_N190,6859000,162339,Fused Face-Based,CPU,NeoN,8,gpu-nvidia-h200,47796400
LDC_N190,6859000,161923,Fused Face-Based,CPU,NeoN,8,gpu-nvidia-h200,47796400
LDC_N190,6859000,33227,Fused Cell-Based,CPU,NeoN,8,gpu-nvidia-h200,47796400
LDC_N190,6859000,33548,Fused Cell-Based,CPU,NeoN,8,gpu-nvidia-h200,47796400
LDC_N190,6859000,33388,Fused Cell-Based,CPU,NeoN,8,gpu-nvidia-h200,47796400
LDC_N190,6859000,278440,Face-Based,CPU,NeoN,8,gpu-nvidia-h200,47796400
LDC_N190,6859000,278923,Face-Based,CPU,NeoN,8,gpu-nvidia-h200,47796400
LDC_N190,6859000,278842,Face-Based,CPU,NeoN,8,gpu-nvidia-h200,47796400
LDC_N190,6859000,94070,Fused Face-Based,CPU,NeoN,16,gpu-nvidia-h200,47796400
LDC_N190,6859000,92296,Fused Face-Based,CPU,NeoN,16,gpu-nvidia-h200,47796400
LDC_N190,6859000,94139,Fused Face-Based,CPU,NeoN,16,gpu-nvidia-h200,47796400
LDC_N190,6859000,25305,Fused Cell-Based,CPU,NeoN,16,gpu-nvidia-h200,47796400
LDC_N190,6859000,25345,Fused Cell-Based,CPU,NeoN,16,gpu-nvidia-h200,47796400
LDC_N190,6859000,25469,Fused Cell-Based,CPU,NeoN,16,gpu-nvidia-h200,47796400
LDC_N190,6859000,166093,Face-Based,CPU,NeoN,16,gpu-nvidia-h200,47796400
LDC_N190,6859000,167272,Face-Based,CPU,NeoN,16,gpu-nvidia-h200,47796400
LDC_N190,6859000,163975,Face-Based,CPU,NeoN,16,gpu-nvidia-h200,47796400
LDC_N190,6859000,50269,Fused Face-Based,CPU,NeoN,32,gpu-nvidia-h200,47796400
LDC_N190,6859000,48935,Fused Face-Based,CPU,NeoN,32,gpu-nvidia-h200,47796400
LDC_N190,6859000,49513,Fused Face-Based,CPU,NeoN,32,gpu-nvidia-h200,47796400
LDC_N190,6859000,22660,Fused Cell-Based,CPU,NeoN,32,gpu-nvidia-h200,47796400
LDC_N190,6859000,22708,Fused Cell-Based,CPU,NeoN,32,gpu-nvidia-h200,47796400
LDC_N190,6859000,22620,Fused Cell-Based,CPU,NeoN,32,gpu-nvidia-h200,47796400
LDC_N190,6859000,86536,Face-Based,CPU,NeoN,32,gpu-nvidia-h200,47796400
LDC_N190,6859000,90702,Face-Based,CPU,NeoN,32,gpu-nvidia-h200,47796400
LDC_N190,6859000,87275,Face-Based,CPU,NeoN,32,gpu-nvidia-h200,47796400
LDC_N190,6859000,36952,Fused Face-Based,CPU,NeoN,64,gpu-nvidia-h200,47796400
LDC_N190,6859000,36554,Fused Face-Based,CPU,NeoN,64,gpu-nvidia-h200,47796400
LDC_N190,6859000,36361,Fused Face-Based,CPU,NeoN,64,gpu-nvidia-h200,47796400
LDC_N190,6859000,25542,Fused Cell-Based,CPU,NeoN,64,gpu-nvidia-h200,47796400
LDC_N190,6859000,25550,Fused Cell-Based,CPU,NeoN,64,gpu-nvidia-h200,47796400
LDC_N190,6859000,23163,Fused Cell-Based,CPU,NeoN,64,gpu-nvidia-h200,47796400
LDC_N190,6859000,65434,Face-Based,CPU,NeoN,64,gpu-nvidia-h200,47796400
LDC_N190,6859000,65883,Face-Based,CPU,NeoN,64,gpu-nvidia-h200,47796400
LDC_N190,6859000,64608,Face-Based,CPU,NeoN,64,gpu-nvidia-h200,47796400
LDC_N190,6859000,32563,Fused Face-Based,CPU,NeoN,128,gpu-nvidia-h200,47796400
LDC_N190,6859000,32757,Fused Face-Based,CPU,NeoN,128,gpu-nvidia-h200,47796400
LDC_N190,6859000,32514,Fused Face-Based,CPU,NeoN,128,gpu-nvidia-h200,47796400
LDC_N190,6859000,24612,Fused Cell-Based,CPU,NeoN,128,gpu-nvidia-h200,47796400
LDC_N190,6859000,24325,Fused Cell-Based,CPU,NeoN,128,gpu-nvidia-h200,47796400
LDC_N190,6859000,24343,Fused Cell-Based,CPU,NeoN,128,gpu-nvidia-h200,47796400
LDC_N190,6859000,51421,Face-Based,CPU,NeoN,128,gpu-nvidia-h200,47796400
LDC_N190,6859000,51380,Face-Based,CPU,NeoN,128,gpu-nvidia-h200,47796400
LDC_N190,6859000,51228,Face-Based,CPU,NeoN,128,gpu-nvidia-h200,47796400
LDC_N200,8000000,766146,Fused Face-Based,CPU,NeoN,1,gpu-nvidia-h200,55760000
LDC_N200,8000000,766159,Fused Face-Based,CPU,NeoN,1,gpu-nvidia-h200,55760000
LDC_N200,8000000,766384,Fused Face-Based,CPU,NeoN,1,gpu-nvidia-h200,55760000
LDC_N200,8000000,216413,Fused Cell-Based,CPU,NeoN,1,gpu-nvidia-h200,55760000
LDC_N200,8000000,215788,Fused Cell-Based,CPU,NeoN,1,gpu-nvidia-h200,55760000
LDC_N200,8000000,217033,Fused Cell-Based,CPU,NeoN,1,gpu-nvidia-h200,55760000
LDC_N200,8000000,1263191,Face-Based,CPU,NeoN,1,gpu-nvidia-h200,55760000
LDC_N200,8000000,1262249,Face-Based,CPU,NeoN,1,gpu-nvidia-h200,55760000
LDC_N200,8000000,1263966,Face-Based,CPU,NeoN,1,gpu-nvidia-h200,55760000
LDC_N200,8000000,626416,Fused Face-Based,CPU,NeoN,2,gpu-nvidia-h200,55760000
LDC_N200,8000000,627931,Fused Face-Based,CPU,NeoN,2,gpu-nvidia-h200,55760000
LDC_N200,8000000,676170,Fused Face-Based,CPU,NeoN,2,gpu-nvidia-h200,55760000
LDC_N200,8000000,105661,Fused Cell-Based,CPU,NeoN,2,gpu-nvidia-h200,55760000
LDC_N200,8000000,104721,Fused Cell-Based,CPU,NeoN,2,gpu-nvidia-h200,55760000
LDC_N200,8000000,104829,Fused Cell-Based,CPU,NeoN,2,gpu-nvidia-h200,55760000
LDC_N200,8000000,1118221,Face-Based,CPU,NeoN,2,gpu-nvidia-h200,55760000
LDC_N200,8000000,1272346,Face-Based,CPU,NeoN,2,gpu-nvidia-h200,55760000
LDC_N200,8000000,1427264,Face-Based,CPU,NeoN,2,gpu-nvidia-h200,55760000
LDC_N200,8000000,359364,Fused Face-Based,CPU,NeoN,4,gpu-nvidia-h200,55760000
LDC_N200,8000000,389497,Fused Face-Based,CPU,NeoN,4,gpu-nvidia-h200,55760000
LDC_N200,8000000,382663,Fused Face-Based,CPU,NeoN,4,gpu-nvidia-h200,55760000
LDC_N200,8000000,59427,Fused Cell-Based,CPU,NeoN,4,gpu-nvidia-h200,55760000
LDC_N200,8000000,58972,Fused Cell-Based,CPU,NeoN,4,gpu-nvidia-h200,55760000
LDC_N200,8000000,59034,Fused Cell-Based,CPU,NeoN,4,gpu-nvidia-h200,55760000
LDC_N200,8000000,683771,Face-Based,CPU,NeoN,4,gpu-nvidia-h200,55760000
LDC_N200,8000000,709253,Face-Based,CPU,NeoN,4,gpu-nvidia-h200,55760000
LDC_N200,8000000,704520,Face-Based,CPU,NeoN,4,gpu-nvidia-h200,55760000
LDC_N200,8000000,194942,Fused Face-Based,CPU,NeoN,8,gpu-nvidia-h200,55760000
LDC_N200,8000000,199942,Fused Face-Based,CPU,NeoN,8,gpu-nvidia-h200,55760000
LDC_N200,8000000,201280,Fused Face-Based,CPU,NeoN,8,gpu-nvidia-h200,55760000
LDC_N200,8000000,38560,Fused Cell-Based,CPU,NeoN,8,gpu-nvidia-h200,55760000
LDC_N200,8000000,38486,Fused Cell-Based,CPU,NeoN,8,gpu-nvidia-h200,55760000
LDC_N200,8000000,38418,Fused Cell-Based,CPU,NeoN,8,gpu-nvidia-h200,55760000
LDC_N200,8000000,370102,Face-Based,CPU,NeoN,8,gpu-nvidia-h200,55760000
LDC_N200,8000000,363892,Face-Based,CPU,NeoN,8,gpu-nvidia-h200,55760000
LDC_N200,8000000,377291,Face-Based,CPU,NeoN,8,gpu-nvidia-h200,55760000
LDC_N200,8000000,125011,Fused Face-Based,CPU,NeoN,16,gpu-nvidia-h200,55760000
LDC_N200,8000000,116614,Fused Face-Based,CPU,NeoN,16,gpu-nvidia-h200,55760000
LDC_N200,8000000,120200,Fused Face-Based,CPU,NeoN,16,gpu-nvidia-h200,55760000
LDC_N200,8000000,29332,Fused Cell-Based,CPU,NeoN,16,gpu-nvidia-h200,55760000
LDC_N200,8000000,29254,Fused Cell-Based,CPU,NeoN,16,gpu-nvidia-h200,55760000
LDC_N200,8000000,29309,Fused Cell-Based,CPU,NeoN,16,gpu-nvidia-h200,55760000
LDC_N200,8000000,214701,Face-Based,CPU,NeoN,16,gpu-nvidia-h200,55760000
LDC_N200,8000000,216153,Face-Based,CPU,NeoN,16,gpu-nvidia-h200,55760000
LDC_N200,8000000,210238,Face-Based,CPU,NeoN,16,gpu-nvidia-h200,55760000
LDC_N200,8000000,57551,Fused Face-Based,CPU,NeoN,32,gpu-nvidia-h200,55760000
LDC_N200,8000000,57126,Fused Face-Based,CPU,NeoN,32,gpu-nvidia-h200,55760000
LDC_N200,8000000,58525,Fused Face-Based,CPU,NeoN,32,gpu-nvidia-h200,55760000
LDC_N200,8000000,26170,Fused Cell-Based,CPU,NeoN,32,gpu-nvidia-h200,55760000
LDC_N200,8000000,26113,Fused Cell-Based,CPU,NeoN,32,gpu-nvidia-h200,55760000
LDC_N200,8000000,26169,Fused Cell-Based,CPU,NeoN,32,gpu-nvidia-h200,55760000
LDC_N200,8000000,112272,Face-Based,CPU,NeoN,32,gpu-nvidia-h200,55760000
LDC_N200,8000000,114553,Face-Based,CPU,NeoN,32,gpu-nvidia-h200,55760000
LDC_N200,8000000,111283,Face-Based,CPU,NeoN,32,gpu-nvidia-h200,55760000
LDC_N200,8000000,35877,Fused Face-Based,CPU,NeoN,64,gpu-nvidia-h200,55760000
LDC_N200,8000000,35970,Fused Face-Based,CPU,NeoN,64,gpu-nvidia-h200,55760000
LDC_N200,8000000,35990,Fused Face-Based,CPU,NeoN,64,gpu-nvidia-h200,55760000
LDC_N200,8000000,26516,Fused Cell-Based,CPU,NeoN,64,gpu-nvidia-h200,55760000
LDC_N200,8000000,26459,Fused Cell-Based,CPU,NeoN,64,gpu-nvidia-h200,55760000
LDC_N200,8000000,26256,Fused Cell-Based,CPU,NeoN,64,gpu-nvidia-h200,55760000
LDC_N200,8000000,64279,Face-Based,CPU,NeoN,64,gpu-nvidia-h200,55760000
LDC_N200,8000000,65692,Face-Based,CPU,NeoN,64,gpu-nvidia-h200,55760000
LDC_N200,8000000,68362,Face-Based,CPU,NeoN,64,gpu-nvidia-h200,55760000
LDC_N200,8000000,36946,Fused Face-Based,CPU,NeoN,128,gpu-nvidia-h200,55760000
LDC_N200,8000000,36933,Fused Face-Based,CPU,NeoN,128,gpu-nvidia-h200,55760000
LDC_N200,8000000,36868,Fused Face-Based,CPU,NeoN,128,gpu-nvidia-h200,55760000
LDC_N200,8000000,28002,Fused Cell-Based,CPU,NeoN,128,gpu-nvidia-h200,55760000
LDC_N200,8000000,28041,Fused Cell-Based,CPU,NeoN,128,gpu-nvidia-h200,55760000
LDC_N200,8000000,27867,Fused Cell-Based,CPU,NeoN,128,gpu-nvidia-h200,55760000
LDC_N200,8000000,58495,Face-Based,CPU,NeoN,128,gpu-nvidia-h200,55760000
LDC_N200,8000000,58536,Face-Based,CPU,NeoN,128,gpu-nvidia-h200,55760000
LDC_N200,8000000,58113,Face-Based,CPU,NeoN,128,gpu-nvidia-h200,55760000
LDC_N220,10648000,1013459,Fused Face-Based,CPU,NeoN,1,gpu-nvidia-h200,74245600
LDC_N220,10648000,1013715,Fused Face-Based,CPU,NeoN,1,gpu-nvidia-h200,74245600
LDC_N220,10648000,1014920,Fused Face-Based,CPU,NeoN,1,gpu-nvidia-h200,74245600
LDC_N220,10648000,278702,Fused Cell-Based,CPU,NeoN,1,gpu-nvidia-h200,74245600
LDC_N220,10648000,279744,Fused Cell-Based,CPU,NeoN,1,gpu-nvidia-h200,74245600
LDC_N220,10648000,279232,Fused Cell-Based,CPU,NeoN,1,gpu-nvidia-h200,74245600
LDC_N220,10648000,1677483,Face-Based,CPU,NeoN,1,gpu-nvidia-h200,74245600
LDC_N220,10648000,1677681,Face-Based,CPU,NeoN,1,gpu-nvidia-h200,74245600
LDC_N220,10648000,1677331,Face-Based,CPU,NeoN,1,gpu-nvidia-h200,74245600
LDC_N220,10648000,879560,Fused Face-Based,CPU,NeoN,2,gpu-nvidia-h200,74245600
LDC_N220,10648000,856401,Fused Face-Based,CPU,NeoN,2,gpu-nvidia-h200,74245600
LDC_N220,10648000,857887,Fused Face-Based,CPU,NeoN,2,gpu-nvidia-h200,74245600
LDC_N220,10648000,141406,Fused Cell-Based,CPU,NeoN,2,gpu-nvidia-h200,74245600
LDC_N220,10648000,140492,Fused Cell-Based,CPU,NeoN,2,gpu-nvidia-h200,74245600
LDC_N220,10648000,141098,Fused Cell-Based,CPU,NeoN,2,gpu-nvidia-h200,74245600
LDC_N220,10648000,1437060,Face-Based,CPU,NeoN,2,gpu-nvidia-h200,74245600
LDC_N220,10648000,1383003,Face-Based,CPU,NeoN,2,gpu-nvidia-h200,74245600
LDC_N220,10648000,1400373,Face-Based,CPU,NeoN,2,gpu-nvidia-h200,74245600
LDC_N220,10648000,479223,Fused Face-Based,CPU,NeoN,4,gpu-nvidia-h200,74245600
LDC_N220,10648000,485169,Fused Face-Based,CPU,NeoN,4,gpu-nvidia-h200,74245600
LDC_N220,10648000,504022,Fused Face-Based,CPU,NeoN,4,gpu-nvidia-h200,74245600
LDC_N220,10648000,79117,Fused Cell-Based,CPU,NeoN,4,gpu-nvidia-h200,74245600
LDC_N220,10648000,79574,Fused Cell-Based,CPU,NeoN,4,gpu-nvidia-h200,74245600
LDC_N220,10648000,78564,Fused Cell-Based,CPU,NeoN,4,gpu-nvidia-h200,74245600
LDC_N220,10648000,825653,Face-Based,CPU,NeoN,4,gpu-nvidia-h200,74245600
LDC_N220,10648000,787731,Face-Based,CPU,NeoN,4,gpu-nvidia-h200,74245600
LDC_N220,10648000,806109,Face-Based,CPU,NeoN,4,gpu-nvidia-h200,74245600
LDC_N220,10648000,277062,Fused Face-Based,CPU,NeoN,8,gpu-nvidia-h200,74245600
LDC_N220,10648000,266586,Fused Face-Based,CPU,NeoN,8,gpu-nvidia-h200,74245600
LDC_N220,10648000,282621,Fused Face-Based,CPU,NeoN,8,gpu-nvidia-h200,74245600
LDC_N220,10648000,51227,Fused Cell-Based,CPU,NeoN,8,gpu-nvidia-h200,74245600
LDC_N220,10648000,51256,Fused Cell-Based,CPU,NeoN,8,gpu-nvidia-h200,74245600
LDC_N220,10648000,51395,Fused Cell-Based,CPU,NeoN,8,gpu-nvidia-h200,74245600
LDC_N220,10648000,468744,Face-Based,CPU,NeoN,8,gpu-nvidia-h200,74245600
LDC_N220,10648000,469373,Face-Based,CPU,NeoN,8,gpu-nvidia-h200,74245600
LDC_N220,10648000,461127,Face-Based,CPU,NeoN,8,gpu-nvidia-h200,74245600
LDC_N10,1000,243,Fused Face-Based,CPU,NeoN,1,gpu-nvidia-h100,6400
LDC_N10,1000,241,Fused Face-Based,CPU,NeoN,1,gpu-nvidia-h100,6400
LDC_N10,1000,229,Fused Face-Based,CPU,NeoN,1,gpu-nvidia-h100,6400
LDC_N10,1000,107,Fused Cell-Based,CPU,NeoN,1,gpu-nvidia-h100,6400
LDC_N10,1000,98,Fused Cell-Based,CPU,NeoN,1,gpu-nvidia-h100,6400
LDC_N10,1000,80,Fused Cell-Based,CPU,NeoN,1,gpu-nvidia-h100,6400
LDC_N10,1000,403,Face-Based,CPU,NeoN,1,gpu-nvidia-h100,6400
LDC_N10,1000,391,Face-Based,CPU,NeoN,1,gpu-nvidia-h100,6400
LDC_N10,1000,318,Face-Based,CPU,NeoN,1,gpu-nvidia-h100,6400
LDC_N10,1000,372,Fused Face-Based,CPU,NeoN,2,gpu-nvidia-h100,6400
LDC_N10,1000,372,Fused Face-Based,CPU,NeoN,2,gpu-nvidia-h100,6400
LDC_N10,1000,308,Fused Face-Based,CPU,NeoN,2,gpu-nvidia-h100,6400
LDC_N10,1000,179,Fused Cell-Based,CPU,NeoN,2,gpu-nvidia-h100,6400
LDC_N10,1000,146,Fused Cell-Based,CPU,NeoN,2,gpu-nvidia-h100,6400
LDC_N10,1000,152,Fused Cell-Based,CPU,NeoN,2,gpu-nvidia-h100,6400
LDC_N10,1000,628,Face-Based,CPU,NeoN,2,gpu-nvidia-h100,6400
LDC_N10,1000,618,Face-Based,CPU,NeoN,2,gpu-nvidia-h100,6400
LDC_N10,1000,517,Face-Based,CPU,NeoN,2,gpu-nvidia-h100,6400
LDC_N10,1000,317,Fused Face-Based,CPU,NeoN,4,gpu-nvidia-h100,6400
LDC_N10,1000,343,Fused Face-Based,CPU,NeoN,4,gpu-nvidia-h100,6400
LDC_N10,1000,316,Fused Face-Based,CPU,NeoN,4,gpu-nvidia-h100,6400
LDC_N10,1000,207,Fused Cell-Based,CPU,NeoN,4,gpu-nvidia-h100,6400
LDC_N10,1000,192,Fused Cell-Based,CPU,NeoN,4,gpu-nvidia-h100,6400
LDC_N10,1000,188,Fused Cell-Based,CPU,NeoN,4,gpu-nvidia-h100,6400
LDC_N10,1000,600,Face-Based,CPU,NeoN,4,gpu-nvidia-h100,6400
LDC_N10,1000,557,Face-Based,CPU,NeoN,4,gpu-nvidia-h100,6400
LDC_N10,1000,550,Face-Based,CPU,NeoN,4,gpu-nvidia-h100,6400
LDC_N10,1000,287,Fused Face-Based,CPU,NeoN,8,gpu-nvidia-h100,6400
LDC_N10,1000,317,Fused Face-Based,CPU,NeoN,8,gpu-nvidia-h100,6400
LDC_N10,1000,346,Fused Face-Based,CPU,NeoN,8,gpu-nvidia-h100,6400
LDC_N10,1000,201,Fused Cell-Based,CPU,NeoN,8,gpu-nvidia-h100,6400
LDC_N10,1000,181,Fused Cell-Based,CPU,NeoN,8,gpu-nvidia-h100,6400
LDC_N10,1000,178,Fused Cell-Based,CPU,NeoN,8,gpu-nvidia-h100,6400
LDC_N10,1000,622,Face-Based,CPU,NeoN,8,gpu-nvidia-h100,6400
LDC_N10,1000,601,Face-Based,CPU,NeoN,8,gpu-nvidia-h100,6400
LDC_N10,1000,628,Face-Based,CPU,NeoN,8,gpu-nvidia-h100,6400
LDC_N10,1000,220,Fused Face-Based,CPU,NeoN,16,gpu-nvidia-h100,6400
LDC_N10,1000,222,Fused Face-Based,CPU,NeoN,16,gpu-nvidia-h100,6400
LDC_N10,1000,246,Fused Face-Based,CPU,NeoN,16,gpu-nvidia-h100,6400
LDC_N10,1000,181,Fused Cell-Based,CPU,NeoN,16,gpu-nvidia-h100,6400
LDC_N10,1000,178,Fused Cell-Based,CPU,NeoN,16,gpu-nvidia-h100,6400
LDC_N10,1000,179,Fused Cell-Based,CPU,NeoN,16,gpu-nvidia-h100,6400
LDC_N10,1000,451,Face-Based,CPU,NeoN,16,gpu-nvidia-h100,6400
LDC_N10,1000,428,Face-Based,CPU,NeoN,16,gpu-nvidia-h100,6400
LDC_N10,1000,422,Face-Based,CPU,NeoN,16,gpu-nvidia-h100,6400
LDC_N10,1000,288,Fused Face-Based,CPU,NeoN,32,gpu-nvidia-h100,6400
LDC_N10,1000,285,Fused Face-Based,CPU,NeoN,32,gpu-nvidia-h100,6400
LDC_N10,1000,271,Fused Face-Based,CPU,NeoN,32,gpu-nvidia-h100,6400
LDC_N10,1000,232,Fused Cell-Based,CPU,NeoN,32,gpu-nvidia-h100,6400
LDC_N10,1000,210,Fused Cell-Based,CPU,NeoN,32,gpu-nvidia-h100,6400
LDC_N10,1000,216,Fused Cell-Based,CPU,NeoN,32,gpu-nvidia-h100,6400
LDC_N10,1000,509,Face-Based,CPU,NeoN,32,gpu-nvidia-h100,6400
LDC_N10,1000,553,Face-Based,CPU,NeoN,32,gpu-nvidia-h100,6400
LDC_N10,1000,512,Face-Based,CPU,NeoN,32,gpu-nvidia-h100,6400
LDC_N10,1000,543,Fused Face-Based,CPU,NeoN,64,gpu-nvidia-h100,6400
LDC_N10,1000,524,Fused Face-Based,CPU,NeoN,64,gpu-nvidia-h100,6400
LDC_N10,1000,517,Fused Face-Based,CPU,NeoN,64,gpu-nvidia-h100,6400
LDC_N10,1000,481,Fused Cell-Based,CPU,NeoN,64,gpu-nvidia-h100,6400
LDC_N10,1000,508,Fused Cell-Based,CPU,NeoN,64,gpu-nvidia-h100,6400
LDC_N10,1000,500,Fused Cell-Based,CPU,NeoN,64,gpu-nvidia-h100,6400
LDC_N10,1000,1022,Face-Based,CPU,NeoN,64,gpu-nvidia-h100,6400
LDC_N10,1000,1024,Face-Based,CPU,NeoN,64,gpu-nvidia-h100,6400
LDC_N10,1000,991,Face-Based,CPU,NeoN,64,gpu-nvidia-h100,6400
LDC_N220,10648000,155878,Fused Face-Based,CPU,NeoN,16,gpu-nvidia-h200,74245600
LDC_N220,10648000,160689,Fused Face-Based,CPU,NeoN,16,gpu-nvidia-h200,74245600
LDC_N220,10648000,159389,Fused Face-Based,CPU,NeoN,16,gpu-nvidia-h200,74245600
LDC_N220,10648000,38825,Fused Cell-Based,CPU,NeoN,16,gpu-nvidia-h200,74245600
LDC_N220,10648000,39113,Fused Cell-Based,CPU,NeoN,16,gpu-nvidia-h200,74245600
LDC_N220,10648000,38942,Fused Cell-Based,CPU,NeoN,16,gpu-nvidia-h200,74245600
LDC_N220,10648000,305423,Face-Based,CPU,NeoN,16,gpu-nvidia-h200,74245600
LDC_N220,10648000,285282,Face-Based,CPU,NeoN,16,gpu-nvidia-h200,74245600
LDC_N220,10648000,279039,Face-Based,CPU,NeoN,16,gpu-nvidia-h200,74245600
LDC_N10,1000,524,Fused Face-Based,CPU,NeoN,128,gpu-nvidia-h100,6400
LDC_N10,1000,530,Fused Face-Based,CPU,NeoN,128,gpu-nvidia-h100,6400
LDC_N10,1000,517,Fused Face-Based,CPU,NeoN,128,gpu-nvidia-h100,6400
LDC_N10,1000,492,Fused Cell-Based,CPU,NeoN,128,gpu-nvidia-h100,6400
LDC_N10,1000,458,Fused Cell-Based,CPU,NeoN,128,gpu-nvidia-h100,6400
LDC_N10,1000,456,Fused Cell-Based,CPU,NeoN,128,gpu-nvidia-h100,6400
LDC_N10,1000,1028,Face-Based,CPU,NeoN,128,gpu-nvidia-h100,6400
LDC_N10,1000,962,Face-Based,CPU,NeoN,128,gpu-nvidia-h100,6400
LDC_N10,1000,1045,Face-Based,CPU,NeoN,128,gpu-nvidia-h100,6400
LDC_N20,8000,1457,Fused Face-Based,CPU,NeoN,1,gpu-nvidia-h100,53600
LDC_N20,8000,1439,Fused Face-Based,CPU,NeoN,1,gpu-nvidia-h100,53600
LDC_N20,8000,1432,Fused Face-Based,CPU,NeoN,1,gpu-nvidia-h100,53600
LDC_N20,8000,514,Fused Cell-Based,CPU,NeoN,1,gpu-nvidia-h100,53600
LDC_N20,8000,517,Fused Cell-Based,CPU,NeoN,1,gpu-nvidia-h100,53600
LDC_N20,8000,513,Fused Cell-Based,CPU,NeoN,1,gpu-nvidia-h100,53600
LDC_N20,8000,2323,Face-Based,CPU,NeoN,1,gpu-nvidia-h100,53600
LDC_N20,8000,2309,Face-Based,CPU,NeoN,1,gpu-nvidia-h100,53600
LDC_N20,8000,2304,Face-Based,CPU,NeoN,1,gpu-nvidia-h100,53600
LDC_N20,8000,964,Fused Face-Based,CPU,NeoN,2,gpu-nvidia-h100,53600
LDC_N20,8000,928,Fused Face-Based,CPU,NeoN,2,gpu-nvidia-h100,53600
LDC_N20,8000,931,Fused Face-Based,CPU,NeoN,2,gpu-nvidia-h100,53600
LDC_N20,8000,415,Fused Cell-Based,CPU,NeoN,2,gpu-nvidia-h100,53600
LDC_N20,8000,373,Fused Cell-Based,CPU,NeoN,2,gpu-nvidia-h100,53600
LDC_N20,8000,369,Fused Cell-Based,CPU,NeoN,2,gpu-nvidia-h100,53600
LDC_N20,8000,1579,Face-Based,CPU,NeoN,2,gpu-nvidia-h100,53600
LDC_N20,8000,1551,Face-Based,CPU,NeoN,2,gpu-nvidia-h100,53600
LDC_N20,8000,1545,Face-Based,CPU,NeoN,2,gpu-nvidia-h100,53600
LDC_N20,8000,981,Fused Face-Based,CPU,NeoN,4,gpu-nvidia-h100,53600
LDC_N20,8000,962,Fused Face-Based,CPU,NeoN,4,gpu-nvidia-h100,53600
LDC_N20,8000,961,Fused Face-Based,CPU,NeoN,4,gpu-nvidia-h100,53600
LDC_N20,8000,327,Fused Cell-Based,CPU,NeoN,4,gpu-nvidia-h100,53600
LDC_N20,8000,321,Fused Cell-Based,CPU,NeoN,4,gpu-nvidia-h100,53600
LDC_N20,8000,308,Fused Cell-Based,CPU,NeoN,4,gpu-nvidia-h100,53600
LDC_N20,8000,1724,Face-Based,CPU,NeoN,4,gpu-nvidia-h100,53600
LDC_N20,8000,1773,Face-Based,CPU,NeoN,4,gpu-nvidia-h100,53600
LDC_N20,8000,1708,Face-Based,CPU,NeoN,4,gpu-nvidia-h100,53600
LDC_N20,8000,659,Fused Face-Based,CPU,NeoN,8,gpu-nvidia-h100,53600
LDC_N20,8000,632,Fused Face-Based,CPU,NeoN,8,gpu-nvidia-h100,53600
LDC_N20,8000,638,Fused Face-Based,CPU,NeoN,8,gpu-nvidia-h100,53600
LDC_N20,8000,289,Fused Cell-Based,CPU,NeoN,8,gpu-nvidia-h100,53600
LDC_N20,8000,324,Fused Cell-Based,CPU,NeoN,8,gpu-nvidia-h100,53600
LDC_N20,8000,280,Fused Cell-Based,CPU,NeoN,8,gpu-nvidia-h100,53600
LDC_N20,8000,1164,Face-Based,CPU,NeoN,8,gpu-nvidia-h100,53600
LDC_N20,8000,1151,Face-Based,CPU,NeoN,8,gpu-nvidia-h100,53600
LDC_N20,8000,1116,Face-Based,CPU,NeoN,8,gpu-nvidia-h100,53600
LDC_N20,8000,680,Fused Face-Based,CPU,NeoN,16,gpu-nvidia-h100,53600
LDC_N20,8000,401,Fused Face-Based,CPU,NeoN,16,gpu-nvidia-h100,53600
LDC_N20,8000,401,Fused Face-Based,CPU,NeoN,16,gpu-nvidia-h100,53600
LDC_N20,8000,223,Fused Cell-Based,CPU,NeoN,16,gpu-nvidia-h100,53600
LDC_N20,8000,226,Fused Cell-Based,CPU,NeoN,16,gpu-nvidia-h100,53600
LDC_N20,8000,216,Fused Cell-Based,CPU,NeoN,16,gpu-nvidia-h100,53600
LDC_N20,8000,777,Face-Based,CPU,NeoN,16,gpu-nvidia-h100,53600
LDC_N20,8000,791,Face-Based,CPU,NeoN,16,gpu-nvidia-h100,53600
LDC_N20,8000,740,Face-Based,CPU,NeoN,16,gpu-nvidia-h100,53600
LDC_N20,8000,409,Fused Face-Based,CPU,NeoN,32,gpu-nvidia-h100,53600
LDC_N20,8000,403,Fused Face-Based,CPU,NeoN,32,gpu-nvidia-h100,53600
LDC_N20,8000,388,Fused Face-Based,CPU,NeoN,32,gpu-nvidia-h100,53600
LDC_N20,8000,277,Fused Cell-Based,CPU,NeoN,32,gpu-nvidia-h100,53600
LDC_N20,8000,253,Fused Cell-Based,CPU,NeoN,32,gpu-nvidia-h100,53600
LDC_N20,8000,265,Fused Cell-Based,CPU,NeoN,32,gpu-nvidia-h100,53600
LDC_N20,8000,772,Face-Based,CPU,NeoN,32,gpu-nvidia-h100,53600
LDC_N20,8000,792,Face-Based,CPU,NeoN,32,gpu-nvidia-h100,53600
LDC_N20,8000,846,Face-Based,CPU,NeoN,32,gpu-nvidia-h100,53600
LDC_N20,8000,658,Fused Face-Based,CPU,NeoN,64,gpu-nvidia-h100,53600
LDC_N20,8000,684,Fused Face-Based,CPU,NeoN,64,gpu-nvidia-h100,53600
LDC_N20,8000,656,Fused Face-Based,CPU,NeoN,64,gpu-nvidia-h100,53600
LDC_N20,8000,545,Fused Cell-Based,CPU,NeoN,64,gpu-nvidia-h100,53600
LDC_N20,8000,568,Fused Cell-Based,CPU,NeoN,64,gpu-nvidia-h100,53600
LDC_N20,8000,546,Fused Cell-Based,CPU,NeoN,64,gpu-nvidia-h100,53600
LDC_N20,8000,1373,Face-Based,CPU,NeoN,64,gpu-nvidia-h100,53600
LDC_N20,8000,1326,Face-Based,CPU,NeoN,64,gpu-nvidia-h100,53600
LDC_N20,8000,1347,Face-Based,CPU,NeoN,64,gpu-nvidia-h100,53600
LDC_N220,10648000,90436,Fused Face-Based,CPU,NeoN,32,gpu-nvidia-h200,74245600
LDC_N220,10648000,94972,Fused Face-Based,CPU,NeoN,32,gpu-nvidia-h200,74245600
LDC_N220,10648000,99634,Fused Face-Based,CPU,NeoN,32,gpu-nvidia-h200,74245600
LDC_N220,10648000,34240,Fused Cell-Based,CPU,NeoN,32,gpu-nvidia-h200,74245600
LDC_N220,10648000,34304,Fused Cell-Based,CPU,NeoN,32,gpu-nvidia-h200,74245600
LDC_N220,10648000,35317,Fused Cell-Based,CPU,NeoN,32,gpu-nvidia-h200,74245600
LDC_N220,10648000,169259,Face-Based,CPU,NeoN,32,gpu-nvidia-h200,74245600
LDC_N220,10648000,174623,Face-Based,CPU,NeoN,32,gpu-nvidia-h200,74245600
LDC_N220,10648000,188256,Face-Based,CPU,NeoN,32,gpu-nvidia-h200,74245600
LDC_N20,8000,590,Fused Face-Based,CPU,NeoN,128,gpu-nvidia-h100,53600
LDC_N20,8000,647,Fused Face-Based,CPU,NeoN,128,gpu-nvidia-h100,53600
LDC_N20,8000,637,Fused Face-Based,CPU,NeoN,128,gpu-nvidia-h100,53600
LDC_N20,8000,523,Fused Cell-Based,CPU,NeoN,128,gpu-nvidia-h100,53600
LDC_N20,8000,547,Fused Cell-Based,CPU,NeoN,128,gpu-nvidia-h100,53600
LDC_N20,8000,535,Fused Cell-Based,CPU,NeoN,128,gpu-nvidia-h100,53600
LDC_N20,8000,1182,Face-Based,CPU,NeoN,128,gpu-nvidia-h100,53600
LDC_N20,8000,1255,Face-Based,CPU,NeoN,128,gpu-nvidia-h100,53600
LDC_N20,8000,1172,Face-Based,CPU,NeoN,128,gpu-nvidia-h100,53600
LDC_N30,27000,4834,Fused Face-Based,CPU,NeoN,1,gpu-nvidia-h100,183600
LDC_N30,27000,4786,Fused Face-Based,CPU,NeoN,1,gpu-nvidia-h100,183600
LDC_N30,27000,4735,Fused Face-Based,CPU,NeoN,1,gpu-nvidia-h100,183600
LDC_N30,27000,1655,Fused Cell-Based,CPU,NeoN,1,gpu-nvidia-h100,183600
LDC_N30,27000,1583,Fused Cell-Based,CPU,NeoN,1,gpu-nvidia-h100,183600
LDC_N30,27000,1582,Fused Cell-Based,CPU,NeoN,1,gpu-nvidia-h100,183600
LDC_N30,27000,7610,Face-Based,CPU,NeoN,1,gpu-nvidia-h100,183600
LDC_N30,27000,7590,Face-Based,CPU,NeoN,1,gpu-nvidia-h100,183600
LDC_N30,27000,11468,Face-Based,CPU,NeoN,1,gpu-nvidia-h100,183600
LDC_N30,27000,3254,Fused Face-Based,CPU,NeoN,2,gpu-nvidia-h100,183600
LDC_N30,27000,3135,Fused Face-Based,CPU,NeoN,2,gpu-nvidia-h100,183600
LDC_N30,27000,3120,Fused Face-Based,CPU,NeoN,2,gpu-nvidia-h100,183600
LDC_N30,27000,1042,Fused Cell-Based,CPU,NeoN,2,gpu-nvidia-h100,183600
LDC_N30,27000,984,Fused Cell-Based,CPU,NeoN,2,gpu-nvidia-h100,183600
LDC_N30,27000,960,Fused Cell-Based,CPU,NeoN,2,gpu-nvidia-h100,183600
LDC_N30,27000,5193,Face-Based,CPU,NeoN,2,gpu-nvidia-h100,183600
LDC_N30,27000,5120,Face-Based,CPU,NeoN,2,gpu-nvidia-h100,183600
LDC_N30,27000,5089,Face-Based,CPU,NeoN,2,gpu-nvidia-h100,183600
LDC_N30,27000,3067,Fused Face-Based,CPU,NeoN,4,gpu-nvidia-h100,183600
LDC_N30,27000,3037,Fused Face-Based,CPU,NeoN,4,gpu-nvidia-h100,183600
LDC_N30,27000,3133,Fused Face-Based,CPU,NeoN,4,gpu-nvidia-h100,183600
LDC_N30,27000,812,Fused Cell-Based,CPU,NeoN,4,gpu-nvidia-h100,183600
LDC_N30,27000,772,Fused Cell-Based,CPU,NeoN,4,gpu-nvidia-h100,183600
LDC_N30,27000,773,Fused Cell-Based,CPU,NeoN,4,gpu-nvidia-h100,183600
LDC_N30,27000,4931,Face-Based,CPU,NeoN,4,gpu-nvidia-h100,183600
LDC_N30,27000,4862,Face-Based,CPU,NeoN,4,gpu-nvidia-h100,183600
LDC_N30,27000,4973,Face-Based,CPU,NeoN,4,gpu-nvidia-h100,183600
LDC_N30,27000,1593,Fused Face-Based,CPU,NeoN,8,gpu-nvidia-h100,183600
LDC_N30,27000,1569,Fused Face-Based,CPU,NeoN,8,gpu-nvidia-h100,183600
LDC_N30,27000,1559,Fused Face-Based,CPU,NeoN,8,gpu-nvidia-h100,183600
LDC_N30,27000,489,Fused Cell-Based,CPU,NeoN,8,gpu-nvidia-h100,183600
LDC_N30,27000,453,Fused Cell-Based,CPU,NeoN,8,gpu-nvidia-h100,183600
LDC_N30,27000,446,Fused Cell-Based,CPU,NeoN,8,gpu-nvidia-h100,183600
LDC_N30,27000,2707,Face-Based,CPU,NeoN,8,gpu-nvidia-h100,183600
LDC_N30,27000,2802,Face-Based,CPU,NeoN,8,gpu-nvidia-h100,183600
LDC_N30,27000,2708,Face-Based,CPU,NeoN,8,gpu-nvidia-h100,183600
LDC_N30,27000,1027,Fused Face-Based,CPU,NeoN,16,gpu-nvidia-h100,183600
LDC_N30,27000,953,Fused Face-Based,CPU,NeoN,16,gpu-nvidia-h100,183600
LDC_N30,27000,978,Fused Face-Based,CPU,NeoN,16,gpu-nvidia-h100,183600
LDC_N30,27000,332,Fused Cell-Based,CPU,NeoN,16,gpu-nvidia-h100,183600
LDC_N30,27000,320,Fused Cell-Based,CPU,NeoN,16,gpu-nvidia-h100,183600
LDC_N30,27000,316,Fused Cell-Based,CPU,NeoN,16,gpu-nvidia-h100,183600
LDC_N30,27000,1763,Face-Based,CPU,NeoN,16,gpu-nvidia-h100,183600
LDC_N30,27000,1738,Face-Based,CPU,NeoN,16,gpu-nvidia-h100,183600
LDC_N30,27000,1734,Face-Based,CPU,NeoN,16,gpu-nvidia-h100,183600
LDC_N30,27000,1022,Fused Face-Based,CPU,NeoN,32,gpu-nvidia-h100,183600
LDC_N30,27000,979,Fused Face-Based,CPU,NeoN,32,gpu-nvidia-h100,183600
LDC_N30,27000,967,Fused Face-Based,CPU,NeoN,32,gpu-nvidia-h100,183600
LDC_N30,27000,429,Fused Cell-Based,CPU,NeoN,32,gpu-nvidia-h100,183600
LDC_N30,27000,426,Fused Cell-Based,CPU,NeoN,32,gpu-nvidia-h100,183600
LDC_N30,27000,430,Fused Cell-Based,CPU,NeoN,32,gpu-nvidia-h100,183600
LDC_N30,27000,2500,Face-Based,CPU,NeoN,32,gpu-nvidia-h100,183600
LDC_N30,27000,2592,Face-Based,CPU,NeoN,32,gpu-nvidia-h100,183600
LDC_N30,27000,2152,Face-Based,CPU,NeoN,32,gpu-nvidia-h100,183600
LDC_N30,27000,721,Fused Face-Based,CPU,NeoN,64,gpu-nvidia-h100,183600
LDC_N30,27000,727,Fused Face-Based,CPU,NeoN,64,gpu-nvidia-h100,183600
LDC_N30,27000,641,Fused Face-Based,CPU,NeoN,64,gpu-nvidia-h100,183600
LDC_N30,27000,335,Fused Cell-Based,CPU,NeoN,64,gpu-nvidia-h100,183600
LDC_N30,27000,324,Fused Cell-Based,CPU,NeoN,64,gpu-nvidia-h100,183600
LDC_N30,27000,344,Fused Cell-Based,CPU,NeoN,64,gpu-nvidia-h100,183600
LDC_N30,27000,1383,Face-Based,CPU,NeoN,64,gpu-nvidia-h100,183600
LDC_N30,27000,1717,Face-Based,CPU,NeoN,64,gpu-nvidia-h100,183600
LDC_N30,27000,1564,Face-Based,CPU,NeoN,64,gpu-nvidia-h100,183600
LDC_N30,27000,891,Fused Face-Based,CPU,NeoN,128,gpu-nvidia-h100,183600
LDC_N30,27000,816,Fused Face-Based,CPU,NeoN,128,gpu-nvidia-h100,183600
LDC_N30,27000,791,Fused Face-Based,CPU,NeoN,128,gpu-nvidia-h100,183600
LDC_N30,27000,585,Fused Cell-Based,CPU,NeoN,128,gpu-nvidia-h100,183600
LDC_N30,27000,608,Fused Cell-Based,CPU,NeoN,128,gpu-nvidia-h100,183600
LDC_N30,27000,593,Fused Cell-Based,CPU,NeoN,128,gpu-nvidia-h100,183600
LDC_N30,27000,1710,Face-Based,CPU,NeoN,128,gpu-nvidia-h100,183600
LDC_N30,27000,1892,Face-Based,CPU,NeoN,128,gpu-nvidia-h100,183600
LDC_N30,27000,1614,Face-Based,CPU,NeoN,128,gpu-nvidia-h100,183600
LDC_N220,10648000,46795,Fused Face-Based,CPU,NeoN,64,gpu-nvidia-h200,74245600
LDC_N220,10648000,47052,Fused Face-Based,CPU,NeoN,64,gpu-nvidia-h200,74245600
LDC_N220,10648000,48333,Fused Face-Based,CPU,NeoN,64,gpu-nvidia-h200,74245600
LDC_N220,10648000,34422,Fused Cell-Based,CPU,NeoN,64,gpu-nvidia-h200,74245600
LDC_N220,10648000,34235,Fused Cell-Based,CPU,NeoN,64,gpu-nvidia-h200,74245600
LDC_N220,10648000,34200,Fused Cell-Based,CPU,NeoN,64,gpu-nvidia-h200,74245600
LDC_N220,10648000,97854,Face-Based,CPU,NeoN,64,gpu-nvidia-h200,74245600
LDC_N220,10648000,96618,Face-Based,CPU,NeoN,64,gpu-nvidia-h200,74245600
LDC_N220,10648000,96858,Face-Based,CPU,NeoN,64,gpu-nvidia-h200,74245600
LDC_N40,64000,11993,Fused Face-Based,CPU,NeoN,1,gpu-nvidia-h100,438400
LDC_N40,64000,11763,Fused Face-Based,CPU,NeoN,1,gpu-nvidia-h100,438400
LDC_N40,64000,11683,Fused Face-Based,CPU,NeoN,1,gpu-nvidia-h100,438400
LDC_N40,64000,4663,Fused Cell-Based,CPU,NeoN,1,gpu-nvidia-h100,438400
LDC_N40,64000,4182,Fused Cell-Based,CPU,NeoN,1,gpu-nvidia-h100,438400
LDC_N40,64000,4201,Fused Cell-Based,CPU,NeoN,1,gpu-nvidia-h100,438400
LDC_N40,64000,19195,Face-Based,CPU,NeoN,1,gpu-nvidia-h100,438400
LDC_N40,64000,19346,Face-Based,CPU,NeoN,1,gpu-nvidia-h100,438400
LDC_N40,64000,18471,Face-Based,CPU,NeoN,1,gpu-nvidia-h100,438400
LDC_N40,64000,8024,Fused Face-Based,CPU,NeoN,2,gpu-nvidia-h100,438400
LDC_N40,64000,8315,Fused Face-Based,CPU,NeoN,2,gpu-nvidia-h100,438400
LDC_N40,64000,7558,Fused Face-Based,CPU,NeoN,2,gpu-nvidia-h100,438400
LDC_N40,64000,3074,Fused Cell-Based,CPU,NeoN,2,gpu-nvidia-h100,438400
LDC_N40,64000,2936,Fused Cell-Based,CPU,NeoN,2,gpu-nvidia-h100,438400
LDC_N40,64000,2786,Fused Cell-Based,CPU,NeoN,2,gpu-nvidia-h100,438400
LDC_N40,64000,12379,Face-Based,CPU,NeoN,2,gpu-nvidia-h100,438400
LDC_N40,64000,11908,Face-Based,CPU,NeoN,2,gpu-nvidia-h100,438400
LDC_N40,64000,12426,Face-Based,CPU,NeoN,2,gpu-nvidia-h100,438400
LDC_N40,64000,6611,Fused Face-Based,CPU,NeoN,4,gpu-nvidia-h100,438400
LDC_N40,64000,6206,Fused Face-Based,CPU,NeoN,4,gpu-nvidia-h100,438400
LDC_N40,64000,6444,Fused Face-Based,CPU,NeoN,4,gpu-nvidia-h100,438400
LDC_N40,64000,1816,Fused Cell-Based,CPU,NeoN,4,gpu-nvidia-h100,438400
LDC_N40,64000,1680,Fused Cell-Based,CPU,NeoN,4,gpu-nvidia-h100,438400
LDC_N40,64000,1652,Fused Cell-Based,CPU,NeoN,4,gpu-nvidia-h100,438400
LDC_N40,64000,10786,Face-Based,CPU,NeoN,4,gpu-nvidia-h100,438400
LDC_N40,64000,10401,Face-Based,CPU,NeoN,4,gpu-nvidia-h100,438400
LDC_N40,64000,10613,Face-Based,CPU,NeoN,4,gpu-nvidia-h100,438400
LDC_N40,64000,3862,Fused Face-Based,CPU,NeoN,8,gpu-nvidia-h100,438400
LDC_N40,64000,3844,Fused Face-Based,CPU,NeoN,8,gpu-nvidia-h100,438400
LDC_N40,64000,3701,Fused Face-Based,CPU,NeoN,8,gpu-nvidia-h100,438400
LDC_N40,64000,970,Fused Cell-Based,CPU,NeoN,8,gpu-nvidia-h100,438400
LDC_N40,64000,907,Fused Cell-Based,CPU,NeoN,8,gpu-nvidia-h100,438400
LDC_N40,64000,917,Fused Cell-Based,CPU,NeoN,8,gpu-nvidia-h100,438400
LDC_N40,64000,6258,Face-Based,CPU,NeoN,8,gpu-nvidia-h100,438400
LDC_N40,64000,6169,Face-Based,CPU,NeoN,8,gpu-nvidia-h100,438400
LDC_N40,64000,6233,Face-Based,CPU,NeoN,8,gpu-nvidia-h100,438400
LDC_N40,64000,2260,Fused Face-Based,CPU,NeoN,16,gpu-nvidia-h100,438400
LDC_N40,64000,2246,Fused Face-Based,CPU,NeoN,16,gpu-nvidia-h100,438400
LDC_N40,64000,2239,Fused Face-Based,CPU,NeoN,16,gpu-nvidia-h100,438400
LDC_N40,64000,823,Fused Cell-Based,CPU,NeoN,16,gpu-nvidia-h100,438400
LDC_N40,64000,819,Fused Cell-Based,CPU,NeoN,16,gpu-nvidia-h100,438400
LDC_N40,64000,808,Fused Cell-Based,CPU,NeoN,16,gpu-nvidia-h100,438400
LDC_N40,64000,4217,Face-Based,CPU,NeoN,16,gpu-nvidia-h100,438400
LDC_N40,64000,3996,Face-Based,CPU,NeoN,16,gpu-nvidia-h100,438400
LDC_N40,64000,3918,Face-Based,CPU,NeoN,16,gpu-nvidia-h100,438400
LDC_N40,64000,1305,Fused Face-Based,CPU,NeoN,32,gpu-nvidia-h100,438400
LDC_N40,64000,1405,Fused Face-Based,CPU,NeoN,32,gpu-nvidia-h100,438400
LDC_N40,64000,1205,Fused Face-Based,CPU,NeoN,32,gpu-nvidia-h100,438400
LDC_N40,64000,420,Fused Cell-Based,CPU,NeoN,32,gpu-nvidia-h100,438400
LDC_N40,64000,457,Fused Cell-Based,CPU,NeoN,32,gpu-nvidia-h100,438400
LDC_N40,64000,404,Fused Cell-Based,CPU,NeoN,32,gpu-nvidia-h100,438400
LDC_N40,64000,2721,Face-Based,CPU,NeoN,32,gpu-nvidia-h100,438400
LDC_N40,64000,2793,Face-Based,CPU,NeoN,32,gpu-nvidia-h100,438400
LDC_N40,64000,2674,Face-Based,CPU,NeoN,32,gpu-nvidia-h100,438400
LDC_N40,64000,1199,Fused Face-Based,CPU,NeoN,64,gpu-nvidia-h100,438400
LDC_N40,64000,1154,Fused Face-Based,CPU,NeoN,64,gpu-nvidia-h100,438400
LDC_N40,64000,1184,Fused Face-Based,CPU,NeoN,64,gpu-nvidia-h100,438400
LDC_N40,64000,612,Fused Cell-Based,CPU,NeoN,64,gpu-nvidia-h100,438400
LDC_N40,64000,596,Fused Cell-Based,CPU,NeoN,64,gpu-nvidia-h100,438400
LDC_N40,64000,578,Fused Cell-Based,CPU,NeoN,64,gpu-nvidia-h100,438400
LDC_N40,64000,2379,Face-Based,CPU,NeoN,64,gpu-nvidia-h100,438400
LDC_N40,64000,2753,Face-Based,CPU,NeoN,64,gpu-nvidia-h100,438400
LDC_N40,64000,2209,Face-Based,CPU,NeoN,64,gpu-nvidia-h100,438400
LDC_N220,10648000,48073,Fused Face-Based,CPU,NeoN,128,gpu-nvidia-h200,74245600
LDC_N220,10648000,48026,Fused Face-Based,CPU,NeoN,128,gpu-nvidia-h200,74245600
LDC_N220,10648000,50413,Fused Face-Based,CPU,NeoN,128,gpu-nvidia-h200,74245600
LDC_N220,10648000,36851,Fused Cell-Based,CPU,NeoN,128,gpu-nvidia-h200,74245600
LDC_N220,10648000,36633,Fused Cell-Based,CPU,NeoN,128,gpu-nvidia-h200,74245600
LDC_N220,10648000,36644,Fused Cell-Based,CPU,NeoN,128,gpu-nvidia-h200,74245600
LDC_N220,10648000,76521,Face-Based,CPU,NeoN,128,gpu-nvidia-h200,74245600
LDC_N220,10648000,93442,Face-Based,CPU,NeoN,128,gpu-nvidia-h200,74245600
LDC_N220,10648000,76390,Face-Based,CPU,NeoN,128,gpu-nvidia-h200,74245600
LDC_N40,64000,1396,Fused Face-Based,CPU,NeoN,128,gpu-nvidia-h100,438400
LDC_N40,64000,1363,Fused Face-Based,CPU,NeoN,128,gpu-nvidia-h100,438400
LDC_N40,64000,1377,Fused Face-Based,CPU,NeoN,128,gpu-nvidia-h100,438400
LDC_N40,64000,691,Fused Cell-Based,CPU,NeoN,128,gpu-nvidia-h100,438400
LDC_N40,64000,669,Fused Cell-Based,CPU,NeoN,128,gpu-nvidia-h100,438400
LDC_N40,64000,643,Fused Cell-Based,CPU,NeoN,128,gpu-nvidia-h100,438400
LDC_N40,64000,2622,Face-Based,CPU,NeoN,128,gpu-nvidia-h100,438400
LDC_N40,64000,2659,Face-Based,CPU,NeoN,128,gpu-nvidia-h100,438400
LDC_N40,64000,2636,Face-Based,CPU,NeoN,128,gpu-nvidia-h100,438400
LDC_N50,125000,25331,Fused Face-Based,CPU,NeoN,1,gpu-nvidia-h100,860000
LDC_N50,125000,25781,Fused Face-Based,CPU,NeoN,1,gpu-nvidia-h100,860000
LDC_N50,125000,25564,Fused Face-Based,CPU,NeoN,1,gpu-nvidia-h100,860000
LDC_N50,125000,12859,Fused Cell-Based,CPU,NeoN,1,gpu-nvidia-h100,860000
LDC_N50,125000,12828,Fused Cell-Based,CPU,NeoN,1,gpu-nvidia-h100,860000
LDC_N50,125000,12029,Fused Cell-Based,CPU,NeoN,1,gpu-nvidia-h100,860000
LDC_N50,125000,40434,Face-Based,CPU,NeoN,1,gpu-nvidia-h100,860000
LDC_N50,125000,40009,Face-Based,CPU,NeoN,1,gpu-nvidia-h100,860000
LDC_N50,125000,39756,Face-Based,CPU,NeoN,1,gpu-nvidia-h100,860000
LDC_N50,125000,16646,Fused Face-Based,CPU,NeoN,2,gpu-nvidia-h100,860000
LDC_N50,125000,16104,Fused Face-Based,CPU,NeoN,2,gpu-nvidia-h100,860000
LDC_N50,125000,16104,Fused Face-Based,CPU,NeoN,2,gpu-nvidia-h100,860000
LDC_N50,125000,6596,Fused Cell-Based,CPU,NeoN,2,gpu-nvidia-h100,860000
LDC_N50,125000,6547,Fused Cell-Based,CPU,NeoN,2,gpu-nvidia-h100,860000
LDC_N50,125000,6500,Fused Cell-Based,CPU,NeoN,2,gpu-nvidia-h100,860000
LDC_N50,125000,25130,Face-Based,CPU,NeoN,2,gpu-nvidia-h100,860000
LDC_N50,125000,29245,Face-Based,CPU,NeoN,2,gpu-nvidia-h100,860000
LDC_N50,125000,24728,Face-Based,CPU,NeoN,2,gpu-nvidia-h100,860000
LDC_N50,125000,15180,Fused Face-Based,CPU,NeoN,4,gpu-nvidia-h100,860000
LDC_N50,125000,13529,Fused Face-Based,CPU,NeoN,4,gpu-nvidia-h100,860000
LDC_N50,125000,13737,Fused Face-Based,CPU,NeoN,4,gpu-nvidia-h100,860000
LDC_N50,125000,3658,Fused Cell-Based,CPU,NeoN,4,gpu-nvidia-h100,860000
LDC_N50,125000,3450,Fused Cell-Based,CPU,NeoN,4,gpu-nvidia-h100,860000
LDC_N50,125000,3423,Fused Cell-Based,CPU,NeoN,4,gpu-nvidia-h100,860000
LDC_N50,125000,22182,Face-Based,CPU,NeoN,4,gpu-nvidia-h100,860000
LDC_N50,125000,21556,Face-Based,CPU,NeoN,4,gpu-nvidia-h100,860000
LDC_N50,125000,21496,Face-Based,CPU,NeoN,4,gpu-nvidia-h100,860000
LDC_N50,125000,9563,Fused Face-Based,CPU,NeoN,8,gpu-nvidia-h100,860000
LDC_N50,125000,7574,Fused Face-Based,CPU,NeoN,8,gpu-nvidia-h100,860000
LDC_N50,125000,7491,Fused Face-Based,CPU,NeoN,8,gpu-nvidia-h100,860000
LDC_N50,125000,2104,Fused Cell-Based,CPU,NeoN,8,gpu-nvidia-h100,860000
LDC_N50,125000,2049,Fused Cell-Based,CPU,NeoN,8,gpu-nvidia-h100,860000
LDC_N50,125000,2092,Fused Cell-Based,CPU,NeoN,8,gpu-nvidia-h100,860000
LDC_N50,125000,12549,Face-Based,CPU,NeoN,8,gpu-nvidia-h100,860000
LDC_N50,125000,12190,Face-Based,CPU,NeoN,8,gpu-nvidia-h100,860000
LDC_N50,125000,11356,Face-Based,CPU,NeoN,8,gpu-nvidia-h100,860000
LDC_N50,125000,5404,Fused Face-Based,CPU,NeoN,16,gpu-nvidia-h100,860000
LDC_N50,125000,4011,Fused Face-Based,CPU,NeoN,16,gpu-nvidia-h100,860000
LDC_N50,125000,3976,Fused Face-Based,CPU,NeoN,16,gpu-nvidia-h100,860000
LDC_N50,125000,1094,Fused Cell-Based,CPU,NeoN,16,gpu-nvidia-h100,860000
LDC_N50,125000,1037,Fused Cell-Based,CPU,NeoN,16,gpu-nvidia-h100,860000
LDC_N50,125000,997,Fused Cell-Based,CPU,NeoN,16,gpu-nvidia-h100,860000
LDC_N50,125000,8130,Face-Based,CPU,NeoN,16,gpu-nvidia-h100,860000
LDC_N50,125000,7474,Face-Based,CPU,NeoN,16,gpu-nvidia-h100,860000
LDC_N50,125000,6819,Face-Based,CPU,NeoN,16,gpu-nvidia-h100,860000
LDC_N50,125000,3099,Fused Face-Based,CPU,NeoN,32,gpu-nvidia-h100,860000
LDC_N50,125000,2609,Fused Face-Based,CPU,NeoN,32,gpu-nvidia-h100,860000
LDC_N50,125000,2644,Fused Face-Based,CPU,NeoN,32,gpu-nvidia-h100,860000
LDC_N50,125000,769,Fused Cell-Based,CPU,NeoN,32,gpu-nvidia-h100,860000
LDC_N50,125000,791,Fused Cell-Based,CPU,NeoN,32,gpu-nvidia-h100,860000
LDC_N50,125000,910,Fused Cell-Based,CPU,NeoN,32,gpu-nvidia-h100,860000
LDC_N50,125000,5389,Face-Based,CPU,NeoN,32,gpu-nvidia-h100,860000
LDC_N50,125000,5783,Face-Based,CPU,NeoN,32,gpu-nvidia-h100,860000
LDC_N50,125000,4958,Face-Based,CPU,NeoN,32,gpu-nvidia-h100,860000
LDC_N50,125000,2712,Fused Face-Based,CPU,NeoN,64,gpu-nvidia-h100,860000
LDC_N50,125000,2223,Fused Face-Based,CPU,NeoN,64,gpu-nvidia-h100,860000
LDC_N50,125000,2578,Fused Face-Based,CPU,NeoN,64,gpu-nvidia-h100,860000
LDC_N50,125000,790,Fused Cell-Based,CPU,NeoN,64,gpu-nvidia-h100,860000
LDC_N50,125000,755,Fused Cell-Based,CPU,NeoN,64,gpu-nvidia-h100,860000
LDC_N50,125000,857,Fused Cell-Based,CPU,NeoN,64,gpu-nvidia-h100,860000
LDC_N50,125000,4685,Face-Based,CPU,NeoN,64,gpu-nvidia-h100,860000
LDC_N50,125000,4569,Face-Based,CPU,NeoN,64,gpu-nvidia-h100,860000
LDC_N50,125000,5432,Face-Based,CPU,NeoN,64,gpu-nvidia-h100,860000
LDC_N50,125000,2073,Fused Face-Based,CPU,NeoN,128,gpu-nvidia-h100,860000
LDC_N50,125000,1741,Fused Face-Based,CPU,NeoN,128,gpu-nvidia-h100,860000
LDC_N50,125000,1611,Fused Face-Based,CPU,NeoN,128,gpu-nvidia-h100,860000
LDC_N50,125000,900,Fused Cell-Based,CPU,NeoN,128,gpu-nvidia-h100,860000
LDC_N50,125000,802,Fused Cell-Based,CPU,NeoN,128,gpu-nvidia-h100,860000
LDC_N50,125000,765,Fused Cell-Based,CPU,NeoN,128,gpu-nvidia-h100,860000
LDC_N50,125000,4138,Face-Based,CPU,NeoN,128,gpu-nvidia-h100,860000
LDC_N50,125000,4040,Face-Based,CPU,NeoN,128,gpu-nvidia-h100,860000
LDC_N50,125000,3275,Face-Based,CPU,NeoN,128,gpu-nvidia-h100,860000
LDC_N60,216000,43240,Fused Face-Based,CPU,NeoN,1,gpu-nvidia-h100,1490400
LDC_N60,216000,43511,Fused Face-Based,CPU,NeoN,1,gpu-nvidia-h100,1490400
LDC_N60,216000,43369,Fused Face-Based,CPU,NeoN,1,gpu-nvidia-h100,1490400
LDC_N60,216000,21871,Fused Cell-Based,CPU,NeoN,1,gpu-nvidia-h100,1490400
LDC_N60,216000,21930,Fused Cell-Based,CPU,NeoN,1,gpu-nvidia-h100,1490400
LDC_N60,216000,22276,Fused Cell-Based,CPU,NeoN,1,gpu-nvidia-h100,1490400
LDC_N60,216000,68464,Face-Based,CPU,NeoN,1,gpu-nvidia-h100,1490400
LDC_N60,216000,69823,Face-Based,CPU,NeoN,1,gpu-nvidia-h100,1490400
LDC_N60,216000,68929,Face-Based,CPU,NeoN,1,gpu-nvidia-h100,1490400
LDC_N60,216000,28911,Fused Face-Based,CPU,NeoN,2,gpu-nvidia-h100,1490400
LDC_N60,216000,28238,Fused Face-Based,CPU,NeoN,2,gpu-nvidia-h100,1490400
LDC_N60,216000,32584,Fused Face-Based,CPU,NeoN,2,gpu-nvidia-h100,1490400
LDC_N60,216000,12704,Fused Cell-Based,CPU,NeoN,2,gpu-nvidia-h100,1490400
LDC_N60,216000,12842,Fused Cell-Based,CPU,NeoN,2,gpu-nvidia-h100,1490400
LDC_N60,216000,12762,Fused Cell-Based,CPU,NeoN,2,gpu-nvidia-h100,1490400
LDC_N60,216000,46471,Face-Based,CPU,NeoN,2,gpu-nvidia-h100,1490400
LDC_N60,216000,47098,Face-Based,CPU,NeoN,2,gpu-nvidia-h100,1490400
LDC_N60,216000,47299,Face-Based,CPU,NeoN,2,gpu-nvidia-h100,1490400
LDC_N240,13824000,1333072,Fused Face-Based,CPU,NeoN,1,gpu-nvidia-h200,96422400
LDC_N240,13824000,1331205,Fused Face-Based,CPU,NeoN,1,gpu-nvidia-h200,96422400
LDC_N240,13824000,1332325,Fused Face-Based,CPU,NeoN,1,gpu-nvidia-h200,96422400
LDC_N240,13824000,368729,Fused Cell-Based,CPU,NeoN,1,gpu-nvidia-h200,96422400
LDC_N240,13824000,372127,Fused Cell-Based,CPU,NeoN,1,gpu-nvidia-h200,96422400
LDC_N240,13824000,371941,Fused Cell-Based,CPU,NeoN,1,gpu-nvidia-h200,96422400
LDC_N240,13824000,2197516,Face-Based,CPU,NeoN,1,gpu-nvidia-h200,96422400
LDC_N240,13824000,2197969,Face-Based,CPU,NeoN,1,gpu-nvidia-h200,96422400
LDC_N240,13824000,2198140,Face-Based,CPU,NeoN,1,gpu-nvidia-h200,96422400
LDC_N60,216000,22974,Fused Face-Based,CPU,NeoN,4,gpu-nvidia-h100,1490400
LDC_N60,216000,23472,Fused Face-Based,CPU,NeoN,4,gpu-nvidia-h100,1490400
LDC_N60,216000,23378,Fused Face-Based,CPU,NeoN,4,gpu-nvidia-h100,1490400
LDC_N60,216000,6913,Fused Cell-Based,CPU,NeoN,4,gpu-nvidia-h100,1490400
LDC_N60,216000,6857,Fused Cell-Based,CPU,NeoN,4,gpu-nvidia-h100,1490400
LDC_N60,216000,6848,Fused Cell-Based,CPU,NeoN,4,gpu-nvidia-h100,1490400
LDC_N60,216000,36960,Face-Based,CPU,NeoN,4,gpu-nvidia-h100,1490400
LDC_N60,216000,37990,Face-Based,CPU,NeoN,4,gpu-nvidia-h100,1490400
LDC_N60,216000,38115,Face-Based,CPU,NeoN,4,gpu-nvidia-h100,1490400
LDC_N60,216000,14493,Fused Face-Based,CPU,NeoN,8,gpu-nvidia-h100,1490400
LDC_N60,216000,13028,Fused Face-Based,CPU,NeoN,8,gpu-nvidia-h100,1490400
LDC_N60,216000,13077,Fused Face-Based,CPU,NeoN,8,gpu-nvidia-h100,1490400
LDC_N60,216000,3987,Fused Cell-Based,CPU,NeoN,8,gpu-nvidia-h100,1490400
LDC_N60,216000,3837,Fused Cell-Based,CPU,NeoN,8,gpu-nvidia-h100,1490400
LDC_N60,216000,3812,Fused Cell-Based,CPU,NeoN,8,gpu-nvidia-h100,1490400
LDC_N60,216000,21578,Face-Based,CPU,NeoN,8,gpu-nvidia-h100,1490400
LDC_N60,216000,22424,Face-Based,CPU,NeoN,8,gpu-nvidia-h100,1490400
LDC_N60,216000,21884,Face-Based,CPU,NeoN,8,gpu-nvidia-h100,1490400
LDC_N60,216000,8697,Fused Face-Based,CPU,NeoN,16,gpu-nvidia-h100,1490400
LDC_N60,216000,7252,Fused Face-Based,CPU,NeoN,16,gpu-nvidia-h100,1490400
LDC_N60,216000,6840,Fused Face-Based,CPU,NeoN,16,gpu-nvidia-h100,1490400
LDC_N60,216000,2379,Fused Cell-Based,CPU,NeoN,16,gpu-nvidia-h100,1490400
LDC_N60,216000,2203,Fused Cell-Based,CPU,NeoN,16,gpu-nvidia-h100,1490400
LDC_N60,216000,2164,Fused Cell-Based,CPU,NeoN,16,gpu-nvidia-h100,1490400
LDC_N60,216000,11653,Face-Based,CPU,NeoN,16,gpu-nvidia-h100,1490400
LDC_N60,216000,12345,Face-Based,CPU,NeoN,16,gpu-nvidia-h100,1490400
LDC_N60,216000,11607,Face-Based,CPU,NeoN,16,gpu-nvidia-h100,1490400
LDC_N60,216000,5241,Fused Face-Based,CPU,NeoN,32,gpu-nvidia-h100,1490400
LDC_N60,216000,4166,Fused Face-Based,CPU,NeoN,32,gpu-nvidia-h100,1490400
LDC_N60,216000,4073,Fused Face-Based,CPU,NeoN,32,gpu-nvidia-h100,1490400
LDC_N60,216000,1617,Fused Cell-Based,CPU,NeoN,32,gpu-nvidia-h100,1490400
LDC_N60,216000,1394,Fused Cell-Based,CPU,NeoN,32,gpu-nvidia-h100,1490400
LDC_N60,216000,1340,Fused Cell-Based,CPU,NeoN,32,gpu-nvidia-h100,1490400
LDC_N60,216000,8023,Face-Based,CPU,NeoN,32,gpu-nvidia-h100,1490400
LDC_N60,216000,8345,Face-Based,CPU,NeoN,32,gpu-nvidia-h100,1490400
LDC_N60,216000,7050,Face-Based,CPU,NeoN,32,gpu-nvidia-h100,1490400
LDC_N60,216000,4241,Fused Face-Based,CPU,NeoN,64,gpu-nvidia-h100,1490400
LDC_N60,216000,3812,Fused Face-Based,CPU,NeoN,64,gpu-nvidia-h100,1490400
LDC_N60,216000,3227,Fused Face-Based,CPU,NeoN,64,gpu-nvidia-h100,1490400
LDC_N60,216000,1226,Fused Cell-Based,CPU,NeoN,64,gpu-nvidia-h100,1490400
LDC_N60,216000,1004,Fused Cell-Based,CPU,NeoN,64,gpu-nvidia-h100,1490400
LDC_N60,216000,757,Fused Cell-Based,CPU,NeoN,64,gpu-nvidia-h100,1490400
LDC_N60,216000,8062,Face-Based,CPU,NeoN,64,gpu-nvidia-h100,1490400
LDC_N60,216000,6985,Face-Based,CPU,NeoN,64,gpu-nvidia-h100,1490400
LDC_N60,216000,5574,Face-Based,CPU,NeoN,64,gpu-nvidia-h100,1490400
LDC_N60,216000,3841,Fused Face-Based,CPU,NeoN,128,gpu-nvidia-h100,1490400
LDC_N60,216000,2635,Fused Face-Based,CPU,NeoN,128,gpu-nvidia-h100,1490400
LDC_N60,216000,2343,Fused Face-Based,CPU,NeoN,128,gpu-nvidia-h100,1490400
LDC_N60,216000,1549,Fused Cell-Based,CPU,NeoN,128,gpu-nvidia-h100,1490400
LDC_N60,216000,1253,Fused Cell-Based,CPU,NeoN,128,gpu-nvidia-h100,1490400
LDC_N60,216000,1074,Fused Cell-Based,CPU,NeoN,128,gpu-nvidia-h100,1490400
LDC_N60,216000,5688,Face-Based,CPU,NeoN,128,gpu-nvidia-h100,1490400
LDC_N60,216000,5471,Face-Based,CPU,NeoN,128,gpu-nvidia-h100,1490400
LDC_N60,216000,4062,Face-Based,CPU,NeoN,128,gpu-nvidia-h100,1490400
LDC_N70,343000,67798,Fused Face-Based,CPU,NeoN,1,gpu-nvidia-h100,2371600
LDC_N70,343000,68914,Fused Face-Based,CPU,NeoN,1,gpu-nvidia-h100,2371600
LDC_N70,343000,68284,Fused Face-Based,CPU,NeoN,1,gpu-nvidia-h100,2371600
LDC_N70,343000,33604,Fused Cell-Based,CPU,NeoN,1,gpu-nvidia-h100,2371600
LDC_N70,343000,32828,Fused Cell-Based,CPU,NeoN,1,gpu-nvidia-h100,2371600
LDC_N70,343000,38864,Fused Cell-Based,CPU,NeoN,1,gpu-nvidia-h100,2371600
LDC_N70,343000,109743,Face-Based,CPU,NeoN,1,gpu-nvidia-h100,2371600
LDC_N70,343000,110575,Face-Based,CPU,NeoN,1,gpu-nvidia-h100,2371600
LDC_N70,343000,108262,Face-Based,CPU,NeoN,1,gpu-nvidia-h100,2371600
LDC_N70,343000,45301,Fused Face-Based,CPU,NeoN,2,gpu-nvidia-h100,2371600
LDC_N70,343000,44026,Fused Face-Based,CPU,NeoN,2,gpu-nvidia-h100,2371600
LDC_N70,343000,45084,Fused Face-Based,CPU,NeoN,2,gpu-nvidia-h100,2371600
LDC_N70,343000,19532,Fused Cell-Based,CPU,NeoN,2,gpu-nvidia-h100,2371600
LDC_N70,343000,19696,Fused Cell-Based,CPU,NeoN,2,gpu-nvidia-h100,2371600
LDC_N70,343000,19717,Fused Cell-Based,CPU,NeoN,2,gpu-nvidia-h100,2371600
LDC_N70,343000,71816,Face-Based,CPU,NeoN,2,gpu-nvidia-h100,2371600
LDC_N70,343000,72739,Face-Based,CPU,NeoN,2,gpu-nvidia-h100,2371600
LDC_N70,343000,71562,Face-Based,CPU,NeoN,2,gpu-nvidia-h100,2371600
LDC_N70,343000,34278,Fused Face-Based,CPU,NeoN,4,gpu-nvidia-h100,2371600
LDC_N70,343000,35854,Fused Face-Based,CPU,NeoN,4,gpu-nvidia-h100,2371600
LDC_N70,343000,34156,Fused Face-Based,CPU,NeoN,4,gpu-nvidia-h100,2371600
LDC_N70,343000,11907,Fused Cell-Based,CPU,NeoN,4,gpu-nvidia-h100,2371600
LDC_N70,343000,11964,Fused Cell-Based,CPU,NeoN,4,gpu-nvidia-h100,2371600
LDC_N70,343000,11852,Fused Cell-Based,CPU,NeoN,4,gpu-nvidia-h100,2371600
LDC_N70,343000,55721,Face-Based,CPU,NeoN,4,gpu-nvidia-h100,2371600
LDC_N70,343000,59025,Face-Based,CPU,NeoN,4,gpu-nvidia-h100,2371600
LDC_N70,343000,54614,Face-Based,CPU,NeoN,4,gpu-nvidia-h100,2371600
LDC_N240,13824000,1076936,Fused Face-Based,CPU,NeoN,2,gpu-nvidia-h200,96422400
LDC_N240,13824000,1073004,Fused Face-Based,CPU,NeoN,2,gpu-nvidia-h200,96422400
LDC_N240,13824000,1066570,Fused Face-Based,CPU,NeoN,2,gpu-nvidia-h200,96422400
LDC_N240,13824000,181731,Fused Cell-Based,CPU,NeoN,2,gpu-nvidia-h200,96422400
LDC_N240,13824000,181209,Fused Cell-Based,CPU,NeoN,2,gpu-nvidia-h200,96422400
LDC_N240,13824000,180552,Fused Cell-Based,CPU,NeoN,2,gpu-nvidia-h200,96422400
LDC_N240,13824000,1827484,Face-Based,CPU,NeoN,2,gpu-nvidia-h200,96422400
LDC_N240,13824000,1797781,Face-Based,CPU,NeoN,2,gpu-nvidia-h200,96422400
LDC_N240,13824000,1799033,Face-Based,CPU,NeoN,2,gpu-nvidia-h200,96422400
LDC_N70,343000,21433,Fused Face-Based,CPU,NeoN,8,gpu-nvidia-h100,2371600
LDC_N70,343000,19764,Fused Face-Based,CPU,NeoN,8,gpu-nvidia-h100,2371600
LDC_N70,343000,19936,Fused Face-Based,CPU,NeoN,8,gpu-nvidia-h100,2371600
LDC_N70,343000,6583,Fused Cell-Based,CPU,NeoN,8,gpu-nvidia-h100,2371600
LDC_N70,343000,6507,Fused Cell-Based,CPU,NeoN,8,gpu-nvidia-h100,2371600
LDC_N70,343000,6473,Fused Cell-Based,CPU,NeoN,8,gpu-nvidia-h100,2371600
LDC_N70,343000,32491,Face-Based,CPU,NeoN,8,gpu-nvidia-h100,2371600
LDC_N70,343000,33435,Face-Based,CPU,NeoN,8,gpu-nvidia-h100,2371600
LDC_N70,343000,32566,Face-Based,CPU,NeoN,8,gpu-nvidia-h100,2371600
LDC_N70,343000,12976,Fused Face-Based,CPU,NeoN,16,gpu-nvidia-h100,2371600
LDC_N70,343000,12482,Fused Face-Based,CPU,NeoN,16,gpu-nvidia-h100,2371600
LDC_N70,343000,11771,Fused Face-Based,CPU,NeoN,16,gpu-nvidia-h100,2371600
LDC_N70,343000,5324,Fused Cell-Based,CPU,NeoN,16,gpu-nvidia-h100,2371600
LDC_N70,343000,5207,Fused Cell-Based,CPU,NeoN,16,gpu-nvidia-h100,2371600
LDC_N70,343000,5409,Fused Cell-Based,CPU,NeoN,16,gpu-nvidia-h100,2371600
LDC_N70,343000,21454,Face-Based,CPU,NeoN,16,gpu-nvidia-h100,2371600
LDC_N70,343000,21653,Face-Based,CPU,NeoN,16,gpu-nvidia-h100,2371600
LDC_N70,343000,20796,Face-Based,CPU,NeoN,16,gpu-nvidia-h100,2371600
LDC_N70,343000,7987,Fused Face-Based,CPU,NeoN,32,gpu-nvidia-h100,2371600
LDC_N70,343000,6640,Fused Face-Based,CPU,NeoN,32,gpu-nvidia-h100,2371600
LDC_N70,343000,6600,Fused Face-Based,CPU,NeoN,32,gpu-nvidia-h100,2371600
LDC_N70,343000,2910,Fused Cell-Based,CPU,NeoN,32,gpu-nvidia-h100,2371600
LDC_N70,343000,2805,Fused Cell-Based,CPU,NeoN,32,gpu-nvidia-h100,2371600
LDC_N70,343000,2792,Fused Cell-Based,CPU,NeoN,32,gpu-nvidia-h100,2371600
LDC_N70,343000,11649,Face-Based,CPU,NeoN,32,gpu-nvidia-h100,2371600
LDC_N70,343000,12285,Face-Based,CPU,NeoN,32,gpu-nvidia-h100,2371600
LDC_N70,343000,11461,Face-Based,CPU,NeoN,32,gpu-nvidia-h100,2371600
LDC_N70,343000,5803,Fused Face-Based,CPU,NeoN,64,gpu-nvidia-h100,2371600
LDC_N70,343000,4126,Fused Face-Based,CPU,NeoN,64,gpu-nvidia-h100,2371600
LDC_N70,343000,3661,Fused Face-Based,CPU,NeoN,64,gpu-nvidia-h100,2371600
LDC_N70,343000,1900,Fused Cell-Based,CPU,NeoN,64,gpu-nvidia-h100,2371600
LDC_N70,343000,1569,Fused Cell-Based,CPU,NeoN,64,gpu-nvidia-h100,2371600
LDC_N70,343000,1314,Fused Cell-Based,CPU,NeoN,64,gpu-nvidia-h100,2371600
LDC_N70,343000,8354,Face-Based,CPU,NeoN,64,gpu-nvidia-h100,2371600
LDC_N70,343000,8274,Face-Based,CPU,NeoN,64,gpu-nvidia-h100,2371600
LDC_N70,343000,6604,Face-Based,CPU,NeoN,64,gpu-nvidia-h100,2371600
LDC_N70,343000,5017,Fused Face-Based,CPU,NeoN,128,gpu-nvidia-h100,2371600
LDC_N70,343000,3873,Fused Face-Based,CPU,NeoN,128,gpu-nvidia-h100,2371600
LDC_N70,343000,3964,Fused Face-Based,CPU,NeoN,128,gpu-nvidia-h100,2371600
LDC_N70,343000,2225,Fused Cell-Based,CPU,NeoN,128,gpu-nvidia-h100,2371600
LDC_N70,343000,2051,Fused Cell-Based,CPU,NeoN,128,gpu-nvidia-h100,2371600
LDC_N70,343000,2016,Fused Cell-Based,CPU,NeoN,128,gpu-nvidia-h100,2371600
LDC_N70,343000,9464,Face-Based,CPU,NeoN,128,gpu-nvidia-h100,2371600
LDC_N70,343000,8740,Face-Based,CPU,NeoN,128,gpu-nvidia-h100,2371600
LDC_N70,343000,7582,Face-Based,CPU,NeoN,128,gpu-nvidia-h100,2371600
LDC_N80,512000,100947,Fused Face-Based,CPU,NeoN,1,gpu-nvidia-h100,3545600
LDC_N80,512000,102828,Fused Face-Based,CPU,NeoN,1,gpu-nvidia-h100,3545600
LDC_N80,512000,103383,Fused Face-Based,CPU,NeoN,1,gpu-nvidia-h100,3545600
LDC_N80,512000,52354,Fused Cell-Based,CPU,NeoN,1,gpu-nvidia-h100,3545600
LDC_N80,512000,53081,Fused Cell-Based,CPU,NeoN,1,gpu-nvidia-h100,3545600
LDC_N80,512000,52228,Fused Cell-Based,CPU,NeoN,1,gpu-nvidia-h100,3545600
LDC_N80,512000,161599,Face-Based,CPU,NeoN,1,gpu-nvidia-h100,3545600
LDC_N80,512000,164883,Face-Based,CPU,NeoN,1,gpu-nvidia-h100,3545600
LDC_N80,512000,164042,Face-Based,CPU,NeoN,1,gpu-nvidia-h100,3545600
LDC_N80,512000,67900,Fused Face-Based,CPU,NeoN,2,gpu-nvidia-h100,3545600
LDC_N80,512000,70344,Fused Face-Based,CPU,NeoN,2,gpu-nvidia-h100,3545600
LDC_N80,512000,63346,Fused Face-Based,CPU,NeoN,2,gpu-nvidia-h100,3545600
LDC_N80,512000,28754,Fused Cell-Based,CPU,NeoN,2,gpu-nvidia-h100,3545600
LDC_N80,512000,28697,Fused Cell-Based,CPU,NeoN,2,gpu-nvidia-h100,3545600
LDC_N80,512000,28892,Fused Cell-Based,CPU,NeoN,2,gpu-nvidia-h100,3545600
LDC_N80,512000,113818,Face-Based,CPU,NeoN,2,gpu-nvidia-h100,3545600
LDC_N80,512000,111004,Face-Based,CPU,NeoN,2,gpu-nvidia-h100,3545600
LDC_N80,512000,110753,Face-Based,CPU,NeoN,2,gpu-nvidia-h100,3545600
LDC_N240,13824000,591074,Fused Face-Based,CPU,NeoN,4,gpu-nvidia-h200,96422400
LDC_N240,13824000,612651,Fused Face-Based,CPU,NeoN,4,gpu-nvidia-h200,96422400
LDC_N240,13824000,598553,Fused Face-Based,CPU,NeoN,4,gpu-nvidia-h200,96422400
LDC_N240,13824000,103603,Fused Cell-Based,CPU,NeoN,4,gpu-nvidia-h200,96422400
LDC_N240,13824000,104159,Fused Cell-Based,CPU,NeoN,4,gpu-nvidia-h200,96422400
LDC_N240,13824000,101764,Fused Cell-Based,CPU,NeoN,4,gpu-nvidia-h200,96422400
LDC_N240,13824000,1012811,Face-Based,CPU,NeoN,4,gpu-nvidia-h200,96422400
LDC_N240,13824000,1007087,Face-Based,CPU,NeoN,4,gpu-nvidia-h200,96422400
LDC_N240,13824000,987620,Face-Based,CPU,NeoN,4,gpu-nvidia-h200,96422400
LDC_N80,512000,55426,Fused Face-Based,CPU,NeoN,4,gpu-nvidia-h100,3545600
LDC_N80,512000,51856,Fused Face-Based,CPU,NeoN,4,gpu-nvidia-h100,3545600
LDC_N80,512000,56255,Fused Face-Based,CPU,NeoN,4,gpu-nvidia-h100,3545600
LDC_N80,512000,16834,Fused Cell-Based,CPU,NeoN,4,gpu-nvidia-h100,3545600
LDC_N80,512000,17412,Fused Cell-Based,CPU,NeoN,4,gpu-nvidia-h100,3545600
LDC_N80,512000,17058,Fused Cell-Based,CPU,NeoN,4,gpu-nvidia-h100,3545600
LDC_N80,512000,86087,Face-Based,CPU,NeoN,4,gpu-nvidia-h100,3545600
LDC_N80,512000,87661,Face-Based,CPU,NeoN,4,gpu-nvidia-h100,3545600
LDC_N80,512000,89102,Face-Based,CPU,NeoN,4,gpu-nvidia-h100,3545600
LDC_N80,512000,17667,Fused Face-Based,CPU,NeoN,8,gpu-nvidia-h100,3545600
LDC_N80,512000,16538,Fused Face-Based,CPU,NeoN,8,gpu-nvidia-h100,3545600
LDC_N80,512000,16591,Fused Face-Based,CPU,NeoN,8,gpu-nvidia-h100,3545600
LDC_N80,512000,6064,Fused Cell-Based,CPU,NeoN,8,gpu-nvidia-h100,3545600
LDC_N80,512000,6116,Fused Cell-Based,CPU,NeoN,8,gpu-nvidia-h100,3545600
LDC_N80,512000,6095,Fused Cell-Based,CPU,NeoN,8,gpu-nvidia-h100,3545600
LDC_N80,512000,26225,Face-Based,CPU,NeoN,8,gpu-nvidia-h100,3545600
LDC_N80,512000,26996,Face-Based,CPU,NeoN,8,gpu-nvidia-h100,3545600
LDC_N80,512000,26445,Face-Based,CPU,NeoN,8,gpu-nvidia-h100,3545600
LDC_N80,512000,13073,Fused Face-Based,CPU,NeoN,16,gpu-nvidia-h100,3545600
LDC_N80,512000,10960,Fused Face-Based,CPU,NeoN,16,gpu-nvidia-h100,3545600
LDC_N80,512000,9001,Fused Face-Based,CPU,NeoN,16,gpu-nvidia-h100,3545600
LDC_N80,512000,4186,Fused Cell-Based,CPU,NeoN,16,gpu-nvidia-h100,3545600
LDC_N80,512000,3810,Fused Cell-Based,CPU,NeoN,16,gpu-nvidia-h100,3545600
LDC_N80,512000,3653,Fused Cell-Based,CPU,NeoN,16,gpu-nvidia-h100,3545600
LDC_N80,512000,18830,Face-Based,CPU,NeoN,16,gpu-nvidia-h100,3545600
LDC_N80,512000,17594,Face-Based,CPU,NeoN,16,gpu-nvidia-h100,3545600
LDC_N80,512000,14507,Face-Based,CPU,NeoN,16,gpu-nvidia-h100,3545600
LDC_N80,512000,7898,Fused Face-Based,CPU,NeoN,32,gpu-nvidia-h100,3545600
LDC_N80,512000,4941,Fused Face-Based,CPU,NeoN,32,gpu-nvidia-h100,3545600
LDC_N80,512000,5071,Fused Face-Based,CPU,NeoN,32,gpu-nvidia-h100,3545600
LDC_N80,512000,2619,Fused Cell-Based,CPU,NeoN,32,gpu-nvidia-h100,3545600
LDC_N80,512000,2554,Fused Cell-Based,CPU,NeoN,32,gpu-nvidia-h100,3545600
LDC_N80,512000,2542,Fused Cell-Based,CPU,NeoN,32,gpu-nvidia-h100,3545600
LDC_N80,512000,9558,Face-Based,CPU,NeoN,32,gpu-nvidia-h100,3545600
LDC_N80,512000,8672,Face-Based,CPU,NeoN,32,gpu-nvidia-h100,3545600
LDC_N80,512000,8881,Face-Based,CPU,NeoN,32,gpu-nvidia-h100,3545600
LDC_N80,512000,7830,Fused Face-Based,CPU,NeoN,64,gpu-nvidia-h100,3545600
LDC_N80,512000,5936,Fused Face-Based,CPU,NeoN,64,gpu-nvidia-h100,3545600
LDC_N80,512000,5213,Fused Face-Based,CPU,NeoN,64,gpu-nvidia-h100,3545600
LDC_N80,512000,4141,Fused Cell-Based,CPU,NeoN,64,gpu-nvidia-h100,3545600
LDC_N80,512000,3049,Fused Cell-Based,CPU,NeoN,64,gpu-nvidia-h100,3545600
LDC_N80,512000,2202,Fused Cell-Based,CPU,NeoN,64,gpu-nvidia-h100,3545600
LDC_N80,512000,12249,Face-Based,CPU,NeoN,64,gpu-nvidia-h100,3545600
LDC_N80,512000,11369,Face-Based,CPU,NeoN,64,gpu-nvidia-h100,3545600
LDC_N80,512000,9293,Face-Based,CPU,NeoN,64,gpu-nvidia-h100,3545600
LDC_N80,512000,6430,Fused Face-Based,CPU,NeoN,128,gpu-nvidia-h100,3545600
LDC_N80,512000,5223,Fused Face-Based,CPU,NeoN,128,gpu-nvidia-h100,3545600
LDC_N80,512000,3005,Fused Face-Based,CPU,NeoN,128,gpu-nvidia-h100,3545600
LDC_N80,512000,3168,Fused Cell-Based,CPU,NeoN,128,gpu-nvidia-h100,3545600
LDC_N80,512000,2017,Fused Cell-Based,CPU,NeoN,128,gpu-nvidia-h100,3545600
LDC_N80,512000,1886,Fused Cell-Based,CPU,NeoN,128,gpu-nvidia-h100,3545600
LDC_N80,512000,9654,Face-Based,CPU,NeoN,128,gpu-nvidia-h100,3545600
LDC_N80,512000,8211,Face-Based,CPU,NeoN,128,gpu-nvidia-h100,3545600
LDC_N80,512000,5412,Face-Based,CPU,NeoN,128,gpu-nvidia-h100,3545600
LDC_N240,13824000,323264,Fused Face-Based,CPU,NeoN,8,gpu-nvidia-h200,96422400
LDC_N240,13824000,321762,Fused Face-Based,CPU,NeoN,8,gpu-nvidia-h200,96422400
LDC_N240,13824000,317605,Fused Face-Based,CPU,NeoN,8,gpu-nvidia-h200,96422400
LDC_N240,13824000,67161,Fused Cell-Based,CPU,NeoN,8,gpu-nvidia-h200,96422400
LDC_N240,13824000,66743,Fused Cell-Based,CPU,NeoN,8,gpu-nvidia-h200,96422400
LDC_N240,13824000,66561,Fused Cell-Based,CPU,NeoN,8,gpu-nvidia-h200,96422400
LDC_N240,13824000,559570,Face-Based,CPU,NeoN,8,gpu-nvidia-h200,96422400
LDC_N240,13824000,555949,Face-Based,CPU,NeoN,8,gpu-nvidia-h200,96422400
LDC_N240,13824000,566341,Face-Based,CPU,NeoN,8,gpu-nvidia-h200,96422400
LDC_N90,729000,144585,Fused Face-Based,CPU,NeoN,1,gpu-nvidia-h100,5054400
LDC_N90,729000,146252,Fused Face-Based,CPU,NeoN,1,gpu-nvidia-h100,5054400
LDC_N90,729000,144367,Fused Face-Based,CPU,NeoN,1,gpu-nvidia-h100,5054400
LDC_N90,729000,74624,Fused Cell-Based,CPU,NeoN,1,gpu-nvidia-h100,5054400
LDC_N90,729000,72559,Fused Cell-Based,CPU,NeoN,1,gpu-nvidia-h100,5054400
LDC_N90,729000,72228,Fused Cell-Based,CPU,NeoN,1,gpu-nvidia-h100,5054400
LDC_N90,729000,231580,Face-Based,CPU,NeoN,1,gpu-nvidia-h100,5054400
LDC_N90,729000,233042,Face-Based,CPU,NeoN,1,gpu-nvidia-h100,5054400
LDC_N90,729000,231388,Face-Based,CPU,NeoN,1,gpu-nvidia-h100,5054400
LDC_N90,729000,74729,Fused Face-Based,CPU,NeoN,2,gpu-nvidia-h100,5054400
LDC_N90,729000,74858,Fused Face-Based,CPU,NeoN,2,gpu-nvidia-h100,5054400
LDC_N90,729000,74637,Fused Face-Based,CPU,NeoN,2,gpu-nvidia-h100,5054400
LDC_N90,729000,28264,Fused Cell-Based,CPU,NeoN,2,gpu-nvidia-h100,5054400
LDC_N90,729000,27688,Fused Cell-Based,CPU,NeoN,2,gpu-nvidia-h100,5054400
LDC_N90,729000,27701,Fused Cell-Based,CPU,NeoN,2,gpu-nvidia-h100,5054400
LDC_N90,729000,113806,Face-Based,CPU,NeoN,2,gpu-nvidia-h100,5054400
LDC_N90,729000,112438,Face-Based,CPU,NeoN,2,gpu-nvidia-h100,5054400
LDC_N90,729000,112703,Face-Based,CPU,NeoN,2,gpu-nvidia-h100,5054400
LDC_N90,729000,45353,Fused Face-Based,CPU,NeoN,4,gpu-nvidia-h100,5054400
LDC_N90,729000,45744,Fused Face-Based,CPU,NeoN,4,gpu-nvidia-h100,5054400
LDC_N90,729000,44608,Fused Face-Based,CPU,NeoN,4,gpu-nvidia-h100,5054400
LDC_N90,729000,15514,Fused Cell-Based,CPU,NeoN,4,gpu-nvidia-h100,5054400
LDC_N90,729000,15514,Fused Cell-Based,CPU,NeoN,4,gpu-nvidia-h100,5054400
LDC_N90,729000,15515,Fused Cell-Based,CPU,NeoN,4,gpu-nvidia-h100,5054400
LDC_N90,729000,71855,Face-Based,CPU,NeoN,4,gpu-nvidia-h100,5054400
LDC_N90,729000,71503,Face-Based,CPU,NeoN,4,gpu-nvidia-h100,5054400
LDC_N90,729000,72050,Face-Based,CPU,NeoN,4,gpu-nvidia-h100,5054400
LDC_N90,729000,23938,Fused Face-Based,CPU,NeoN,8,gpu-nvidia-h100,5054400
LDC_N90,729000,24253,Fused Face-Based,CPU,NeoN,8,gpu-nvidia-h100,5054400
LDC_N90,729000,24266,Fused Face-Based,CPU,NeoN,8,gpu-nvidia-h100,5054400
LDC_N90,729000,8433,Fused Cell-Based,CPU,NeoN,8,gpu-nvidia-h100,5054400
LDC_N90,729000,8486,Fused Cell-Based,CPU,NeoN,8,gpu-nvidia-h100,5054400
LDC_N90,729000,8509,Fused Cell-Based,CPU,NeoN,8,gpu-nvidia-h100,5054400
LDC_N90,729000,37627,Face-Based,CPU,NeoN,8,gpu-nvidia-h100,5054400
LDC_N90,729000,38285,Face-Based,CPU,NeoN,8,gpu-nvidia-h100,5054400
LDC_N90,729000,38488,Face-Based,CPU,NeoN,8,gpu-nvidia-h100,5054400
LDC_N90,729000,14186,Fused Face-Based,CPU,NeoN,16,gpu-nvidia-h100,5054400
LDC_N90,729000,12881,Fused Face-Based,CPU,NeoN,16,gpu-nvidia-h100,5054400
LDC_N90,729000,12881,Fused Face-Based,CPU,NeoN,16,gpu-nvidia-h100,5054400
LDC_N90,729000,5166,Fused Cell-Based,CPU,NeoN,16,gpu-nvidia-h100,5054400
LDC_N90,729000,5186,Fused Cell-Based,CPU,NeoN,16,gpu-nvidia-h100,5054400
LDC_N90,729000,5313,Fused Cell-Based,CPU,NeoN,16,gpu-nvidia-h100,5054400
LDC_N90,729000,20860,Face-Based,CPU,NeoN,16,gpu-nvidia-h100,5054400
LDC_N90,729000,21487,Face-Based,CPU,NeoN,16,gpu-nvidia-h100,5054400
LDC_N90,729000,20843,Face-Based,CPU,NeoN,16,gpu-nvidia-h100,5054400
LDC_N240,13824000,197465,Fused Face-Based,CPU,NeoN,16,gpu-nvidia-h200,96422400
LDC_N240,13824000,189896,Fused Face-Based,CPU,NeoN,16,gpu-nvidia-h200,96422400
LDC_N240,13824000,192141,Fused Face-Based,CPU,NeoN,16,gpu-nvidia-h200,96422400
LDC_N240,13824000,49434,Fused Cell-Based,CPU,NeoN,16,gpu-nvidia-h200,96422400
LDC_N240,13824000,49286,Fused Cell-Based,CPU,NeoN,16,gpu-nvidia-h200,96422400
LDC_N240,13824000,49234,Fused Cell-Based,CPU,NeoN,16,gpu-nvidia-h200,96422400
LDC_N240,13824000,333390,Face-Based,CPU,NeoN,16,gpu-nvidia-h200,96422400
LDC_N240,13824000,330033,Face-Based,CPU,NeoN,16,gpu-nvidia-h200,96422400
LDC_N240,13824000,330016,Face-Based,CPU,NeoN,16,gpu-nvidia-h200,96422400
LDC_N90,729000,9614,Fused Face-Based,CPU,NeoN,32,gpu-nvidia-h100,5054400
LDC_N90,729000,7183,Fused Face-Based,CPU,NeoN,32,gpu-nvidia-h100,5054400
LDC_N90,729000,12259,Fused Face-Based,CPU,NeoN,32,gpu-nvidia-h100,5054400
LDC_N90,729000,3672,Fused Cell-Based,CPU,NeoN,32,gpu-nvidia-h100,5054400
LDC_N90,729000,3627,Fused Cell-Based,CPU,NeoN,32,gpu-nvidia-h100,5054400
LDC_N90,729000,3642,Fused Cell-Based,CPU,NeoN,32,gpu-nvidia-h100,5054400
LDC_N90,729000,12006,Face-Based,CPU,NeoN,32,gpu-nvidia-h100,5054400
LDC_N90,729000,12468,Face-Based,CPU,NeoN,32,gpu-nvidia-h100,5054400
LDC_N90,729000,13478,Face-Based,CPU,NeoN,32,gpu-nvidia-h100,5054400
LDC_N90,729000,6702,Fused Face-Based,CPU,NeoN,64,gpu-nvidia-h100,5054400
LDC_N90,729000,4594,Fused Face-Based,CPU,NeoN,64,gpu-nvidia-h100,5054400
LDC_N90,729000,4456,Fused Face-Based,CPU,NeoN,64,gpu-nvidia-h100,5054400
LDC_N90,729000,3137,Fused Cell-Based,CPU,NeoN,64,gpu-nvidia-h100,5054400
LDC_N90,729000,3097,Fused Cell-Based,CPU,NeoN,64,gpu-nvidia-h100,5054400
LDC_N90,729000,3081,Fused Cell-Based,CPU,NeoN,64,gpu-nvidia-h100,5054400
LDC_N90,729000,8848,Face-Based,CPU,NeoN,64,gpu-nvidia-h100,5054400
LDC_N90,729000,8401,Face-Based,CPU,NeoN,64,gpu-nvidia-h100,5054400
LDC_N90,729000,7777,Face-Based,CPU,NeoN,64,gpu-nvidia-h100,5054400
LDC_N90,729000,5904,Fused Face-Based,CPU,NeoN,128,gpu-nvidia-h100,5054400
LDC_N90,729000,4484,Fused Face-Based,CPU,NeoN,128,gpu-nvidia-h100,5054400
LDC_N90,729000,4446,Fused Face-Based,CPU,NeoN,128,gpu-nvidia-h100,5054400
LDC_N90,729000,4093,Fused Cell-Based,CPU,NeoN,128,gpu-nvidia-h100,5054400
LDC_N90,729000,3945,Fused Cell-Based,CPU,NeoN,128,gpu-nvidia-h100,5054400
LDC_N90,729000,3891,Fused Cell-Based,CPU,NeoN,128,gpu-nvidia-h100,5054400
LDC_N90,729000,8672,Face-Based,CPU,NeoN,128,gpu-nvidia-h100,5054400
LDC_N90,729000,9461,Face-Based,CPU,NeoN,128,gpu-nvidia-h100,5054400
LDC_N90,729000,9461,Face-Based,CPU,NeoN,128,gpu-nvidia-h100,5054400
LDC_N100,1000000,194396,Fused Face-Based,CPU,NeoN,1,gpu-nvidia-h100,6940000
LDC_N100,1000000,196375,Fused Face-Based,CPU,NeoN,1,gpu-nvidia-h100,6940000
LDC_N100,1000000,196069,Fused Face-Based,CPU,NeoN,1,gpu-nvidia-h100,6940000
LDC_N100,1000000,85271,Fused Cell-Based,CPU,NeoN,1,gpu-nvidia-h100,6940000
LDC_N100,1000000,84823,Fused Cell-Based,CPU,NeoN,1,gpu-nvidia-h100,6940000
LDC_N100,1000000,85619,Fused Cell-Based,CPU,NeoN,1,gpu-nvidia-h100,6940000
LDC_N100,1000000,310230,Face-Based,CPU,NeoN,1,gpu-nvidia-h100,6940000
LDC_N100,1000000,313013,Face-Based,CPU,NeoN,1,gpu-nvidia-h100,6940000
LDC_N100,1000000,310889,Face-Based,CPU,NeoN,1,gpu-nvidia-h100,6940000
LDC_N100,1000000,130082,Fused Face-Based,CPU,NeoN,2,gpu-nvidia-h100,6940000
LDC_N100,1000000,131857,Fused Face-Based,CPU,NeoN,2,gpu-nvidia-h100,6940000
LDC_N100,1000000,133216,Fused Face-Based,CPU,NeoN,2,gpu-nvidia-h100,6940000
LDC_N100,1000000,51188,Fused Cell-Based,CPU,NeoN,2,gpu-nvidia-h100,6940000
LDC_N100,1000000,51806,Fused Cell-Based,CPU,NeoN,2,gpu-nvidia-h100,6940000
LDC_N100,1000000,51324,Fused Cell-Based,CPU,NeoN,2,gpu-nvidia-h100,6940000
LDC_N100,1000000,208532,Face-Based,CPU,NeoN,2,gpu-nvidia-h100,6940000
LDC_N100,1000000,209325,Face-Based,CPU,NeoN,2,gpu-nvidia-h100,6940000
LDC_N100,1000000,216974,Face-Based,CPU,NeoN,2,gpu-nvidia-h100,6940000
LDC_N240,13824000,95725,Fused Face-Based,CPU,NeoN,32,gpu-nvidia-h200,96422400
LDC_N240,13824000,95651,Fused Face-Based,CPU,NeoN,32,gpu-nvidia-h200,96422400
LDC_N240,13824000,95935,Fused Face-Based,CPU,NeoN,32,gpu-nvidia-h200,96422400
LDC_N240,13824000,44479,Fused Cell-Based,CPU,NeoN,32,gpu-nvidia-h200,96422400
LDC_N240,13824000,44328,Fused Cell-Based,CPU,NeoN,32,gpu-nvidia-h200,96422400
LDC_N240,13824000,44397,Fused Cell-Based,CPU,NeoN,32,gpu-nvidia-h200,96422400
LDC_N240,13824000,165764,Face-Based,CPU,NeoN,32,gpu-nvidia-h200,96422400
LDC_N240,13824000,165646,Face-Based,CPU,NeoN,32,gpu-nvidia-h200,96422400
LDC_N240,13824000,165520,Face-Based,CPU,NeoN,32,gpu-nvidia-h200,96422400
LDC_N100,1000000,63509,Fused Face-Based,CPU,NeoN,4,gpu-nvidia-h100,6940000
LDC_N100,1000000,64330,Fused Face-Based,CPU,NeoN,4,gpu-nvidia-h100,6940000
LDC_N100,1000000,64991,Fused Face-Based,CPU,NeoN,4,gpu-nvidia-h100,6940000
LDC_N100,1000000,20618,Fused Cell-Based,CPU,NeoN,4,gpu-nvidia-h100,6940000
LDC_N100,1000000,20702,Fused Cell-Based,CPU,NeoN,4,gpu-nvidia-h100,6940000
LDC_N100,1000000,20743,Fused Cell-Based,CPU,NeoN,4,gpu-nvidia-h100,6940000
LDC_N100,1000000,101952,Face-Based,CPU,NeoN,4,gpu-nvidia-h100,6940000
LDC_N100,1000000,101141,Face-Based,CPU,NeoN,4,gpu-nvidia-h100,6940000
LDC_N100,1000000,100896,Face-Based,CPU,NeoN,4,gpu-nvidia-h100,6940000
LDC_N100,1000000,36173,Fused Face-Based,CPU,NeoN,8,gpu-nvidia-h100,6940000
LDC_N100,1000000,33662,Fused Face-Based,CPU,NeoN,8,gpu-nvidia-h100,6940000
LDC_N100,1000000,33705,Fused Face-Based,CPU,NeoN,8,gpu-nvidia-h100,6940000
LDC_N100,1000000,11144,Fused Cell-Based,CPU,NeoN,8,gpu-nvidia-h100,6940000
LDC_N100,1000000,11173,Fused Cell-Based,CPU,NeoN,8,gpu-nvidia-h100,6940000
LDC_N100,1000000,11219,Fused Cell-Based,CPU,NeoN,8,gpu-nvidia-h100,6940000
LDC_N100,1000000,53388,Face-Based,CPU,NeoN,8,gpu-nvidia-h100,6940000
LDC_N100,1000000,54263,Face-Based,CPU,NeoN,8,gpu-nvidia-h100,6940000
LDC_N100,1000000,54356,Face-Based,CPU,NeoN,8,gpu-nvidia-h100,6940000
LDC_N100,1000000,18247,Fused Face-Based,CPU,NeoN,16,gpu-nvidia-h100,6940000
LDC_N100,1000000,17947,Fused Face-Based,CPU,NeoN,16,gpu-nvidia-h100,6940000
LDC_N100,1000000,17860,Fused Face-Based,CPU,NeoN,16,gpu-nvidia-h100,6940000
LDC_N100,1000000,7329,Fused Cell-Based,CPU,NeoN,16,gpu-nvidia-h100,6940000
LDC_N100,1000000,8662,Fused Cell-Based,CPU,NeoN,16,gpu-nvidia-h100,6940000
LDC_N100,1000000,7422,Fused Cell-Based,CPU,NeoN,16,gpu-nvidia-h100,6940000
LDC_N100,1000000,30949,Face-Based,CPU,NeoN,16,gpu-nvidia-h100,6940000
LDC_N100,1000000,31727,Face-Based,CPU,NeoN,16,gpu-nvidia-h100,6940000
LDC_N100,1000000,27968,Face-Based,CPU,NeoN,16,gpu-nvidia-h100,6940000
LDC_N100,1000000,12309,Fused Face-Based,CPU,NeoN,32,gpu-nvidia-h100,6940000
LDC_N100,1000000,9955,Fused Face-Based,CPU,NeoN,32,gpu-nvidia-h100,6940000
LDC_N100,1000000,10043,Fused Face-Based,CPU,NeoN,32,gpu-nvidia-h100,6940000
LDC_N100,1000000,5125,Fused Cell-Based,CPU,NeoN,32,gpu-nvidia-h100,6940000
LDC_N100,1000000,5050,Fused Cell-Based,CPU,NeoN,32,gpu-nvidia-h100,6940000
LDC_N100,1000000,5077,Fused Cell-Based,CPU,NeoN,32,gpu-nvidia-h100,6940000
LDC_N100,1000000,20750,Face-Based,CPU,NeoN,32,gpu-nvidia-h100,6940000
LDC_N100,1000000,21279,Face-Based,CPU,NeoN,32,gpu-nvidia-h100,6940000
LDC_N100,1000000,20835,Face-Based,CPU,NeoN,32,gpu-nvidia-h100,6940000
LDC_N100,1000000,10363,Fused Face-Based,CPU,NeoN,64,gpu-nvidia-h100,6940000
LDC_N100,1000000,7357,Fused Face-Based,CPU,NeoN,64,gpu-nvidia-h100,6940000
LDC_N100,1000000,7439,Fused Face-Based,CPU,NeoN,64,gpu-nvidia-h100,6940000
LDC_N100,1000000,4850,Fused Cell-Based,CPU,NeoN,64,gpu-nvidia-h100,6940000
LDC_N100,1000000,4761,Fused Cell-Based,CPU,NeoN,64,gpu-nvidia-h100,6940000
LDC_N100,1000000,4833,Fused Cell-Based,CPU,NeoN,64,gpu-nvidia-h100,6940000
LDC_N100,1000000,13565,Face-Based,CPU,NeoN,64,gpu-nvidia-h100,6940000
LDC_N100,1000000,13996,Face-Based,CPU,NeoN,64,gpu-nvidia-h100,6940000
LDC_N100,1000000,13947,Face-Based,CPU,NeoN,64,gpu-nvidia-h100,6940000
LDC_N240,13824000,62612,Fused Face-Based,CPU,NeoN,64,gpu-nvidia-h200,96422400
LDC_N240,13824000,63449,Fused Face-Based,CPU,NeoN,64,gpu-nvidia-h200,96422400
LDC_N240,13824000,63984,Fused Face-Based,CPU,NeoN,64,gpu-nvidia-h200,96422400
LDC_N240,13824000,43925,Fused Cell-Based,CPU,NeoN,64,gpu-nvidia-h200,96422400
LDC_N240,13824000,43862,Fused Cell-Based,CPU,NeoN,64,gpu-nvidia-h200,96422400
LDC_N240,13824000,43852,Fused Cell-Based,CPU,NeoN,64,gpu-nvidia-h200,96422400
LDC_N240,13824000,111089,Face-Based,CPU,NeoN,64,gpu-nvidia-h200,96422400
LDC_N240,13824000,111324,Face-Based,CPU,NeoN,64,gpu-nvidia-h200,96422400
LDC_N240,13824000,110826,Face-Based,CPU,NeoN,64,gpu-nvidia-h200,96422400
LDC_N100,1000000,7580,Fused Face-Based,CPU,NeoN,128,gpu-nvidia-h100,6940000
LDC_N100,1000000,6783,Fused Face-Based,CPU,NeoN,128,gpu-nvidia-h100,6940000
LDC_N100,1000000,6580,Fused Face-Based,CPU,NeoN,128,gpu-nvidia-h100,6940000
LDC_N100,1000000,5057,Fused Cell-Based,CPU,NeoN,128,gpu-nvidia-h100,6940000
LDC_N100,1000000,4908,Fused Cell-Based,CPU,NeoN,128,gpu-nvidia-h100,6940000
LDC_N100,1000000,4975,Fused Cell-Based,CPU,NeoN,128,gpu-nvidia-h100,6940000
LDC_N100,1000000,10981,Face-Based,CPU,NeoN,128,gpu-nvidia-h100,6940000
LDC_N100,1000000,12187,Face-Based,CPU,NeoN,128,gpu-nvidia-h100,6940000
LDC_N100,1000000,12084,Face-Based,CPU,NeoN,128,gpu-nvidia-h100,6940000
LDC_N110,1331000,180948,Fused Face-Based,CPU,NeoN,1,gpu-nvidia-h100,9244400
LDC_N110,1331000,180300,Fused Face-Based,CPU,NeoN,1,gpu-nvidia-h100,9244400
LDC_N110,1331000,180170,Fused Face-Based,CPU,NeoN,1,gpu-nvidia-h100,9244400
LDC_N110,1331000,83961,Fused Cell-Based,CPU,NeoN,1,gpu-nvidia-h100,9244400
LDC_N110,1331000,83961,Fused Cell-Based,CPU,NeoN,1,gpu-nvidia-h100,9244400
LDC_N110,1331000,83995,Fused Cell-Based,CPU,NeoN,1,gpu-nvidia-h100,9244400
LDC_N110,1331000,282914,Face-Based,CPU,NeoN,1,gpu-nvidia-h100,9244400
LDC_N110,1331000,285414,Face-Based,CPU,NeoN,1,gpu-nvidia-h100,9244400
LDC_N110,1331000,283006,Face-Based,CPU,NeoN,1,gpu-nvidia-h100,9244400
LDC_N110,1331000,132073,Fused Face-Based,CPU,NeoN,2,gpu-nvidia-h100,9244400
LDC_N110,1331000,132004,Fused Face-Based,CPU,NeoN,2,gpu-nvidia-h100,9244400
LDC_N110,1331000,131496,Fused Face-Based,CPU,NeoN,2,gpu-nvidia-h100,9244400
LDC_N110,1331000,49170,Fused Cell-Based,CPU,NeoN,2,gpu-nvidia-h100,9244400
LDC_N110,1331000,44547,Fused Cell-Based,CPU,NeoN,2,gpu-nvidia-h100,9244400
LDC_N110,1331000,48970,Fused Cell-Based,CPU,NeoN,2,gpu-nvidia-h100,9244400
LDC_N110,1331000,206685,Face-Based,CPU,NeoN,2,gpu-nvidia-h100,9244400
LDC_N110,1331000,208681,Face-Based,CPU,NeoN,2,gpu-nvidia-h100,9244400
LDC_N110,1331000,209193,Face-Based,CPU,NeoN,2,gpu-nvidia-h100,9244400
LDC_N110,1331000,80947,Fused Face-Based,CPU,NeoN,4,gpu-nvidia-h100,9244400
LDC_N110,1331000,83628,Fused Face-Based,CPU,NeoN,4,gpu-nvidia-h100,9244400
LDC_N110,1331000,83414,Fused Face-Based,CPU,NeoN,4,gpu-nvidia-h100,9244400
LDC_N110,1331000,28068,Fused Cell-Based,CPU,NeoN,4,gpu-nvidia-h100,9244400
LDC_N110,1331000,27365,Fused Cell-Based,CPU,NeoN,4,gpu-nvidia-h100,9244400
LDC_N110,1331000,27570,Fused Cell-Based,CPU,NeoN,4,gpu-nvidia-h100,9244400
LDC_N110,1331000,136784,Face-Based,CPU,NeoN,4,gpu-nvidia-h100,9244400
LDC_N110,1331000,130916,Face-Based,CPU,NeoN,4,gpu-nvidia-h100,9244400
LDC_N110,1331000,131225,Face-Based,CPU,NeoN,4,gpu-nvidia-h100,9244400
LDC_N240,13824000,62361,Fused Face-Based,CPU,NeoN,128,gpu-nvidia-h200,96422400
LDC_N240,13824000,62117,Fused Face-Based,CPU,NeoN,128,gpu-nvidia-h200,96422400
LDC_N240,13824000,62143,Fused Face-Based,CPU,NeoN,128,gpu-nvidia-h200,96422400
LDC_N240,13824000,46091,Fused Cell-Based,CPU,NeoN,128,gpu-nvidia-h200,96422400
LDC_N240,13824000,45965,Fused Cell-Based,CPU,NeoN,128,gpu-nvidia-h200,96422400
LDC_N240,13824000,46043,Fused Cell-Based,CPU,NeoN,128,gpu-nvidia-h200,96422400
LDC_N240,13824000,99143,Face-Based,CPU,NeoN,128,gpu-nvidia-h200,96422400
LDC_N240,13824000,99408,Face-Based,CPU,NeoN,128,gpu-nvidia-h200,96422400
LDC_N240,13824000,98892,Face-Based,CPU,NeoN,128,gpu-nvidia-h200,96422400
LDC_N110,1331000,43101,Fused Face-Based,CPU,NeoN,8,gpu-nvidia-h100,9244400
LDC_N110,1331000,42997,Fused Face-Based,CPU,NeoN,8,gpu-nvidia-h100,9244400
LDC_N110,1331000,43495,Fused Face-Based,CPU,NeoN,8,gpu-nvidia-h100,9244400
LDC_N110,1331000,14726,Fused Cell-Based,CPU,NeoN,8,gpu-nvidia-h100,9244400
LDC_N110,1331000,14648,Fused Cell-Based,CPU,NeoN,8,gpu-nvidia-h100,9244400
LDC_N110,1331000,14714,Fused Cell-Based,CPU,NeoN,8,gpu-nvidia-h100,9244400
LDC_N110,1331000,69945,Face-Based,CPU,NeoN,8,gpu-nvidia-h100,9244400
LDC_N110,1331000,71155,Face-Based,CPU,NeoN,8,gpu-nvidia-h100,9244400
LDC_N110,1331000,70434,Face-Based,CPU,NeoN,8,gpu-nvidia-h100,9244400
LDC_N110,1331000,24439,Fused Face-Based,CPU,NeoN,16,gpu-nvidia-h100,9244400
LDC_N110,1331000,23103,Fused Face-Based,CPU,NeoN,16,gpu-nvidia-h100,9244400
LDC_N110,1331000,22800,Fused Face-Based,CPU,NeoN,16,gpu-nvidia-h100,9244400
LDC_N110,1331000,8773,Fused Cell-Based,CPU,NeoN,16,gpu-nvidia-h100,9244400
LDC_N110,1331000,8748,Fused Cell-Based,CPU,NeoN,16,gpu-nvidia-h100,9244400
LDC_N110,1331000,8774,Fused Cell-Based,CPU,NeoN,16,gpu-nvidia-h100,9244400
LDC_N110,1331000,37357,Face-Based,CPU,NeoN,16,gpu-nvidia-h100,9244400
LDC_N110,1331000,38199,Face-Based,CPU,NeoN,16,gpu-nvidia-h100,9244400
LDC_N110,1331000,37345,Face-Based,CPU,NeoN,16,gpu-nvidia-h100,9244400
LDC_N110,1331000,17621,Fused Face-Based,CPU,NeoN,32,gpu-nvidia-h100,9244400
LDC_N110,1331000,16222,Fused Face-Based,CPU,NeoN,32,gpu-nvidia-h100,9244400
LDC_N110,1331000,16258,Fused Face-Based,CPU,NeoN,32,gpu-nvidia-h100,9244400
LDC_N110,1331000,6739,Fused Cell-Based,CPU,NeoN,32,gpu-nvidia-h100,9244400
LDC_N110,1331000,6784,Fused Cell-Based,CPU,NeoN,32,gpu-nvidia-h100,9244400
LDC_N110,1331000,6812,Fused Cell-Based,CPU,NeoN,32,gpu-nvidia-h100,9244400
LDC_N110,1331000,21553,Face-Based,CPU,NeoN,32,gpu-nvidia-h100,9244400
LDC_N110,1331000,28770,Face-Based,CPU,NeoN,32,gpu-nvidia-h100,9244400
LDC_N110,1331000,22238,Face-Based,CPU,NeoN,32,gpu-nvidia-h100,9244400
LDC_N110,1331000,10117,Fused Face-Based,CPU,NeoN,64,gpu-nvidia-h100,9244400
LDC_N110,1331000,8318,Fused Face-Based,CPU,NeoN,64,gpu-nvidia-h100,9244400
LDC_N110,1331000,8321,Fused Face-Based,CPU,NeoN,64,gpu-nvidia-h100,9244400
LDC_N110,1331000,6170,Fused Cell-Based,CPU,NeoN,64,gpu-nvidia-h100,9244400
LDC_N110,1331000,6041,Fused Cell-Based,CPU,NeoN,64,gpu-nvidia-h100,9244400
LDC_N110,1331000,6104,Fused Cell-Based,CPU,NeoN,64,gpu-nvidia-h100,9244400
LDC_N110,1331000,14692,Face-Based,CPU,NeoN,64,gpu-nvidia-h100,9244400
LDC_N110,1331000,15431,Face-Based,CPU,NeoN,64,gpu-nvidia-h100,9244400
LDC_N110,1331000,14714,Face-Based,CPU,NeoN,64,gpu-nvidia-h100,9244400
LDC_N110,1331000,8659,Fused Face-Based,CPU,NeoN,128,gpu-nvidia-h100,9244400
LDC_N110,1331000,7986,Fused Face-Based,CPU,NeoN,128,gpu-nvidia-h100,9244400
LDC_N110,1331000,7799,Fused Face-Based,CPU,NeoN,128,gpu-nvidia-h100,9244400
LDC_N110,1331000,6352,Fused Cell-Based,CPU,NeoN,128,gpu-nvidia-h100,9244400
LDC_N110,1331000,6211,Fused Cell-Based,CPU,NeoN,128,gpu-nvidia-h100,9244400
LDC_N110,1331000,6289,Fused Cell-Based,CPU,NeoN,128,gpu-nvidia-h100,9244400
LDC_N110,1331000,13922,Face-Based,CPU,NeoN,128,gpu-nvidia-h100,9244400
LDC_N110,1331000,15139,Face-Based,CPU,NeoN,128,gpu-nvidia-h100,9244400
LDC_N110,1331000,15330,Face-Based,CPU,NeoN,128,gpu-nvidia-h100,9244400
LDC_N120,1728000,236824,Fused Face-Based,CPU,NeoN,1,gpu-nvidia-h100,12009600
LDC_N120,1728000,237606,Fused Face-Based,CPU,NeoN,1,gpu-nvidia-h100,12009600
LDC_N120,1728000,237554,Fused Face-Based,CPU,NeoN,1,gpu-nvidia-h100,12009600
LDC_N120,1728000,112395,Fused Cell-Based,CPU,NeoN,1,gpu-nvidia-h100,12009600
LDC_N120,1728000,116728,Fused Cell-Based,CPU,NeoN,1,gpu-nvidia-h100,12009600
LDC_N120,1728000,112350,Fused Cell-Based,CPU,NeoN,1,gpu-nvidia-h100,12009600
LDC_N120,1728000,381119,Face-Based,CPU,NeoN,1,gpu-nvidia-h100,12009600
LDC_N120,1728000,373060,Face-Based,CPU,NeoN,1,gpu-nvidia-h100,12009600
LDC_N120,1728000,372357,Face-Based,CPU,NeoN,1,gpu-nvidia-h100,12009600
LDC_N260,17576000,1682663,Fused Face-Based,CPU,NeoN,1,gpu-nvidia-h200,122626400
LDC_N260,17576000,1680140,Fused Face-Based,CPU,NeoN,1,gpu-nvidia-h200,122626400
LDC_N260,17576000,1681975,Fused Face-Based,CPU,NeoN,1,gpu-nvidia-h200,122626400
LDC_N260,17576000,459849,Fused Cell-Based,CPU,NeoN,1,gpu-nvidia-h200,122626400
LDC_N260,17576000,455576,Fused Cell-Based,CPU,NeoN,1,gpu-nvidia-h200,122626400
LDC_N260,17576000,459869,Fused Cell-Based,CPU,NeoN,1,gpu-nvidia-h200,122626400
LDC_N260,17576000,2783827,Face-Based,CPU,NeoN,1,gpu-nvidia-h200,122626400
LDC_N260,17576000,2784023,Face-Based,CPU,NeoN,1,gpu-nvidia-h200,122626400
LDC_N260,17576000,2780032,Face-Based,CPU,NeoN,1,gpu-nvidia-h200,122626400
LDC_N120,1728000,171880,Fused Face-Based,CPU,NeoN,2,gpu-nvidia-h100,12009600
LDC_N120,1728000,174616,Fused Face-Based,CPU,NeoN,2,gpu-nvidia-h100,12009600
LDC_N120,1728000,174393,Fused Face-Based,CPU,NeoN,2,gpu-nvidia-h100,12009600
LDC_N120,1728000,68131,Fused Cell-Based,CPU,NeoN,2,gpu-nvidia-h100,12009600
LDC_N120,1728000,66897,Fused Cell-Based,CPU,NeoN,2,gpu-nvidia-h100,12009600
LDC_N120,1728000,68160,Fused Cell-Based,CPU,NeoN,2,gpu-nvidia-h100,12009600
LDC_N120,1728000,278871,Face-Based,CPU,NeoN,2,gpu-nvidia-h100,12009600
LDC_N120,1728000,273788,Face-Based,CPU,NeoN,2,gpu-nvidia-h100,12009600
LDC_N120,1728000,274189,Face-Based,CPU,NeoN,2,gpu-nvidia-h100,12009600
LDC_N120,1728000,97419,Fused Face-Based,CPU,NeoN,4,gpu-nvidia-h100,12009600
LDC_N120,1728000,100358,Fused Face-Based,CPU,NeoN,4,gpu-nvidia-h100,12009600
LDC_N120,1728000,96733,Fused Face-Based,CPU,NeoN,4,gpu-nvidia-h100,12009600
LDC_N120,1728000,34925,Fused Cell-Based,CPU,NeoN,4,gpu-nvidia-h100,12009600
LDC_N120,1728000,34977,Fused Cell-Based,CPU,NeoN,4,gpu-nvidia-h100,12009600
LDC_N120,1728000,34025,Fused Cell-Based,CPU,NeoN,4,gpu-nvidia-h100,12009600
LDC_N120,1728000,158416,Face-Based,CPU,NeoN,4,gpu-nvidia-h100,12009600
LDC_N120,1728000,165046,Face-Based,CPU,NeoN,4,gpu-nvidia-h100,12009600
LDC_N120,1728000,156295,Face-Based,CPU,NeoN,4,gpu-nvidia-h100,12009600
LDC_N120,1728000,60488,Fused Face-Based,CPU,NeoN,8,gpu-nvidia-h100,12009600
LDC_N120,1728000,59353,Fused Face-Based,CPU,NeoN,8,gpu-nvidia-h100,12009600
LDC_N120,1728000,59379,Fused Face-Based,CPU,NeoN,8,gpu-nvidia-h100,12009600
LDC_N120,1728000,20635,Fused Cell-Based,CPU,NeoN,8,gpu-nvidia-h100,12009600
LDC_N120,1728000,20813,Fused Cell-Based,CPU,NeoN,8,gpu-nvidia-h100,12009600
LDC_N120,1728000,20835,Fused Cell-Based,CPU,NeoN,8,gpu-nvidia-h100,12009600
LDC_N120,1728000,92490,Face-Based,CPU,NeoN,8,gpu-nvidia-h100,12009600
LDC_N120,1728000,92434,Face-Based,CPU,NeoN,8,gpu-nvidia-h100,12009600
LDC_N120,1728000,91910,Face-Based,CPU,NeoN,8,gpu-nvidia-h100,12009600
LDC_N120,1728000,31514,Fused Face-Based,CPU,NeoN,16,gpu-nvidia-h100,12009600
LDC_N120,1728000,32326,Fused Face-Based,CPU,NeoN,16,gpu-nvidia-h100,12009600
LDC_N120,1728000,32046,Fused Face-Based,CPU,NeoN,16,gpu-nvidia-h100,12009600
LDC_N120,1728000,13279,Fused Cell-Based,CPU,NeoN,16,gpu-nvidia-h100,12009600
LDC_N120,1728000,13421,Fused Cell-Based,CPU,NeoN,16,gpu-nvidia-h100,12009600
LDC_N120,1728000,12642,Fused Cell-Based,CPU,NeoN,16,gpu-nvidia-h100,12009600
LDC_N120,1728000,50873,Face-Based,CPU,NeoN,16,gpu-nvidia-h100,12009600
LDC_N120,1728000,50842,Face-Based,CPU,NeoN,16,gpu-nvidia-h100,12009600
LDC_N120,1728000,51390,Face-Based,CPU,NeoN,16,gpu-nvidia-h100,12009600
LDC_N120,1728000,17683,Fused Face-Based,CPU,NeoN,32,gpu-nvidia-h100,12009600
LDC_N120,1728000,18382,Fused Face-Based,CPU,NeoN,32,gpu-nvidia-h100,12009600
LDC_N120,1728000,18232,Fused Face-Based,CPU,NeoN,32,gpu-nvidia-h100,12009600
LDC_N120,1728000,9734,Fused Cell-Based,CPU,NeoN,32,gpu-nvidia-h100,12009600
LDC_N120,1728000,9588,Fused Cell-Based,CPU,NeoN,32,gpu-nvidia-h100,12009600
LDC_N120,1728000,9299,Fused Cell-Based,CPU,NeoN,32,gpu-nvidia-h100,12009600
LDC_N120,1728000,29401,Face-Based,CPU,NeoN,32,gpu-nvidia-h100,12009600
LDC_N120,1728000,30211,Face-Based,CPU,NeoN,32,gpu-nvidia-h100,12009600
LDC_N120,1728000,29791,Face-Based,CPU,NeoN,32,gpu-nvidia-h100,12009600
LDC_N120,1728000,11807,Fused Face-Based,CPU,NeoN,64,gpu-nvidia-h100,12009600
LDC_N120,1728000,12482,Fused Face-Based,CPU,NeoN,64,gpu-nvidia-h100,12009600
LDC_N120,1728000,14444,Fused Face-Based,CPU,NeoN,64,gpu-nvidia-h100,12009600
LDC_N120,1728000,9151,Fused Cell-Based,CPU,NeoN,64,gpu-nvidia-h100,12009600
LDC_N120,1728000,9990,Fused Cell-Based,CPU,NeoN,64,gpu-nvidia-h100,12009600
LDC_N120,1728000,9262,Fused Cell-Based,CPU,NeoN,64,gpu-nvidia-h100,12009600
LDC_N120,1728000,20754,Face-Based,CPU,NeoN,64,gpu-nvidia-h100,12009600
LDC_N120,1728000,21082,Face-Based,CPU,NeoN,64,gpu-nvidia-h100,12009600
LDC_N120,1728000,23899,Face-Based,CPU,NeoN,64,gpu-nvidia-h100,12009600
LDC_N260,17576000,1307306,Fused Face-Based,CPU,NeoN,2,gpu-nvidia-h200,122626400
LDC_N260,17576000,1304363,Fused Face-Based,CPU,NeoN,2,gpu-nvidia-h200,122626400
LDC_N260,17576000,1320616,Fused Face-Based,CPU,NeoN,2,gpu-nvidia-h200,122626400
LDC_N260,17576000,239015,Fused Cell-Based,CPU,NeoN,2,gpu-nvidia-h200,122626400
LDC_N260,17576000,228183,Fused Cell-Based,CPU,NeoN,2,gpu-nvidia-h200,122626400
LDC_N260,17576000,235842,Fused Cell-Based,CPU,NeoN,2,gpu-nvidia-h200,122626400
LDC_N260,17576000,2168757,Face-Based,CPU,NeoN,2,gpu-nvidia-h200,122626400
LDC_N260,17576000,2200796,Face-Based,CPU,NeoN,2,gpu-nvidia-h200,122626400
LDC_N260,17576000,2207033,Face-Based,CPU,NeoN,2,gpu-nvidia-h200,122626400
LDC_N120,1728000,12633,Fused Face-Based,CPU,NeoN,128,gpu-nvidia-h100,12009600
LDC_N120,1728000,14054,Fused Face-Based,CPU,NeoN,128,gpu-nvidia-h100,12009600
LDC_N120,1728000,13795,Fused Face-Based,CPU,NeoN,128,gpu-nvidia-h100,12009600
LDC_N120,1728000,11655,Fused Cell-Based,CPU,NeoN,128,gpu-nvidia-h100,12009600
LDC_N120,1728000,10771,Fused Cell-Based,CPU,NeoN,128,gpu-nvidia-h100,12009600
LDC_N120,1728000,9572,Fused Cell-Based,CPU,NeoN,128,gpu-nvidia-h100,12009600
LDC_N120,1728000,22998,Face-Based,CPU,NeoN,128,gpu-nvidia-h100,12009600
LDC_N120,1728000,24110,Face-Based,CPU,NeoN,128,gpu-nvidia-h100,12009600
LDC_N120,1728000,23516,Face-Based,CPU,NeoN,128,gpu-nvidia-h100,12009600
LDC_N130,2197000,319188,Fused Face-Based,CPU,NeoN,1,gpu-nvidia-h100,15277600
LDC_N130,2197000,320524,Fused Face-Based,CPU,NeoN,1,gpu-nvidia-h100,15277600
LDC_N130,2197000,305577,Fused Face-Based,CPU,NeoN,1,gpu-nvidia-h100,15277600
LDC_N130,2197000,143620,Fused Cell-Based,CPU,NeoN,1,gpu-nvidia-h100,15277600
LDC_N130,2197000,143841,Fused Cell-Based,CPU,NeoN,1,gpu-nvidia-h100,15277600
LDC_N130,2197000,143823,Fused Cell-Based,CPU,NeoN,1,gpu-nvidia-h100,15277600
LDC_N130,2197000,472647,Face-Based,CPU,NeoN,1,gpu-nvidia-h100,15277600
LDC_N130,2197000,476872,Face-Based,CPU,NeoN,1,gpu-nvidia-h100,15277600
LDC_N130,2197000,477022,Face-Based,CPU,NeoN,1,gpu-nvidia-h100,15277600
LDC_N130,2197000,220547,Fused Face-Based,CPU,NeoN,2,gpu-nvidia-h100,15277600
LDC_N130,2197000,218354,Fused Face-Based,CPU,NeoN,2,gpu-nvidia-h100,15277600
LDC_N130,2197000,220332,Fused Face-Based,CPU,NeoN,2,gpu-nvidia-h100,15277600
LDC_N130,2197000,85577,Fused Cell-Based,CPU,NeoN,2,gpu-nvidia-h100,15277600
LDC_N130,2197000,85465,Fused Cell-Based,CPU,NeoN,2,gpu-nvidia-h100,15277600
LDC_N130,2197000,85490,Fused Cell-Based,CPU,NeoN,2,gpu-nvidia-h100,15277600
LDC_N130,2197000,346956,Face-Based,CPU,NeoN,2,gpu-nvidia-h100,15277600
LDC_N130,2197000,346431,Face-Based,CPU,NeoN,2,gpu-nvidia-h100,15277600
LDC_N130,2197000,346423,Face-Based,CPU,NeoN,2,gpu-nvidia-h100,15277600
LDC_N130,2197000,147686,Fused Face-Based,CPU,NeoN,4,gpu-nvidia-h100,15277600
LDC_N130,2197000,142508,Fused Face-Based,CPU,NeoN,4,gpu-nvidia-h100,15277600
LDC_N130,2197000,142492,Fused Face-Based,CPU,NeoN,4,gpu-nvidia-h100,15277600
LDC_N130,2197000,46441,Fused Cell-Based,CPU,NeoN,4,gpu-nvidia-h100,15277600
LDC_N130,2197000,46468,Fused Cell-Based,CPU,NeoN,4,gpu-nvidia-h100,15277600
LDC_N130,2197000,46994,Fused Cell-Based,CPU,NeoN,4,gpu-nvidia-h100,15277600
LDC_N130,2197000,217778,Face-Based,CPU,NeoN,4,gpu-nvidia-h100,15277600
LDC_N130,2197000,222921,Face-Based,CPU,NeoN,4,gpu-nvidia-h100,15277600
LDC_N130,2197000,219762,Face-Based,CPU,NeoN,4,gpu-nvidia-h100,15277600
LDC_N260,17576000,731724,Fused Face-Based,CPU,NeoN,4,gpu-nvidia-h200,122626400
LDC_N260,17576000,738413,Fused Face-Based,CPU,NeoN,4,gpu-nvidia-h200,122626400
LDC_N260,17576000,731232,Fused Face-Based,CPU,NeoN,4,gpu-nvidia-h200,122626400
LDC_N260,17576000,128170,Fused Cell-Based,CPU,NeoN,4,gpu-nvidia-h200,122626400
LDC_N260,17576000,128959,Fused Cell-Based,CPU,NeoN,4,gpu-nvidia-h200,122626400
LDC_N260,17576000,128181,Fused Cell-Based,CPU,NeoN,4,gpu-nvidia-h200,122626400
LDC_N260,17576000,1286567,Face-Based,CPU,NeoN,4,gpu-nvidia-h200,122626400
LDC_N260,17576000,1285051,Face-Based,CPU,NeoN,4,gpu-nvidia-h200,122626400
LDC_N260,17576000,1293613,Face-Based,CPU,NeoN,4,gpu-nvidia-h200,122626400
LDC_N130,2197000,74308,Fused Face-Based,CPU,NeoN,8,gpu-nvidia-h100,15277600
LDC_N130,2197000,78619,Fused Face-Based,CPU,NeoN,8,gpu-nvidia-h100,15277600
LDC_N130,2197000,72539,Fused Face-Based,CPU,NeoN,8,gpu-nvidia-h100,15277600
LDC_N130,2197000,25573,Fused Cell-Based,CPU,NeoN,8,gpu-nvidia-h100,15277600
LDC_N130,2197000,25670,Fused Cell-Based,CPU,NeoN,8,gpu-nvidia-h100,15277600
LDC_N130,2197000,25654,Fused Cell-Based,CPU,NeoN,8,gpu-nvidia-h100,15277600
LDC_N130,2197000,118541,Face-Based,CPU,NeoN,8,gpu-nvidia-h100,15277600
LDC_N130,2197000,117091,Face-Based,CPU,NeoN,8,gpu-nvidia-h100,15277600
LDC_N130,2197000,116856,Face-Based,CPU,NeoN,8,gpu-nvidia-h100,15277600
LDC_N130,2197000,39585,Fused Face-Based,CPU,NeoN,16,gpu-nvidia-h100,15277600
LDC_N130,2197000,39891,Fused Face-Based,CPU,NeoN,16,gpu-nvidia-h100,15277600
LDC_N130,2197000,39601,Fused Face-Based,CPU,NeoN,16,gpu-nvidia-h100,15277600
LDC_N130,2197000,15660,Fused Cell-Based,CPU,NeoN,16,gpu-nvidia-h100,15277600
LDC_N130,2197000,15788,Fused Cell-Based,CPU,NeoN,16,gpu-nvidia-h100,15277600
LDC_N130,2197000,15784,Fused Cell-Based,CPU,NeoN,16,gpu-nvidia-h100,15277600
LDC_N130,2197000,63236,Face-Based,CPU,NeoN,16,gpu-nvidia-h100,15277600
LDC_N130,2197000,63094,Face-Based,CPU,NeoN,16,gpu-nvidia-h100,15277600
LDC_N130,2197000,63234,Face-Based,CPU,NeoN,16,gpu-nvidia-h100,15277600
LDC_N130,2197000,21979,Fused Face-Based,CPU,NeoN,32,gpu-nvidia-h100,15277600
LDC_N130,2197000,23021,Fused Face-Based,CPU,NeoN,32,gpu-nvidia-h100,15277600
LDC_N130,2197000,23054,Fused Face-Based,CPU,NeoN,32,gpu-nvidia-h100,15277600
LDC_N130,2197000,11849,Fused Cell-Based,CPU,NeoN,32,gpu-nvidia-h100,15277600
LDC_N130,2197000,11794,Fused Cell-Based,CPU,NeoN,32,gpu-nvidia-h100,15277600
LDC_N130,2197000,11211,Fused Cell-Based,CPU,NeoN,32,gpu-nvidia-h100,15277600
LDC_N130,2197000,36820,Face-Based,CPU,NeoN,32,gpu-nvidia-h100,15277600
LDC_N130,2197000,37140,Face-Based,CPU,NeoN,32,gpu-nvidia-h100,15277600
LDC_N130,2197000,37203,Face-Based,CPU,NeoN,32,gpu-nvidia-h100,15277600
LDC_N130,2197000,15563,Fused Face-Based,CPU,NeoN,64,gpu-nvidia-h100,15277600
LDC_N130,2197000,21836,Fused Face-Based,CPU,NeoN,64,gpu-nvidia-h100,15277600
LDC_N130,2197000,15600,Fused Face-Based,CPU,NeoN,64,gpu-nvidia-h100,15277600
LDC_N130,2197000,11467,Fused Cell-Based,CPU,NeoN,64,gpu-nvidia-h100,15277600
LDC_N130,2197000,11416,Fused Cell-Based,CPU,NeoN,64,gpu-nvidia-h100,15277600
LDC_N130,2197000,11500,Fused Cell-Based,CPU,NeoN,64,gpu-nvidia-h100,15277600
LDC_N130,2197000,26289,Face-Based,CPU,NeoN,64,gpu-nvidia-h100,15277600
LDC_N130,2197000,27599,Face-Based,CPU,NeoN,64,gpu-nvidia-h100,15277600
LDC_N130,2197000,26504,Face-Based,CPU,NeoN,64,gpu-nvidia-h100,15277600
LDC_N260,17576000,415943,Fused Face-Based,CPU,NeoN,8,gpu-nvidia-h200,122626400
LDC_N260,17576000,406946,Fused Face-Based,CPU,NeoN,8,gpu-nvidia-h200,122626400
LDC_N260,17576000,406805,Fused Face-Based,CPU,NeoN,8,gpu-nvidia-h200,122626400
LDC_N260,17576000,86568,Fused Cell-Based,CPU,NeoN,8,gpu-nvidia-h200,122626400
LDC_N260,17576000,87597,Fused Cell-Based,CPU,NeoN,8,gpu-nvidia-h200,122626400
LDC_N260,17576000,86833,Fused Cell-Based,CPU,NeoN,8,gpu-nvidia-h200,122626400
LDC_N260,17576000,706974,Face-Based,CPU,NeoN,8,gpu-nvidia-h200,122626400
LDC_N260,17576000,722648,Face-Based,CPU,NeoN,8,gpu-nvidia-h200,122626400
LDC_N260,17576000,704810,Face-Based,CPU,NeoN,8,gpu-nvidia-h200,122626400
LDC_N130,2197000,17442,Fused Face-Based,CPU,NeoN,128,gpu-nvidia-h100,15277600
LDC_N130,2197000,18952,Fused Face-Based,CPU,NeoN,128,gpu-nvidia-h100,15277600
LDC_N130,2197000,19361,Fused Face-Based,CPU,NeoN,128,gpu-nvidia-h100,15277600
LDC_N130,2197000,14976,Fused Cell-Based,CPU,NeoN,128,gpu-nvidia-h100,15277600
LDC_N130,2197000,14735,Fused Cell-Based,CPU,NeoN,128,gpu-nvidia-h100,15277600
LDC_N130,2197000,13280,Fused Cell-Based,CPU,NeoN,128,gpu-nvidia-h100,15277600
LDC_N130,2197000,31235,Face-Based,CPU,NeoN,128,gpu-nvidia-h100,15277600
LDC_N130,2197000,32985,Face-Based,CPU,NeoN,128,gpu-nvidia-h100,15277600
LDC_N130,2197000,31678,Face-Based,CPU,NeoN,128,gpu-nvidia-h100,15277600
LDC_N140,2744000,378731,Fused Face-Based,CPU,NeoN,1,gpu-nvidia-h100,19090400
LDC_N140,2744000,378025,Fused Face-Based,CPU,NeoN,1,gpu-nvidia-h100,19090400
LDC_N140,2744000,378010,Fused Face-Based,CPU,NeoN,1,gpu-nvidia-h100,19090400
LDC_N140,2744000,179768,Fused Cell-Based,CPU,NeoN,1,gpu-nvidia-h100,19090400
LDC_N140,2744000,179093,Fused Cell-Based,CPU,NeoN,1,gpu-nvidia-h100,19090400
LDC_N140,2744000,178957,Fused Cell-Based,CPU,NeoN,1,gpu-nvidia-h100,19090400
LDC_N140,2744000,612288,Face-Based,CPU,NeoN,1,gpu-nvidia-h100,19090400
LDC_N140,2744000,611425,Face-Based,CPU,NeoN,1,gpu-nvidia-h100,19090400
LDC_N140,2744000,601849,Face-Based,CPU,NeoN,1,gpu-nvidia-h100,19090400
LDC_N140,2744000,276028,Fused Face-Based,CPU,NeoN,2,gpu-nvidia-h100,19090400
LDC_N140,2744000,273496,Fused Face-Based,CPU,NeoN,2,gpu-nvidia-h100,19090400
LDC_N140,2744000,273419,Fused Face-Based,CPU,NeoN,2,gpu-nvidia-h100,19090400
LDC_N140,2744000,105941,Fused Cell-Based,CPU,NeoN,2,gpu-nvidia-h100,19090400
LDC_N140,2744000,109626,Fused Cell-Based,CPU,NeoN,2,gpu-nvidia-h100,19090400
LDC_N140,2744000,105893,Fused Cell-Based,CPU,NeoN,2,gpu-nvidia-h100,19090400
LDC_N140,2744000,429869,Face-Based,CPU,NeoN,2,gpu-nvidia-h100,19090400
LDC_N140,2744000,431851,Face-Based,CPU,NeoN,2,gpu-nvidia-h100,19090400
LDC_N140,2744000,424162,Face-Based,CPU,NeoN,2,gpu-nvidia-h100,19090400
LDC_N260,17576000,239810,Fused Face-Based,CPU,NeoN,16,gpu-nvidia-h200,122626400
LDC_N260,17576000,239814,Fused Face-Based,CPU,NeoN,16,gpu-nvidia-h200,122626400
LDC_N260,17576000,239088,Fused Face-Based,CPU,NeoN,16,gpu-nvidia-h200,122626400
LDC_N260,17576000,62933,Fused Cell-Based,CPU,NeoN,16,gpu-nvidia-h200,122626400
LDC_N260,17576000,62740,Fused Cell-Based,CPU,NeoN,16,gpu-nvidia-h200,122626400
LDC_N260,17576000,62735,Fused Cell-Based,CPU,NeoN,16,gpu-nvidia-h200,122626400
LDC_N260,17576000,430099,Face-Based,CPU,NeoN,16,gpu-nvidia-h200,122626400
LDC_N260,17576000,411607,Face-Based,CPU,NeoN,16,gpu-nvidia-h200,122626400
LDC_N260,17576000,415761,Face-Based,CPU,NeoN,16,gpu-nvidia-h200,122626400
LDC_N140,2744000,175671,Fused Face-Based,CPU,NeoN,4,gpu-nvidia-h100,19090400
LDC_N140,2744000,178146,Fused Face-Based,CPU,NeoN,4,gpu-nvidia-h100,19090400
LDC_N140,2744000,172174,Fused Face-Based,CPU,NeoN,4,gpu-nvidia-h100,19090400
LDC_N140,2744000,56769,Fused Cell-Based,CPU,NeoN,4,gpu-nvidia-h100,19090400
LDC_N140,2744000,56689,Fused Cell-Based,CPU,NeoN,4,gpu-nvidia-h100,19090400
LDC_N140,2744000,55927,Fused Cell-Based,CPU,NeoN,4,gpu-nvidia-h100,19090400
LDC_N140,2744000,278281,Face-Based,CPU,NeoN,4,gpu-nvidia-h100,19090400
LDC_N140,2744000,284608,Face-Based,CPU,NeoN,4,gpu-nvidia-h100,19090400
LDC_N140,2744000,268539,Face-Based,CPU,NeoN,4,gpu-nvidia-h100,19090400
LDC_N140,2744000,95540,Fused Face-Based,CPU,NeoN,8,gpu-nvidia-h100,19090400
LDC_N140,2744000,92686,Fused Face-Based,CPU,NeoN,8,gpu-nvidia-h100,19090400
LDC_N140,2744000,95111,Fused Face-Based,CPU,NeoN,8,gpu-nvidia-h100,19090400
LDC_N140,2744000,31910,Fused Cell-Based,CPU,NeoN,8,gpu-nvidia-h100,19090400
LDC_N140,2744000,30827,Fused Cell-Based,CPU,NeoN,8,gpu-nvidia-h100,19090400
LDC_N140,2744000,30005,Fused Cell-Based,CPU,NeoN,8,gpu-nvidia-h100,19090400
LDC_N140,2744000,154654,Face-Based,CPU,NeoN,8,gpu-nvidia-h100,19090400
LDC_N140,2744000,145983,Face-Based,CPU,NeoN,8,gpu-nvidia-h100,19090400
LDC_N140,2744000,147782,Face-Based,CPU,NeoN,8,gpu-nvidia-h100,19090400
LDC_N140,2744000,49231,Fused Face-Based,CPU,NeoN,16,gpu-nvidia-h100,19090400
LDC_N140,2744000,48884,Fused Face-Based,CPU,NeoN,16,gpu-nvidia-h100,19090400
LDC_N140,2744000,54098,Fused Face-Based,CPU,NeoN,16,gpu-nvidia-h100,19090400
LDC_N140,2744000,19080,Fused Cell-Based,CPU,NeoN,16,gpu-nvidia-h100,19090400
LDC_N140,2744000,18247,Fused Cell-Based,CPU,NeoN,16,gpu-nvidia-h100,19090400
LDC_N140,2744000,18581,Fused Cell-Based,CPU,NeoN,16,gpu-nvidia-h100,19090400
LDC_N140,2744000,77811,Face-Based,CPU,NeoN,16,gpu-nvidia-h100,19090400
LDC_N140,2744000,78136,Face-Based,CPU,NeoN,16,gpu-nvidia-h100,19090400
LDC_N140,2744000,77125,Face-Based,CPU,NeoN,16,gpu-nvidia-h100,19090400
LDC_N140,2744000,28273,Fused Face-Based,CPU,NeoN,32,gpu-nvidia-h100,19090400
LDC_N140,2744000,28121,Fused Face-Based,CPU,NeoN,32,gpu-nvidia-h100,19090400
LDC_N140,2744000,27818,Fused Face-Based,CPU,NeoN,32,gpu-nvidia-h100,19090400
LDC_N140,2744000,13879,Fused Cell-Based,CPU,NeoN,32,gpu-nvidia-h100,19090400
LDC_N140,2744000,14013,Fused Cell-Based,CPU,NeoN,32,gpu-nvidia-h100,19090400
LDC_N140,2744000,13917,Fused Cell-Based,CPU,NeoN,32,gpu-nvidia-h100,19090400
LDC_N140,2744000,45853,Face-Based,CPU,NeoN,32,gpu-nvidia-h100,19090400
LDC_N140,2744000,45738,Face-Based,CPU,NeoN,32,gpu-nvidia-h100,19090400
LDC_N140,2744000,45340,Face-Based,CPU,NeoN,32,gpu-nvidia-h100,19090400
LDC_N260,17576000,134239,Fused Face-Based,CPU,NeoN,32,gpu-nvidia-h200,122626400
LDC_N260,17576000,133716,Fused Face-Based,CPU,NeoN,32,gpu-nvidia-h200,122626400
LDC_N260,17576000,133217,Fused Face-Based,CPU,NeoN,32,gpu-nvidia-h200,122626400
LDC_N260,17576000,54873,Fused Cell-Based,CPU,NeoN,32,gpu-nvidia-h200,122626400
LDC_N260,17576000,55699,Fused Cell-Based,CPU,NeoN,32,gpu-nvidia-h200,122626400
LDC_N260,17576000,57040,Fused Cell-Based,CPU,NeoN,32,gpu-nvidia-h200,122626400
LDC_N260,17576000,228427,Face-Based,CPU,NeoN,32,gpu-nvidia-h200,122626400
LDC_N260,17576000,226330,Face-Based,CPU,NeoN,32,gpu-nvidia-h200,122626400
LDC_N260,17576000,232028,Face-Based,CPU,NeoN,32,gpu-nvidia-h200,122626400
LDC_N140,2744000,22518,Fused Face-Based,CPU,NeoN,64,gpu-nvidia-h100,19090400
LDC_N140,2744000,22131,Fused Face-Based,CPU,NeoN,64,gpu-nvidia-h100,19090400
LDC_N140,2744000,28162,Fused Face-Based,CPU,NeoN,64,gpu-nvidia-h100,19090400
LDC_N140,2744000,14300,Fused Cell-Based,CPU,NeoN,64,gpu-nvidia-h100,19090400
LDC_N140,2744000,14213,Fused Cell-Based,CPU,NeoN,64,gpu-nvidia-h100,19090400
LDC_N140,2744000,13385,Fused Cell-Based,CPU,NeoN,64,gpu-nvidia-h100,19090400
LDC_N140,2744000,38569,Face-Based,CPU,NeoN,64,gpu-nvidia-h100,19090400
LDC_N140,2744000,38679,Face-Based,CPU,NeoN,64,gpu-nvidia-h100,19090400
LDC_N140,2744000,32948,Face-Based,CPU,NeoN,64,gpu-nvidia-h100,19090400
LDC_N140,2744000,21744,Fused Face-Based,CPU,NeoN,128,gpu-nvidia-h100,19090400
LDC_N140,2744000,24996,Fused Face-Based,CPU,NeoN,128,gpu-nvidia-h100,19090400
LDC_N140,2744000,19306,Fused Face-Based,CPU,NeoN,128,gpu-nvidia-h100,19090400
LDC_N140,2744000,16539,Fused Cell-Based,CPU,NeoN,128,gpu-nvidia-h100,19090400
LDC_N140,2744000,16366,Fused Cell-Based,CPU,NeoN,128,gpu-nvidia-h100,19090400
LDC_N140,2744000,16489,Fused Cell-Based,CPU,NeoN,128,gpu-nvidia-h100,19090400
LDC_N140,2744000,33743,Face-Based,CPU,NeoN,128,gpu-nvidia-h100,19090400
LDC_N140,2744000,34224,Face-Based,CPU,NeoN,128,gpu-nvidia-h100,19090400
LDC_N140,2744000,33482,Face-Based,CPU,NeoN,128,gpu-nvidia-h100,19090400
LDC_N260,17576000,79579,Fused Face-Based,CPU,NeoN,64,gpu-nvidia-h200,122626400
LDC_N260,17576000,79903,Fused Face-Based,CPU,NeoN,64,gpu-nvidia-h200,122626400
LDC_N260,17576000,81425,Fused Face-Based,CPU,NeoN,64,gpu-nvidia-h200,122626400
LDC_N260,17576000,55490,Fused Cell-Based,CPU,NeoN,64,gpu-nvidia-h200,122626400
LDC_N260,17576000,55431,Fused Cell-Based,CPU,NeoN,64,gpu-nvidia-h200,122626400
LDC_N260,17576000,55558,Fused Cell-Based,CPU,NeoN,64,gpu-nvidia-h200,122626400
LDC_N260,17576000,148213,Face-Based,CPU,NeoN,64,gpu-nvidia-h200,122626400
LDC_N260,17576000,146527,Face-Based,CPU,NeoN,64,gpu-nvidia-h200,122626400
LDC_N260,17576000,149351,Face-Based,CPU,NeoN,64,gpu-nvidia-h200,122626400
LDC_N150,3375000,467707,Fused Face-Based,CPU,NeoN,1,gpu-nvidia-h100,23490000
LDC_N150,3375000,465975,Fused Face-Based,CPU,NeoN,1,gpu-nvidia-h100,23490000
LDC_N150,3375000,465876,Fused Face-Based,CPU,NeoN,1,gpu-nvidia-h100,23490000
LDC_N150,3375000,221430,Fused Cell-Based,CPU,NeoN,1,gpu-nvidia-h100,23490000
LDC_N150,3375000,221544,Fused Cell-Based,CPU,NeoN,1,gpu-nvidia-h100,23490000
LDC_N150,3375000,221795,Fused Cell-Based,CPU,NeoN,1,gpu-nvidia-h100,23490000
LDC_N150,3375000,733555,Face-Based,CPU,NeoN,1,gpu-nvidia-h100,23490000
LDC_N150,3375000,749596,Face-Based,CPU,NeoN,1,gpu-nvidia-h100,23490000
LDC_N150,3375000,751132,Face-Based,CPU,NeoN,1,gpu-nvidia-h100,23490000
LDC_N150,3375000,335520,Fused Face-Based,CPU,NeoN,2,gpu-nvidia-h100,23490000
LDC_N150,3375000,334010,Fused Face-Based,CPU,NeoN,2,gpu-nvidia-h100,23490000
LDC_N150,3375000,333894,Fused Face-Based,CPU,NeoN,2,gpu-nvidia-h100,23490000
LDC_N150,3375000,130678,Fused Cell-Based,CPU,NeoN,2,gpu-nvidia-h100,23490000
LDC_N150,3375000,129713,Fused Cell-Based,CPU,NeoN,2,gpu-nvidia-h100,23490000
LDC_N150,3375000,130195,Fused Cell-Based,CPU,NeoN,2,gpu-nvidia-h100,23490000
LDC_N150,3375000,525478,Face-Based,CPU,NeoN,2,gpu-nvidia-h100,23490000
LDC_N150,3375000,524925,Face-Based,CPU,NeoN,2,gpu-nvidia-h100,23490000
LDC_N150,3375000,525747,Face-Based,CPU,NeoN,2,gpu-nvidia-h100,23490000
LDC_N150,3375000,219235,Fused Face-Based,CPU,NeoN,4,gpu-nvidia-h100,23490000
LDC_N150,3375000,216418,Fused Face-Based,CPU,NeoN,4,gpu-nvidia-h100,23490000
LDC_N150,3375000,204519,Fused Face-Based,CPU,NeoN,4,gpu-nvidia-h100,23490000
LDC_N150,3375000,69071,Fused Cell-Based,CPU,NeoN,4,gpu-nvidia-h100,23490000
LDC_N150,3375000,68748,Fused Cell-Based,CPU,NeoN,4,gpu-nvidia-h100,23490000
LDC_N150,3375000,68865,Fused Cell-Based,CPU,NeoN,4,gpu-nvidia-h100,23490000
LDC_N150,3375000,343897,Face-Based,CPU,NeoN,4,gpu-nvidia-h100,23490000
LDC_N150,3375000,342245,Face-Based,CPU,NeoN,4,gpu-nvidia-h100,23490000
LDC_N150,3375000,327212,Face-Based,CPU,NeoN,4,gpu-nvidia-h100,23490000
LDC_N260,17576000,78332,Fused Face-Based,CPU,NeoN,128,gpu-nvidia-h200,122626400
LDC_N260,17576000,78276,Fused Face-Based,CPU,NeoN,128,gpu-nvidia-h200,122626400
LDC_N260,17576000,78817,Fused Face-Based,CPU,NeoN,128,gpu-nvidia-h200,122626400
LDC_N260,17576000,57069,Fused Cell-Based,CPU,NeoN,128,gpu-nvidia-h200,122626400
LDC_N260,17576000,57153,Fused Cell-Based,CPU,NeoN,128,gpu-nvidia-h200,122626400
LDC_N260,17576000,57185,Fused Cell-Based,CPU,NeoN,128,gpu-nvidia-h200,122626400
LDC_N260,17576000,126706,Face-Based,CPU,NeoN,128,gpu-nvidia-h200,122626400
LDC_N260,17576000,126406,Face-Based,CPU,NeoN,128,gpu-nvidia-h200,122626400
LDC_N260,17576000,126886,Face-Based,CPU,NeoN,128,gpu-nvidia-h200,122626400
LDC_N150,3375000,118071,Fused Face-Based,CPU,NeoN,8,gpu-nvidia-h100,23490000
LDC_N150,3375000,116067,Fused Face-Based,CPU,NeoN,8,gpu-nvidia-h100,23490000
LDC_N150,3375000,114804,Fused Face-Based,CPU,NeoN,8,gpu-nvidia-h100,23490000
LDC_N150,3375000,37935,Fused Cell-Based,CPU,NeoN,8,gpu-nvidia-h100,23490000
LDC_N150,3375000,37879,Fused Cell-Based,CPU,NeoN,8,gpu-nvidia-h100,23490000
LDC_N150,3375000,38148,Fused Cell-Based,CPU,NeoN,8,gpu-nvidia-h100,23490000
LDC_N150,3375000,182211,Face-Based,CPU,NeoN,8,gpu-nvidia-h100,23490000
LDC_N150,3375000,180589,Face-Based,CPU,NeoN,8,gpu-nvidia-h100,23490000
LDC_N150,3375000,190361,Face-Based,CPU,NeoN,8,gpu-nvidia-h100,23490000
LDC_N150,3375000,64981,Fused Face-Based,CPU,NeoN,16,gpu-nvidia-h100,23490000
LDC_N150,3375000,58696,Fused Face-Based,CPU,NeoN,16,gpu-nvidia-h100,23490000
LDC_N150,3375000,59842,Fused Face-Based,CPU,NeoN,16,gpu-nvidia-h100,23490000
LDC_N150,3375000,23147,Fused Cell-Based,CPU,NeoN,16,gpu-nvidia-h100,23490000
LDC_N150,3375000,23178,Fused Cell-Based,CPU,NeoN,16,gpu-nvidia-h100,23490000
LDC_N150,3375000,28330,Fused Cell-Based,CPU,NeoN,16,gpu-nvidia-h100,23490000
LDC_N150,3375000,96459,Face-Based,CPU,NeoN,16,gpu-nvidia-h100,23490000
LDC_N150,3375000,101106,Face-Based,CPU,NeoN,16,gpu-nvidia-h100,23490000
LDC_N150,3375000,96584,Face-Based,CPU,NeoN,16,gpu-nvidia-h100,23490000
LDC_N150,3375000,34134,Fused Face-Based,CPU,NeoN,32,gpu-nvidia-h100,23490000
LDC_N150,3375000,33903,Fused Face-Based,CPU,NeoN,32,gpu-nvidia-h100,23490000
LDC_N150,3375000,36756,Fused Face-Based,CPU,NeoN,32,gpu-nvidia-h100,23490000
LDC_N150,3375000,16774,Fused Cell-Based,CPU,NeoN,32,gpu-nvidia-h100,23490000
LDC_N150,3375000,17575,Fused Cell-Based,CPU,NeoN,32,gpu-nvidia-h100,23490000
LDC_N150,3375000,20769,Fused Cell-Based,CPU,NeoN,32,gpu-nvidia-h100,23490000
LDC_N150,3375000,56264,Face-Based,CPU,NeoN,32,gpu-nvidia-h100,23490000
LDC_N150,3375000,56246,Face-Based,CPU,NeoN,32,gpu-nvidia-h100,23490000
LDC_N150,3375000,62798,Face-Based,CPU,NeoN,32,gpu-nvidia-h100,23490000
LDC_N150,3375000,23051,Fused Face-Based,CPU,NeoN,64,gpu-nvidia-h100,23490000
LDC_N150,3375000,22845,Fused Face-Based,CPU,NeoN,64,gpu-nvidia-h100,23490000
LDC_N150,3375000,22791,Fused Face-Based,CPU,NeoN,64,gpu-nvidia-h100,23490000
LDC_N150,3375000,16617,Fused Cell-Based,CPU,NeoN,64,gpu-nvidia-h100,23490000
LDC_N150,3375000,16387,Fused Cell-Based,CPU,NeoN,64,gpu-nvidia-h100,23490000
LDC_N150,3375000,16406,Fused Cell-Based,CPU,NeoN,64,gpu-nvidia-h100,23490000
LDC_N150,3375000,38700,Face-Based,CPU,NeoN,64,gpu-nvidia-h100,23490000
LDC_N150,3375000,38874,Face-Based,CPU,NeoN,64,gpu-nvidia-h100,23490000
LDC_N150,3375000,39377,Face-Based,CPU,NeoN,64,gpu-nvidia-h100,23490000
LDC_N150,3375000,23387,Fused Face-Based,CPU,NeoN,128,gpu-nvidia-h100,23490000
LDC_N150,3375000,23144,Fused Face-Based,CPU,NeoN,128,gpu-nvidia-h100,23490000
LDC_N150,3375000,23180,Fused Face-Based,CPU,NeoN,128,gpu-nvidia-h100,23490000
LDC_N150,3375000,19054,Fused Cell-Based,CPU,NeoN,128,gpu-nvidia-h100,23490000
LDC_N150,3375000,18791,Fused Cell-Based,CPU,NeoN,128,gpu-nvidia-h100,23490000
LDC_N150,3375000,19912,Fused Cell-Based,CPU,NeoN,128,gpu-nvidia-h100,23490000
LDC_N150,3375000,39561,Face-Based,CPU,NeoN,128,gpu-nvidia-h100,23490000
LDC_N150,3375000,39251,Face-Based,CPU,NeoN,128,gpu-nvidia-h100,23490000
LDC_N150,3375000,39343,Face-Based,CPU,NeoN,128,gpu-nvidia-h100,23490000
LDC_N280,21952000,2087476,Fused Face-Based,CPU,NeoN,1,gpu-nvidia-h200,153193600
LDC_N280,21952000,2088619,Fused Face-Based,CPU,NeoN,1,gpu-nvidia-h200,153193600
LDC_N280,21952000,2088986,Fused Face-Based,CPU,NeoN,1,gpu-nvidia-h200,153193600
LDC_N280,21952000,569487,Fused Cell-Based,CPU,NeoN,1,gpu-nvidia-h200,153193600
LDC_N280,21952000,568737,Fused Cell-Based,CPU,NeoN,1,gpu-nvidia-h200,153193600
LDC_N280,21952000,568799,Fused Cell-Based,CPU,NeoN,1,gpu-nvidia-h200,153193600
LDC_N280,21952000,3461584,Face-Based,CPU,NeoN,1,gpu-nvidia-h200,153193600
LDC_N280,21952000,3465933,Face-Based,CPU,NeoN,1,gpu-nvidia-h200,153193600
LDC_N280,21952000,3462965,Face-Based,CPU,NeoN,1,gpu-nvidia-h200,153193600
LDC_N160,4096000,564647,Fused Face-Based,CPU,NeoN,1,gpu-nvidia-h100,28518400
LDC_N160,4096000,582258,Fused Face-Based,CPU,NeoN,1,gpu-nvidia-h100,28518400
LDC_N160,4096000,564495,Fused Face-Based,CPU,NeoN,1,gpu-nvidia-h100,28518400
LDC_N160,4096000,265538,Fused Cell-Based,CPU,NeoN,1,gpu-nvidia-h100,28518400
LDC_N160,4096000,265177,Fused Cell-Based,CPU,NeoN,1,gpu-nvidia-h100,28518400
LDC_N160,4096000,265283,Fused Cell-Based,CPU,NeoN,1,gpu-nvidia-h100,28518400
LDC_N160,4096000,897867,Face-Based,CPU,NeoN,1,gpu-nvidia-h100,28518400
LDC_N160,4096000,896652,Face-Based,CPU,NeoN,1,gpu-nvidia-h100,28518400
LDC_N160,4096000,878492,Face-Based,CPU,NeoN,1,gpu-nvidia-h100,28518400
LDC_N160,4096000,401199,Fused Face-Based,CPU,NeoN,2,gpu-nvidia-h100,28518400
LDC_N160,4096000,401914,Fused Face-Based,CPU,NeoN,2,gpu-nvidia-h100,28518400
LDC_N160,4096000,401966,Fused Face-Based,CPU,NeoN,2,gpu-nvidia-h100,28518400
LDC_N160,4096000,156030,Fused Cell-Based,CPU,NeoN,2,gpu-nvidia-h100,28518400
LDC_N160,4096000,154478,Fused Cell-Based,CPU,NeoN,2,gpu-nvidia-h100,28518400
LDC_N160,4096000,154605,Fused Cell-Based,CPU,NeoN,2,gpu-nvidia-h100,28518400
LDC_N160,4096000,633415,Face-Based,CPU,NeoN,2,gpu-nvidia-h100,28518400
LDC_N160,4096000,633239,Face-Based,CPU,NeoN,2,gpu-nvidia-h100,28518400
LDC_N160,4096000,633940,Face-Based,CPU,NeoN,2,gpu-nvidia-h100,28518400
LDC_N160,4096000,250374,Fused Face-Based,CPU,NeoN,4,gpu-nvidia-h100,28518400
LDC_N160,4096000,243815,Fused Face-Based,CPU,NeoN,4,gpu-nvidia-h100,28518400
LDC_N160,4096000,226450,Fused Face-Based,CPU,NeoN,4,gpu-nvidia-h100,28518400
LDC_N160,4096000,83203,Fused Cell-Based,CPU,NeoN,4,gpu-nvidia-h100,28518400
LDC_N160,4096000,83151,Fused Cell-Based,CPU,NeoN,4,gpu-nvidia-h100,28518400
LDC_N160,4096000,77716,Fused Cell-Based,CPU,NeoN,4,gpu-nvidia-h100,28518400
LDC_N160,4096000,375922,Face-Based,CPU,NeoN,4,gpu-nvidia-h100,28518400
LDC_N160,4096000,386989,Face-Based,CPU,NeoN,4,gpu-nvidia-h100,28518400
LDC_N160,4096000,358988,Face-Based,CPU,NeoN,4,gpu-nvidia-h100,28518400
LDC_N280,21952000,1683916,Fused Face-Based,CPU,NeoN,2,gpu-nvidia-h200,153193600
LDC_N280,21952000,1713457,Fused Face-Based,CPU,NeoN,2,gpu-nvidia-h200,153193600
LDC_N280,21952000,1692204,Fused Face-Based,CPU,NeoN,2,gpu-nvidia-h200,153193600
LDC_N280,21952000,293701,Fused Cell-Based,CPU,NeoN,2,gpu-nvidia-h200,153193600
LDC_N280,21952000,295203,Fused Cell-Based,CPU,NeoN,2,gpu-nvidia-h200,153193600
LDC_N280,21952000,298259,Fused Cell-Based,CPU,NeoN,2,gpu-nvidia-h200,153193600
LDC_N280,21952000,2864628,Face-Based,CPU,NeoN,2,gpu-nvidia-h200,153193600
LDC_N280,21952000,2818662,Face-Based,CPU,NeoN,2,gpu-nvidia-h200,153193600
LDC_N280,21952000,2829647,Face-Based,CPU,NeoN,2,gpu-nvidia-h200,153193600
LDC_N160,4096000,140862,Fused Face-Based,CPU,NeoN,8,gpu-nvidia-h100,28518400
LDC_N160,4096000,141130,Fused Face-Based,CPU,NeoN,8,gpu-nvidia-h100,28518400
LDC_N160,4096000,141290,Fused Face-Based,CPU,NeoN,8,gpu-nvidia-h100,28518400
LDC_N160,4096000,45037,Fused Cell-Based,CPU,NeoN,8,gpu-nvidia-h100,28518400
LDC_N160,4096000,44934,Fused Cell-Based,CPU,NeoN,8,gpu-nvidia-h100,28518400
LDC_N160,4096000,44538,Fused Cell-Based,CPU,NeoN,8,gpu-nvidia-h100,28518400
LDC_N160,4096000,219668,Face-Based,CPU,NeoN,8,gpu-nvidia-h100,28518400
LDC_N160,4096000,218762,Face-Based,CPU,NeoN,8,gpu-nvidia-h100,28518400
LDC_N160,4096000,225432,Face-Based,CPU,NeoN,8,gpu-nvidia-h100,28518400
LDC_N160,4096000,73489,Fused Face-Based,CPU,NeoN,16,gpu-nvidia-h100,28518400
LDC_N160,4096000,72956,Fused Face-Based,CPU,NeoN,16,gpu-nvidia-h100,28518400
LDC_N160,4096000,72633,Fused Face-Based,CPU,NeoN,16,gpu-nvidia-h100,28518400
LDC_N160,4096000,27590,Fused Cell-Based,CPU,NeoN,16,gpu-nvidia-h100,28518400
LDC_N160,4096000,27684,Fused Cell-Based,CPU,NeoN,16,gpu-nvidia-h100,28518400
LDC_N160,4096000,27714,Fused Cell-Based,CPU,NeoN,16,gpu-nvidia-h100,28518400
LDC_N160,4096000,116045,Face-Based,CPU,NeoN,16,gpu-nvidia-h100,28518400
LDC_N160,4096000,114992,Face-Based,CPU,NeoN,16,gpu-nvidia-h100,28518400
LDC_N160,4096000,120811,Face-Based,CPU,NeoN,16,gpu-nvidia-h100,28518400
LDC_N160,4096000,41421,Fused Face-Based,CPU,NeoN,32,gpu-nvidia-h100,28518400
LDC_N160,4096000,41247,Fused Face-Based,CPU,NeoN,32,gpu-nvidia-h100,28518400
LDC_N160,4096000,41519,Fused Face-Based,CPU,NeoN,32,gpu-nvidia-h100,28518400
LDC_N160,4096000,20157,Fused Cell-Based,CPU,NeoN,32,gpu-nvidia-h100,28518400
LDC_N160,4096000,20355,Fused Cell-Based,CPU,NeoN,32,gpu-nvidia-h100,28518400
LDC_N160,4096000,20265,Fused Cell-Based,CPU,NeoN,32,gpu-nvidia-h100,28518400
LDC_N160,4096000,66892,Face-Based,CPU,NeoN,32,gpu-nvidia-h100,28518400
LDC_N160,4096000,67069,Face-Based,CPU,NeoN,32,gpu-nvidia-h100,28518400
LDC_N160,4096000,72035,Face-Based,CPU,NeoN,32,gpu-nvidia-h100,28518400
LDC_N160,4096000,35912,Fused Face-Based,CPU,NeoN,64,gpu-nvidia-h100,28518400
LDC_N160,4096000,32003,Fused Face-Based,CPU,NeoN,64,gpu-nvidia-h100,28518400
LDC_N160,4096000,32456,Fused Face-Based,CPU,NeoN,64,gpu-nvidia-h100,28518400
LDC_N160,4096000,20406,Fused Cell-Based,CPU,NeoN,64,gpu-nvidia-h100,28518400
LDC_N160,4096000,20214,Fused Cell-Based,CPU,NeoN,64,gpu-nvidia-h100,28518400
LDC_N160,4096000,20188,Fused Cell-Based,CPU,NeoN,64,gpu-nvidia-h100,28518400
LDC_N160,4096000,55682,Face-Based,CPU,NeoN,64,gpu-nvidia-h100,28518400
LDC_N160,4096000,55504,Face-Based,CPU,NeoN,64,gpu-nvidia-h100,28518400
LDC_N160,4096000,55287,Face-Based,CPU,NeoN,64,gpu-nvidia-h100,28518400
LDC_N280,21952000,898397,Fused Face-Based,CPU,NeoN,4,gpu-nvidia-h200,153193600
LDC_N280,21952000,892183,Fused Face-Based,CPU,NeoN,4,gpu-nvidia-h200,153193600
LDC_N280,21952000,981800,Fused Face-Based,CPU,NeoN,4,gpu-nvidia-h200,153193600
LDC_N280,21952000,164012,Fused Cell-Based,CPU,NeoN,4,gpu-nvidia-h200,153193600
LDC_N280,21952000,161124,Fused Cell-Based,CPU,NeoN,4,gpu-nvidia-h200,153193600
LDC_N280,21952000,163991,Fused Cell-Based,CPU,NeoN,4,gpu-nvidia-h200,153193600
LDC_N280,21952000,1573337,Face-Based,CPU,NeoN,4,gpu-nvidia-h200,153193600
LDC_N280,21952000,1694094,Face-Based,CPU,NeoN,4,gpu-nvidia-h200,153193600
LDC_N280,21952000,1591405,Face-Based,CPU,NeoN,4,gpu-nvidia-h200,153193600
LDC_N160,4096000,27723,Fused Face-Based,CPU,NeoN,128,gpu-nvidia-h100,28518400
LDC_N160,4096000,28007,Fused Face-Based,CPU,NeoN,128,gpu-nvidia-h100,28518400
LDC_N160,4096000,27199,Fused Face-Based,CPU,NeoN,128,gpu-nvidia-h100,28518400
LDC_N160,4096000,21818,Fused Cell-Based,CPU,NeoN,128,gpu-nvidia-h100,28518400
LDC_N160,4096000,22128,Fused Cell-Based,CPU,NeoN,128,gpu-nvidia-h100,28518400
LDC_N160,4096000,22633,Fused Cell-Based,CPU,NeoN,128,gpu-nvidia-h100,28518400
LDC_N160,4096000,244519,Face-Based,CPU,NeoN,128,gpu-nvidia-h100,28518400
LDC_N160,4096000,50260,Face-Based,CPU,NeoN,128,gpu-nvidia-h100,28518400
LDC_N160,4096000,48584,Face-Based,CPU,NeoN,128,gpu-nvidia-h100,28518400
LDC_N170,4913000,668265,Fused Face-Based,CPU,NeoN,1,gpu-nvidia-h100,34217600
LDC_N170,4913000,668274,Fused Face-Based,CPU,NeoN,1,gpu-nvidia-h100,34217600
LDC_N170,4913000,668167,Fused Face-Based,CPU,NeoN,1,gpu-nvidia-h100,34217600
LDC_N170,4913000,313369,Fused Cell-Based,CPU,NeoN,1,gpu-nvidia-h100,34217600
LDC_N170,4913000,313322,Fused Cell-Based,CPU,NeoN,1,gpu-nvidia-h100,34217600
LDC_N170,4913000,313414,Fused Cell-Based,CPU,NeoN,1,gpu-nvidia-h100,34217600
LDC_N170,4913000,1068017,Face-Based,CPU,NeoN,1,gpu-nvidia-h100,34217600
LDC_N170,4913000,1065832,Face-Based,CPU,NeoN,1,gpu-nvidia-h100,34217600
LDC_N170,4913000,1065307,Face-Based,CPU,NeoN,1,gpu-nvidia-h100,34217600
LDC_N280,21952000,570009,Fused Face-Based,CPU,NeoN,8,gpu-nvidia-h200,153193600
LDC_N280,21952000,539318,Fused Face-Based,CPU,NeoN,8,gpu-nvidia-h200,153193600
LDC_N280,21952000,556162,Fused Face-Based,CPU,NeoN,8,gpu-nvidia-h200,153193600
LDC_N280,21952000,105541,Fused Cell-Based,CPU,NeoN,8,gpu-nvidia-h200,153193600
LDC_N280,21952000,105248,Fused Cell-Based,CPU,NeoN,8,gpu-nvidia-h200,153193600
LDC_N280,21952000,106725,Fused Cell-Based,CPU,NeoN,8,gpu-nvidia-h200,153193600
LDC_N280,21952000,934087,Face-Based,CPU,NeoN,8,gpu-nvidia-h200,153193600
LDC_N280,21952000,946475,Face-Based,CPU,NeoN,8,gpu-nvidia-h200,153193600
LDC_N280,21952000,937859,Face-Based,CPU,NeoN,8,gpu-nvidia-h200,153193600
LDC_N170,4913000,482001,Fused Face-Based,CPU,NeoN,2,gpu-nvidia-h100,34217600
LDC_N170,4913000,486085,Fused Face-Based,CPU,NeoN,2,gpu-nvidia-h100,34217600
LDC_N170,4913000,481426,Fused Face-Based,CPU,NeoN,2,gpu-nvidia-h100,34217600
LDC_N170,4913000,183807,Fused Cell-Based,CPU,NeoN,2,gpu-nvidia-h100,34217600
LDC_N170,4913000,183790,Fused Cell-Based,CPU,NeoN,2,gpu-nvidia-h100,34217600
LDC_N170,4913000,183744,Fused Cell-Based,CPU,NeoN,2,gpu-nvidia-h100,34217600
LDC_N170,4913000,763894,Face-Based,CPU,NeoN,2,gpu-nvidia-h100,34217600
LDC_N170,4913000,761256,Face-Based,CPU,NeoN,2,gpu-nvidia-h100,34217600
LDC_N170,4913000,761079,Face-Based,CPU,NeoN,2,gpu-nvidia-h100,34217600
LDC_N170,4913000,309545,Fused Face-Based,CPU,NeoN,4,gpu-nvidia-h100,34217600
LDC_N170,4913000,273317,Fused Face-Based,CPU,NeoN,4,gpu-nvidia-h100,34217600
LDC_N170,4913000,278062,Fused Face-Based,CPU,NeoN,4,gpu-nvidia-h100,34217600
LDC_N170,4913000,97774,Fused Cell-Based,CPU,NeoN,4,gpu-nvidia-h100,34217600
LDC_N170,4913000,97383,Fused Cell-Based,CPU,NeoN,4,gpu-nvidia-h100,34217600
LDC_N170,4913000,97189,Fused Cell-Based,CPU,NeoN,4,gpu-nvidia-h100,34217600
LDC_N170,4913000,495854,Face-Based,CPU,NeoN,4,gpu-nvidia-h100,34217600
LDC_N170,4913000,442970,Face-Based,CPU,NeoN,4,gpu-nvidia-h100,34217600
LDC_N170,4913000,438125,Face-Based,CPU,NeoN,4,gpu-nvidia-h100,34217600
LDC_N170,4913000,166964,Fused Face-Based,CPU,NeoN,8,gpu-nvidia-h100,34217600
LDC_N170,4913000,164497,Fused Face-Based,CPU,NeoN,8,gpu-nvidia-h100,34217600
LDC_N170,4913000,168885,Fused Face-Based,CPU,NeoN,8,gpu-nvidia-h100,34217600
LDC_N170,4913000,56465,Fused Cell-Based,CPU,NeoN,8,gpu-nvidia-h100,34217600
LDC_N170,4913000,54927,Fused Cell-Based,CPU,NeoN,8,gpu-nvidia-h100,34217600
LDC_N170,4913000,54807,Fused Cell-Based,CPU,NeoN,8,gpu-nvidia-h100,34217600
LDC_N170,4913000,317426,Face-Based,CPU,NeoN,8,gpu-nvidia-h100,34217600
LDC_N170,4913000,315943,Face-Based,CPU,NeoN,8,gpu-nvidia-h100,34217600
LDC_N170,4913000,331821,Face-Based,CPU,NeoN,8,gpu-nvidia-h100,34217600
LDC_N280,21952000,312048,Fused Face-Based,CPU,NeoN,16,gpu-nvidia-h200,153193600
LDC_N280,21952000,320531,Fused Face-Based,CPU,NeoN,16,gpu-nvidia-h200,153193600
LDC_N280,21952000,317517,Fused Face-Based,CPU,NeoN,16,gpu-nvidia-h200,153193600
LDC_N280,21952000,76822,Fused Cell-Based,CPU,NeoN,16,gpu-nvidia-h200,153193600
LDC_N280,21952000,76548,Fused Cell-Based,CPU,NeoN,16,gpu-nvidia-h200,153193600
LDC_N280,21952000,76588,Fused Cell-Based,CPU,NeoN,16,gpu-nvidia-h200,153193600
LDC_N280,21952000,557886,Face-Based,CPU,NeoN,16,gpu-nvidia-h200,153193600
LDC_N280,21952000,537096,Face-Based,CPU,NeoN,16,gpu-nvidia-h200,153193600
LDC_N280,21952000,560141,Face-Based,CPU,NeoN,16,gpu-nvidia-h200,153193600
LDC_N170,4913000,87176,Fused Face-Based,CPU,NeoN,16,gpu-nvidia-h100,34217600
LDC_N170,4913000,86269,Fused Face-Based,CPU,NeoN,16,gpu-nvidia-h100,34217600
LDC_N170,4913000,86626,Fused Face-Based,CPU,NeoN,16,gpu-nvidia-h100,34217600
LDC_N170,4913000,32828,Fused Cell-Based,CPU,NeoN,16,gpu-nvidia-h100,34217600
LDC_N170,4913000,32806,Fused Cell-Based,CPU,NeoN,16,gpu-nvidia-h100,34217600
LDC_N170,4913000,32673,Fused Cell-Based,CPU,NeoN,16,gpu-nvidia-h100,34217600
LDC_N170,4913000,138676,Face-Based,CPU,NeoN,16,gpu-nvidia-h100,34217600
LDC_N170,4913000,138366,Face-Based,CPU,NeoN,16,gpu-nvidia-h100,34217600
LDC_N170,4913000,143584,Face-Based,CPU,NeoN,16,gpu-nvidia-h100,34217600
LDC_N170,4913000,48097,Fused Face-Based,CPU,NeoN,32,gpu-nvidia-h100,34217600
LDC_N170,4913000,52841,Fused Face-Based,CPU,NeoN,32,gpu-nvidia-h100,34217600
LDC_N170,4913000,47588,Fused Face-Based,CPU,NeoN,32,gpu-nvidia-h100,34217600
LDC_N170,4913000,22881,Fused Cell-Based,CPU,NeoN,32,gpu-nvidia-h100,34217600
LDC_N170,4913000,22646,Fused Cell-Based,CPU,NeoN,32,gpu-nvidia-h100,34217600
LDC_N170,4913000,22959,Fused Cell-Based,CPU,NeoN,32,gpu-nvidia-h100,34217600
LDC_N170,4913000,80529,Face-Based,CPU,NeoN,32,gpu-nvidia-h100,34217600
LDC_N170,4913000,79203,Face-Based,CPU,NeoN,32,gpu-nvidia-h100,34217600
LDC_N170,4913000,79620,Face-Based,CPU,NeoN,32,gpu-nvidia-h100,34217600
LDC_N170,4913000,38360,Fused Face-Based,CPU,NeoN,64,gpu-nvidia-h100,34217600
LDC_N170,4913000,38138,Fused Face-Based,CPU,NeoN,64,gpu-nvidia-h100,34217600
LDC_N170,4913000,38167,Fused Face-Based,CPU,NeoN,64,gpu-nvidia-h100,34217600
LDC_N170,4913000,23578,Fused Cell-Based,CPU,NeoN,64,gpu-nvidia-h100,34217600
LDC_N170,4913000,23665,Fused Cell-Based,CPU,NeoN,64,gpu-nvidia-h100,34217600
LDC_N170,4913000,23779,Fused Cell-Based,CPU,NeoN,64,gpu-nvidia-h100,34217600
LDC_N170,4913000,70423,Face-Based,CPU,NeoN,64,gpu-nvidia-h100,34217600
LDC_N170,4913000,65502,Face-Based,CPU,NeoN,64,gpu-nvidia-h100,34217600
LDC_N170,4913000,66271,Face-Based,CPU,NeoN,64,gpu-nvidia-h100,34217600
LDC_N280,21952000,163839,Fused Face-Based,CPU,NeoN,32,gpu-nvidia-h200,153193600
LDC_N280,21952000,164086,Fused Face-Based,CPU,NeoN,32,gpu-nvidia-h200,153193600
LDC_N280,21952000,173365,Fused Face-Based,CPU,NeoN,32,gpu-nvidia-h200,153193600
LDC_N280,21952000,68524,Fused Cell-Based,CPU,NeoN,32,gpu-nvidia-h200,153193600
LDC_N280,21952000,69247,Fused Cell-Based,CPU,NeoN,32,gpu-nvidia-h200,153193600
LDC_N280,21952000,69298,Fused Cell-Based,CPU,NeoN,32,gpu-nvidia-h200,153193600
LDC_N280,21952000,322875,Face-Based,CPU,NeoN,32,gpu-nvidia-h200,153193600
LDC_N280,21952000,314316,Face-Based,CPU,NeoN,32,gpu-nvidia-h200,153193600
LDC_N280,21952000,316238,Face-Based,CPU,NeoN,32,gpu-nvidia-h200,153193600
LDC_N170,4913000,31805,Fused Face-Based,CPU,NeoN,128,gpu-nvidia-h100,34217600
LDC_N170,4913000,31933,Fused Face-Based,CPU,NeoN,128,gpu-nvidia-h100,34217600
LDC_N170,4913000,31410,Fused Face-Based,CPU,NeoN,128,gpu-nvidia-h100,34217600
LDC_N170,4913000,26442,Fused Cell-Based,CPU,NeoN,128,gpu-nvidia-h100,34217600
LDC_N170,4913000,25760,Fused Cell-Based,CPU,NeoN,128,gpu-nvidia-h100,34217600
LDC_N170,4913000,26250,Fused Cell-Based,CPU,NeoN,128,gpu-nvidia-h100,34217600
LDC_N170,4913000,53759,Face-Based,CPU,NeoN,128,gpu-nvidia-h100,34217600
LDC_N170,4913000,54097,Face-Based,CPU,NeoN,128,gpu-nvidia-h100,34217600
LDC_N170,4913000,54178,Face-Based,CPU,NeoN,128,gpu-nvidia-h100,34217600
LDC_N180,5832000,797261,Fused Face-Based,CPU,NeoN,1,gpu-nvidia-h100,40629600
LDC_N180,5832000,797317,Fused Face-Based,CPU,NeoN,1,gpu-nvidia-h100,40629600
LDC_N180,5832000,797340,Fused Face-Based,CPU,NeoN,1,gpu-nvidia-h100,40629600
LDC_N180,5832000,372697,Fused Cell-Based,CPU,NeoN,1,gpu-nvidia-h100,40629600
LDC_N180,5832000,372393,Fused Cell-Based,CPU,NeoN,1,gpu-nvidia-h100,40629600
LDC_N180,5832000,372500,Fused Cell-Based,CPU,NeoN,1,gpu-nvidia-h100,40629600
LDC_N180,5832000,1267164,Face-Based,CPU,NeoN,1,gpu-nvidia-h100,40629600
LDC_N180,5832000,1265221,Face-Based,CPU,NeoN,1,gpu-nvidia-h100,40629600
LDC_N180,5832000,1281856,Face-Based,CPU,NeoN,1,gpu-nvidia-h100,40629600
LDC_N280,21952000,116751,Fused Face-Based,CPU,NeoN,64,gpu-nvidia-h200,153193600
LDC_N280,21952000,100638,Fused Face-Based,CPU,NeoN,64,gpu-nvidia-h200,153193600
LDC_N280,21952000,99741,Fused Face-Based,CPU,NeoN,64,gpu-nvidia-h200,153193600
LDC_N280,21952000,74376,Fused Cell-Based,CPU,NeoN,64,gpu-nvidia-h200,153193600
LDC_N280,21952000,69043,Fused Cell-Based,CPU,NeoN,64,gpu-nvidia-h200,153193600
LDC_N280,21952000,69184,Fused Cell-Based,CPU,NeoN,64,gpu-nvidia-h200,153193600
LDC_N280,21952000,230480,Face-Based,CPU,NeoN,64,gpu-nvidia-h200,153193600
LDC_N280,21952000,212308,Face-Based,CPU,NeoN,64,gpu-nvidia-h200,153193600
LDC_N280,21952000,203883,Face-Based,CPU,NeoN,64,gpu-nvidia-h200,153193600
LDC_N180,5832000,600066,Fused Face-Based,CPU,NeoN,2,gpu-nvidia-h100,40629600
LDC_N180,5832000,600723,Fused Face-Based,CPU,NeoN,2,gpu-nvidia-h100,40629600
LDC_N180,5832000,608502,Fused Face-Based,CPU,NeoN,2,gpu-nvidia-h100,40629600
LDC_N180,5832000,267851,Fused Cell-Based,CPU,NeoN,2,gpu-nvidia-h100,40629600
LDC_N180,5832000,267321,Fused Cell-Based,CPU,NeoN,2,gpu-nvidia-h100,40629600
LDC_N180,5832000,273576,Fused Cell-Based,CPU,NeoN,2,gpu-nvidia-h100,40629600
LDC_N180,5832000,941619,Face-Based,CPU,NeoN,2,gpu-nvidia-h100,40629600
LDC_N180,5832000,950064,Face-Based,CPU,NeoN,2,gpu-nvidia-h100,40629600
LDC_N180,5832000,947206,Face-Based,CPU,NeoN,2,gpu-nvidia-h100,40629600
LDC_N180,5832000,379268,Fused Face-Based,CPU,NeoN,4,gpu-nvidia-h100,40629600
LDC_N180,5832000,368088,Fused Face-Based,CPU,NeoN,4,gpu-nvidia-h100,40629600
LDC_N180,5832000,359737,Fused Face-Based,CPU,NeoN,4,gpu-nvidia-h100,40629600
LDC_N180,5832000,117782,Fused Cell-Based,CPU,NeoN,4,gpu-nvidia-h100,40629600
LDC_N180,5832000,114080,Fused Cell-Based,CPU,NeoN,4,gpu-nvidia-h100,40629600
LDC_N180,5832000,117998,Fused Cell-Based,CPU,NeoN,4,gpu-nvidia-h100,40629600
LDC_N180,5832000,592559,Face-Based,CPU,NeoN,4,gpu-nvidia-h100,40629600
LDC_N180,5832000,590005,Face-Based,CPU,NeoN,4,gpu-nvidia-h100,40629600
LDC_N180,5832000,574842,Face-Based,CPU,NeoN,4,gpu-nvidia-h100,40629600
LDC_N280,21952000,98397,Fused Face-Based,CPU,NeoN,128,gpu-nvidia-h200,153193600
LDC_N280,21952000,97891,Fused Face-Based,CPU,NeoN,128,gpu-nvidia-h200,153193600
LDC_N280,21952000,97476,Fused Face-Based,CPU,NeoN,128,gpu-nvidia-h200,153193600
LDC_N280,21952000,70703,Fused Cell-Based,CPU,NeoN,128,gpu-nvidia-h200,153193600
LDC_N280,21952000,70873,Fused Cell-Based,CPU,NeoN,128,gpu-nvidia-h200,153193600
LDC_N280,21952000,70685,Fused Cell-Based,CPU,NeoN,128,gpu-nvidia-h200,153193600
LDC_N280,21952000,158209,Face-Based,CPU,NeoN,128,gpu-nvidia-h200,153193600
LDC_N280,21952000,158813,Face-Based,CPU,NeoN,128,gpu-nvidia-h200,153193600
LDC_N280,21952000,158392,Face-Based,CPU,NeoN,128,gpu-nvidia-h200,153193600
LDC_N180,5832000,194599,Fused Face-Based,CPU,NeoN,8,gpu-nvidia-h100,40629600
LDC_N180,5832000,189521,Fused Face-Based,CPU,NeoN,8,gpu-nvidia-h100,40629600
LDC_N180,5832000,189707,Fused Face-Based,CPU,NeoN,8,gpu-nvidia-h100,40629600
LDC_N180,5832000,63706,Fused Cell-Based,CPU,NeoN,8,gpu-nvidia-h100,40629600
LDC_N180,5832000,63742,Fused Cell-Based,CPU,NeoN,8,gpu-nvidia-h100,40629600
LDC_N180,5832000,63884,Fused Cell-Based,CPU,NeoN,8,gpu-nvidia-h100,40629600
LDC_N180,5832000,309250,Face-Based,CPU,NeoN,8,gpu-nvidia-h100,40629600
LDC_N180,5832000,303652,Face-Based,CPU,NeoN,8,gpu-nvidia-h100,40629600
LDC_N180,5832000,310585,Face-Based,CPU,NeoN,8,gpu-nvidia-h100,40629600
LDC_N180,5832000,99894,Fused Face-Based,CPU,NeoN,16,gpu-nvidia-h100,40629600
LDC_N180,5832000,100059,Fused Face-Based,CPU,NeoN,16,gpu-nvidia-h100,40629600
LDC_N180,5832000,99754,Fused Face-Based,CPU,NeoN,16,gpu-nvidia-h100,40629600
LDC_N180,5832000,37850,Fused Cell-Based,CPU,NeoN,16,gpu-nvidia-h100,40629600
LDC_N180,5832000,38596,Fused Cell-Based,CPU,NeoN,16,gpu-nvidia-h100,40629600
LDC_N180,5832000,39515,Fused Cell-Based,CPU,NeoN,16,gpu-nvidia-h100,40629600
LDC_N180,5832000,159180,Face-Based,CPU,NeoN,16,gpu-nvidia-h100,40629600
LDC_N180,5832000,160642,Face-Based,CPU,NeoN,16,gpu-nvidia-h100,40629600
LDC_N180,5832000,159018,Face-Based,CPU,NeoN,16,gpu-nvidia-h100,40629600
LDC_N180,5832000,57671,Fused Face-Based,CPU,NeoN,32,gpu-nvidia-h100,40629600
LDC_N180,5832000,57573,Fused Face-Based,CPU,NeoN,32,gpu-nvidia-h100,40629600
LDC_N180,5832000,57638,Fused Face-Based,CPU,NeoN,32,gpu-nvidia-h100,40629600
LDC_N180,5832000,27767,Fused Cell-Based,CPU,NeoN,32,gpu-nvidia-h100,40629600
LDC_N180,5832000,27802,Fused Cell-Based,CPU,NeoN,32,gpu-nvidia-h100,40629600
LDC_N180,5832000,27732,Fused Cell-Based,CPU,NeoN,32,gpu-nvidia-h100,40629600
LDC_N180,5832000,92850,Face-Based,CPU,NeoN,32,gpu-nvidia-h100,40629600
LDC_N180,5832000,92978,Face-Based,CPU,NeoN,32,gpu-nvidia-h100,40629600
LDC_N180,5832000,92826,Face-Based,CPU,NeoN,32,gpu-nvidia-h100,40629600
LDC_N180,5832000,46692,Fused Face-Based,CPU,NeoN,64,gpu-nvidia-h100,40629600
LDC_N180,5832000,46873,Fused Face-Based,CPU,NeoN,64,gpu-nvidia-h100,40629600
LDC_N180,5832000,44065,Fused Face-Based,CPU,NeoN,64,gpu-nvidia-h100,40629600
LDC_N180,5832000,28586,Fused Cell-Based,CPU,NeoN,64,gpu-nvidia-h100,40629600
LDC_N180,5832000,27733,Fused Cell-Based,CPU,NeoN,64,gpu-nvidia-h100,40629600
LDC_N180,5832000,27372,Fused Cell-Based,CPU,NeoN,64,gpu-nvidia-h100,40629600
LDC_N180,5832000,79113,Face-Based,CPU,NeoN,64,gpu-nvidia-h100,40629600
LDC_N180,5832000,79600,Face-Based,CPU,NeoN,64,gpu-nvidia-h100,40629600
LDC_N180,5832000,77772,Face-Based,CPU,NeoN,64,gpu-nvidia-h100,40629600
LDC_N300,27000000,2589135,Fused Face-Based,CPU,NeoN,1,gpu-nvidia-h200,188460000
LDC_N300,27000000,2585464,Fused Face-Based,CPU,NeoN,1,gpu-nvidia-h200,188460000
LDC_N300,27000000,2577693,Fused Face-Based,CPU,NeoN,1,gpu-nvidia-h200,188460000
LDC_N300,27000000,741580,Fused Cell-Based,CPU,NeoN,1,gpu-nvidia-h200,188460000
LDC_N300,27000000,743940,Fused Cell-Based,CPU,NeoN,1,gpu-nvidia-h200,188460000
LDC_N300,27000000,694390,Fused Cell-Based,CPU,NeoN,1,gpu-nvidia-h200,188460000
LDC_N300,27000000,4264879,Face-Based,CPU,NeoN,1,gpu-nvidia-h200,188460000
LDC_N300,27000000,4258868,Face-Based,CPU,NeoN,1,gpu-nvidia-h200,188460000
LDC_N300,27000000,4246560,Face-Based,CPU,NeoN,1,gpu-nvidia-h200,188460000
LDC_N180,5832000,46427,Fused Face-Based,CPU,NeoN,128,gpu-nvidia-h100,40629600
LDC_N180,5832000,37411,Fused Face-Based,CPU,NeoN,128,gpu-nvidia-h100,40629600
LDC_N180,5832000,37496,Fused Face-Based,CPU,NeoN,128,gpu-nvidia-h100,40629600
LDC_N180,5832000,29739,Fused Cell-Based,CPU,NeoN,128,gpu-nvidia-h100,40629600
LDC_N180,5832000,29337,Fused Cell-Based,CPU,NeoN,128,gpu-nvidia-h100,40629600
LDC_N180,5832000,29320,Fused Cell-Based,CPU,NeoN,128,gpu-nvidia-h100,40629600
LDC_N180,5832000,63976,Face-Based,CPU,NeoN,128,gpu-nvidia-h100,40629600
LDC_N180,5832000,63063,Face-Based,CPU,NeoN,128,gpu-nvidia-h100,40629600
LDC_N180,5832000,63624,Face-Based,CPU,NeoN,128,gpu-nvidia-h100,40629600
LDC_N190,6859000,935254,Fused Face-Based,CPU,NeoN,1,gpu-nvidia-h100,47796400
LDC_N190,6859000,935209,Fused Face-Based,CPU,NeoN,1,gpu-nvidia-h100,47796400
LDC_N190,6859000,938136,Fused Face-Based,CPU,NeoN,1,gpu-nvidia-h100,47796400
LDC_N190,6859000,431127,Fused Cell-Based,CPU,NeoN,1,gpu-nvidia-h100,47796400
LDC_N190,6859000,431256,Fused Cell-Based,CPU,NeoN,1,gpu-nvidia-h100,47796400
LDC_N190,6859000,431373,Fused Cell-Based,CPU,NeoN,1,gpu-nvidia-h100,47796400
LDC_N190,6859000,1477791,Face-Based,CPU,NeoN,1,gpu-nvidia-h100,47796400
LDC_N190,6859000,1475887,Face-Based,CPU,NeoN,1,gpu-nvidia-h100,47796400
LDC_N190,6859000,1475497,Face-Based,CPU,NeoN,1,gpu-nvidia-h100,47796400
LDC_N190,6859000,663567,Fused Face-Based,CPU,NeoN,2,gpu-nvidia-h100,47796400
LDC_N190,6859000,658501,Fused Face-Based,CPU,NeoN,2,gpu-nvidia-h100,47796400
LDC_N190,6859000,663791,Fused Face-Based,CPU,NeoN,2,gpu-nvidia-h100,47796400
LDC_N190,6859000,255567,Fused Cell-Based,CPU,NeoN,2,gpu-nvidia-h100,47796400
LDC_N190,6859000,263044,Fused Cell-Based,CPU,NeoN,2,gpu-nvidia-h100,47796400
LDC_N190,6859000,256599,Fused Cell-Based,CPU,NeoN,2,gpu-nvidia-h100,47796400
LDC_N190,6859000,1046138,Face-Based,CPU,NeoN,2,gpu-nvidia-h100,47796400
LDC_N190,6859000,1058127,Face-Based,CPU,NeoN,2,gpu-nvidia-h100,47796400
LDC_N190,6859000,1044566,Face-Based,CPU,NeoN,2,gpu-nvidia-h100,47796400
LDC_N300,27000000,2109811,Fused Face-Based,CPU,NeoN,2,gpu-nvidia-h200,188460000
LDC_N300,27000000,2059096,Fused Face-Based,CPU,NeoN,2,gpu-nvidia-h200,188460000
LDC_N300,27000000,2055118,Fused Face-Based,CPU,NeoN,2,gpu-nvidia-h200,188460000
LDC_N300,27000000,362525,Fused Cell-Based,CPU,NeoN,2,gpu-nvidia-h200,188460000
LDC_N300,27000000,360409,Fused Cell-Based,CPU,NeoN,2,gpu-nvidia-h200,188460000
LDC_N300,27000000,361558,Fused Cell-Based,CPU,NeoN,2,gpu-nvidia-h200,188460000
LDC_N300,27000000,3445542,Face-Based,CPU,NeoN,2,gpu-nvidia-h200,188460000
LDC_N300,27000000,3422616,Face-Based,CPU,NeoN,2,gpu-nvidia-h200,188460000
LDC_N300,27000000,3241196,Face-Based,CPU,NeoN,2,gpu-nvidia-h200,188460000
LDC_N190,6859000,425504,Fused Face-Based,CPU,NeoN,4,gpu-nvidia-h100,47796400
LDC_N190,6859000,427448,Fused Face-Based,CPU,NeoN,4,gpu-nvidia-h100,47796400
LDC_N190,6859000,426586,Fused Face-Based,CPU,NeoN,4,gpu-nvidia-h100,47796400
LDC_N190,6859000,137068,Fused Cell-Based,CPU,NeoN,4,gpu-nvidia-h100,47796400
LDC_N190,6859000,137222,Fused Cell-Based,CPU,NeoN,4,gpu-nvidia-h100,47796400
LDC_N190,6859000,123896,Fused Cell-Based,CPU,NeoN,4,gpu-nvidia-h100,47796400
LDC_N190,6859000,691237,Face-Based,CPU,NeoN,4,gpu-nvidia-h100,47796400
LDC_N190,6859000,689620,Face-Based,CPU,NeoN,4,gpu-nvidia-h100,47796400
LDC_N190,6859000,686365,Face-Based,CPU,NeoN,4,gpu-nvidia-h100,47796400
LDC_N190,6859000,224281,Fused Face-Based,CPU,NeoN,8,gpu-nvidia-h100,47796400
LDC_N190,6859000,224317,Fused Face-Based,CPU,NeoN,8,gpu-nvidia-h100,47796400
LDC_N190,6859000,222734,Fused Face-Based,CPU,NeoN,8,gpu-nvidia-h100,47796400
LDC_N190,6859000,75896,Fused Cell-Based,CPU,NeoN,8,gpu-nvidia-h100,47796400
LDC_N190,6859000,75574,Fused Cell-Based,CPU,NeoN,8,gpu-nvidia-h100,47796400
LDC_N190,6859000,75518,Fused Cell-Based,CPU,NeoN,8,gpu-nvidia-h100,47796400
LDC_N190,6859000,357550,Face-Based,CPU,NeoN,8,gpu-nvidia-h100,47796400
LDC_N190,6859000,361403,Face-Based,CPU,NeoN,8,gpu-nvidia-h100,47796400
LDC_N190,6859000,354608,Face-Based,CPU,NeoN,8,gpu-nvidia-h100,47796400
LDC_N300,27000000,1175102,Fused Face-Based,CPU,NeoN,4,gpu-nvidia-h200,188460000
LDC_N300,27000000,1248208,Fused Face-Based,CPU,NeoN,4,gpu-nvidia-h200,188460000
LDC_N300,27000000,1254914,Fused Face-Based,CPU,NeoN,4,gpu-nvidia-h200,188460000
LDC_N300,27000000,193603,Fused Cell-Based,CPU,NeoN,4,gpu-nvidia-h200,188460000
LDC_N300,27000000,195838,Fused Cell-Based,CPU,NeoN,4,gpu-nvidia-h200,188460000
LDC_N300,27000000,194642,Fused Cell-Based,CPU,NeoN,4,gpu-nvidia-h200,188460000
LDC_N300,27000000,2031524,Face-Based,CPU,NeoN,4,gpu-nvidia-h200,188460000
LDC_N300,27000000,2022865,Face-Based,CPU,NeoN,4,gpu-nvidia-h200,188460000
LDC_N300,27000000,2052551,Face-Based,CPU,NeoN,4,gpu-nvidia-h200,188460000
LDC_N190,6859000,120228,Fused Face-Based,CPU,NeoN,16,gpu-nvidia-h100,47796400
LDC_N190,6859000,118573,Fused Face-Based,CPU,NeoN,16,gpu-nvidia-h100,47796400
LDC_N190,6859000,118997,Fused Face-Based,CPU,NeoN,16,gpu-nvidia-h100,47796400
LDC_N190,6859000,44361,Fused Cell-Based,CPU,NeoN,16,gpu-nvidia-h100,47796400
LDC_N190,6859000,44859,Fused Cell-Based,CPU,NeoN,16,gpu-nvidia-h100,47796400
LDC_N190,6859000,44910,Fused Cell-Based,CPU,NeoN,16,gpu-nvidia-h100,47796400
LDC_N190,6859000,187088,Face-Based,CPU,NeoN,16,gpu-nvidia-h100,47796400
LDC_N190,6859000,193881,Face-Based,CPU,NeoN,16,gpu-nvidia-h100,47796400
LDC_N190,6859000,187771,Face-Based,CPU,NeoN,16,gpu-nvidia-h100,47796400
LDC_N190,6859000,66578,Fused Face-Based,CPU,NeoN,32,gpu-nvidia-h100,47796400
LDC_N190,6859000,75181,Fused Face-Based,CPU,NeoN,32,gpu-nvidia-h100,47796400
LDC_N190,6859000,66003,Fused Face-Based,CPU,NeoN,32,gpu-nvidia-h100,47796400
LDC_N190,6859000,31550,Fused Cell-Based,CPU,NeoN,32,gpu-nvidia-h100,47796400
LDC_N190,6859000,31708,Fused Cell-Based,CPU,NeoN,32,gpu-nvidia-h100,47796400
LDC_N190,6859000,31482,Fused Cell-Based,CPU,NeoN,32,gpu-nvidia-h100,47796400
LDC_N190,6859000,106248,Face-Based,CPU,NeoN,32,gpu-nvidia-h100,47796400
LDC_N190,6859000,106500,Face-Based,CPU,NeoN,32,gpu-nvidia-h100,47796400
LDC_N190,6859000,106268,Face-Based,CPU,NeoN,32,gpu-nvidia-h100,47796400
LDC_N190,6859000,52515,Fused Face-Based,CPU,NeoN,64,gpu-nvidia-h100,47796400
LDC_N190,6859000,56417,Fused Face-Based,CPU,NeoN,64,gpu-nvidia-h100,47796400
LDC_N190,6859000,52975,Fused Face-Based,CPU,NeoN,64,gpu-nvidia-h100,47796400
LDC_N190,6859000,32287,Fused Cell-Based,CPU,NeoN,64,gpu-nvidia-h100,47796400
LDC_N190,6859000,32948,Fused Cell-Based,CPU,NeoN,64,gpu-nvidia-h100,47796400
LDC_N190,6859000,29742,Fused Cell-Based,CPU,NeoN,64,gpu-nvidia-h100,47796400
LDC_N190,6859000,90018,Face-Based,CPU,NeoN,64,gpu-nvidia-h100,47796400
LDC_N190,6859000,95497,Face-Based,CPU,NeoN,64,gpu-nvidia-h100,47796400
LDC_N190,6859000,75114,Face-Based,CPU,NeoN,64,gpu-nvidia-h100,47796400
LDC_N300,27000000,674542,Fused Face-Based,CPU,NeoN,8,gpu-nvidia-h200,188460000
LDC_N300,27000000,669952,Fused Face-Based,CPU,NeoN,8,gpu-nvidia-h200,188460000
LDC_N300,27000000,675735,Fused Face-Based,CPU,NeoN,8,gpu-nvidia-h200,188460000
LDC_N300,27000000,129147,Fused Cell-Based,CPU,NeoN,8,gpu-nvidia-h200,188460000
LDC_N300,27000000,128672,Fused Cell-Based,CPU,NeoN,8,gpu-nvidia-h200,188460000
LDC_N300,27000000,131153,Fused Cell-Based,CPU,NeoN,8,gpu-nvidia-h200,188460000
LDC_N300,27000000,1164020,Face-Based,CPU,NeoN,8,gpu-nvidia-h200,188460000
LDC_N300,27000000,1182708,Face-Based,CPU,NeoN,8,gpu-nvidia-h200,188460000
LDC_N300,27000000,1173800,Face-Based,CPU,NeoN,8,gpu-nvidia-h200,188460000
LDC_N190,6859000,42649,Fused Face-Based,CPU,NeoN,128,gpu-nvidia-h100,47796400
LDC_N190,6859000,42406,Fused Face-Based,CPU,NeoN,128,gpu-nvidia-h100,47796400
LDC_N190,6859000,42246,Fused Face-Based,CPU,NeoN,128,gpu-nvidia-h100,47796400
LDC_N190,6859000,32485,Fused Cell-Based,CPU,NeoN,128,gpu-nvidia-h100,47796400
LDC_N190,6859000,33375,Fused Cell-Based,CPU,NeoN,128,gpu-nvidia-h100,47796400
LDC_N190,6859000,35303,Fused Cell-Based,CPU,NeoN,128,gpu-nvidia-h100,47796400
LDC_N190,6859000,72449,Face-Based,CPU,NeoN,128,gpu-nvidia-h100,47796400
LDC_N190,6859000,73505,Face-Based,CPU,NeoN,128,gpu-nvidia-h100,47796400
LDC_N190,6859000,107997,Face-Based,CPU,NeoN,128,gpu-nvidia-h100,47796400
LDC_N200,8000000,1095309,Fused Face-Based,CPU,NeoN,1,gpu-nvidia-h100,55760000
LDC_N200,8000000,1094651,Fused Face-Based,CPU,NeoN,1,gpu-nvidia-h100,55760000
LDC_N200,8000000,1110586,Fused Face-Based,CPU,NeoN,1,gpu-nvidia-h100,55760000
LDC_N200,8000000,513937,Fused Cell-Based,CPU,NeoN,1,gpu-nvidia-h100,55760000
LDC_N200,8000000,507919,Fused Cell-Based,CPU,NeoN,1,gpu-nvidia-h100,55760000
LDC_N200,8000000,513174,Fused Cell-Based,CPU,NeoN,1,gpu-nvidia-h100,55760000
LDC_N200,8000000,1731832,Face-Based,CPU,NeoN,1,gpu-nvidia-h100,55760000
LDC_N200,8000000,1716187,Face-Based,CPU,NeoN,1,gpu-nvidia-h100,55760000
LDC_N200,8000000,1732197,Face-Based,CPU,NeoN,1,gpu-nvidia-h100,55760000
LDC_N300,27000000,378332,Fused Face-Based,CPU,NeoN,16,gpu-nvidia-h200,188460000
LDC_N300,27000000,385716,Fused Face-Based,CPU,NeoN,16,gpu-nvidia-h200,188460000
LDC_N300,27000000,385620,Fused Face-Based,CPU,NeoN,16,gpu-nvidia-h200,188460000
LDC_N300,27000000,93304,Fused Cell-Based,CPU,NeoN,16,gpu-nvidia-h200,188460000
LDC_N300,27000000,93228,Fused Cell-Based,CPU,NeoN,16,gpu-nvidia-h200,188460000
LDC_N300,27000000,93410,Fused Cell-Based,CPU,NeoN,16,gpu-nvidia-h200,188460000
LDC_N300,27000000,681638,Face-Based,CPU,NeoN,16,gpu-nvidia-h200,188460000
LDC_N300,27000000,664088,Face-Based,CPU,NeoN,16,gpu-nvidia-h200,188460000
LDC_N300,27000000,682066,Face-Based,CPU,NeoN,16,gpu-nvidia-h200,188460000
LDC_N200,8000000,785100,Fused Face-Based,CPU,NeoN,2,gpu-nvidia-h100,55760000
LDC_N200,8000000,774062,Fused Face-Based,CPU,NeoN,2,gpu-nvidia-h100,55760000
LDC_N200,8000000,780488,Fused Face-Based,CPU,NeoN,2,gpu-nvidia-h100,55760000
LDC_N200,8000000,296617,Fused Cell-Based,CPU,NeoN,2,gpu-nvidia-h100,55760000
LDC_N200,8000000,297009,Fused Cell-Based,CPU,NeoN,2,gpu-nvidia-h100,55760000
LDC_N200,8000000,296245,Fused Cell-Based,CPU,NeoN,2,gpu-nvidia-h100,55760000
LDC_N200,8000000,1232202,Face-Based,CPU,NeoN,2,gpu-nvidia-h100,55760000
LDC_N200,8000000,1213842,Face-Based,CPU,NeoN,2,gpu-nvidia-h100,55760000
LDC_N200,8000000,1228865,Face-Based,CPU,NeoN,2,gpu-nvidia-h100,55760000
LDC_N200,8000000,541371,Fused Face-Based,CPU,NeoN,4,gpu-nvidia-h100,55760000
LDC_N200,8000000,536446,Fused Face-Based,CPU,NeoN,4,gpu-nvidia-h100,55760000
LDC_N200,8000000,529180,Fused Face-Based,CPU,NeoN,4,gpu-nvidia-h100,55760000
LDC_N200,8000000,196232,Fused Cell-Based,CPU,NeoN,4,gpu-nvidia-h100,55760000
LDC_N200,8000000,178635,Fused Cell-Based,CPU,NeoN,4,gpu-nvidia-h100,55760000
LDC_N200,8000000,177510,Fused Cell-Based,CPU,NeoN,4,gpu-nvidia-h100,55760000
LDC_N200,8000000,852739,Face-Based,CPU,NeoN,4,gpu-nvidia-h100,55760000
LDC_N200,8000000,849258,Face-Based,CPU,NeoN,4,gpu-nvidia-h100,55760000
LDC_N200,8000000,835546,Face-Based,CPU,NeoN,4,gpu-nvidia-h100,55760000
LDC_N300,27000000,194789,Fused Face-Based,CPU,NeoN,32,gpu-nvidia-h200,188460000
LDC_N300,27000000,204578,Fused Face-Based,CPU,NeoN,32,gpu-nvidia-h200,188460000
LDC_N300,27000000,201237,Fused Face-Based,CPU,NeoN,32,gpu-nvidia-h200,188460000
LDC_N300,27000000,83527,Fused Cell-Based,CPU,NeoN,32,gpu-nvidia-h200,188460000
LDC_N300,27000000,84196,Fused Cell-Based,CPU,NeoN,32,gpu-nvidia-h200,188460000
LDC_N300,27000000,83847,Fused Cell-Based,CPU,NeoN,32,gpu-nvidia-h200,188460000
LDC_N300,27000000,357395,Face-Based,CPU,NeoN,32,gpu-nvidia-h200,188460000
LDC_N300,27000000,361281,Face-Based,CPU,NeoN,32,gpu-nvidia-h200,188460000
LDC_N300,27000000,358010,Face-Based,CPU,NeoN,32,gpu-nvidia-h200,188460000
LDC_N200,8000000,268295,Fused Face-Based,CPU,NeoN,8,gpu-nvidia-h100,55760000
LDC_N200,8000000,269200,Fused Face-Based,CPU,NeoN,8,gpu-nvidia-h100,55760000
LDC_N200,8000000,269681,Fused Face-Based,CPU,NeoN,8,gpu-nvidia-h100,55760000
LDC_N200,8000000,85588,Fused Cell-Based,CPU,NeoN,8,gpu-nvidia-h100,55760000
LDC_N200,8000000,86899,Fused Cell-Based,CPU,NeoN,8,gpu-nvidia-h100,55760000
LDC_N200,8000000,84936,Fused Cell-Based,CPU,NeoN,8,gpu-nvidia-h100,55760000
LDC_N200,8000000,434855,Face-Based,CPU,NeoN,8,gpu-nvidia-h100,55760000
LDC_N200,8000000,431651,Face-Based,CPU,NeoN,8,gpu-nvidia-h100,55760000
LDC_N200,8000000,422516,Face-Based,CPU,NeoN,8,gpu-nvidia-h100,55760000
LDC_N200,8000000,141900,Fused Face-Based,CPU,NeoN,16,gpu-nvidia-h100,55760000
LDC_N200,8000000,142491,Fused Face-Based,CPU,NeoN,16,gpu-nvidia-h100,55760000
LDC_N200,8000000,140209,Fused Face-Based,CPU,NeoN,16,gpu-nvidia-h100,55760000
LDC_N200,8000000,52273,Fused Cell-Based,CPU,NeoN,16,gpu-nvidia-h100,55760000
LDC_N200,8000000,51523,Fused Cell-Based,CPU,NeoN,16,gpu-nvidia-h100,55760000
LDC_N200,8000000,51419,Fused Cell-Based,CPU,NeoN,16,gpu-nvidia-h100,55760000
LDC_N200,8000000,220917,Face-Based,CPU,NeoN,16,gpu-nvidia-h100,55760000
LDC_N200,8000000,226863,Face-Based,CPU,NeoN,16,gpu-nvidia-h100,55760000
LDC_N200,8000000,222688,Face-Based,CPU,NeoN,16,gpu-nvidia-h100,55760000
LDC_N300,27000000,122868,Fused Face-Based,CPU,NeoN,64,gpu-nvidia-h200,188460000
LDC_N300,27000000,123819,Fused Face-Based,CPU,NeoN,64,gpu-nvidia-h200,188460000
LDC_N300,27000000,124881,Fused Face-Based,CPU,NeoN,64,gpu-nvidia-h200,188460000
LDC_N300,27000000,84093,Fused Cell-Based,CPU,NeoN,64,gpu-nvidia-h200,188460000
LDC_N300,27000000,84431,Fused Cell-Based,CPU,NeoN,64,gpu-nvidia-h200,188460000
LDC_N300,27000000,88295,Fused Cell-Based,CPU,NeoN,64,gpu-nvidia-h200,188460000
LDC_N300,27000000,250246,Face-Based,CPU,NeoN,64,gpu-nvidia-h200,188460000
LDC_N300,27000000,248481,Face-Based,CPU,NeoN,64,gpu-nvidia-h200,188460000
LDC_N300,27000000,271891,Face-Based,CPU,NeoN,64,gpu-nvidia-h200,188460000
LDC_N200,8000000,79443,Fused Face-Based,CPU,NeoN,32,gpu-nvidia-h100,55760000
LDC_N200,8000000,75207,Fused Face-Based,CPU,NeoN,32,gpu-nvidia-h100,55760000
LDC_N200,8000000,101720,Fused Face-Based,CPU,NeoN,32,gpu-nvidia-h100,55760000
LDC_N200,8000000,36131,Fused Cell-Based,CPU,NeoN,32,gpu-nvidia-h100,55760000
LDC_N200,8000000,47316,Fused Cell-Based,CPU,NeoN,32,gpu-nvidia-h100,55760000
LDC_N200,8000000,40480,Fused Cell-Based,CPU,NeoN,32,gpu-nvidia-h100,55760000
LDC_N200,8000000,125449,Face-Based,CPU,NeoN,32,gpu-nvidia-h100,55760000
LDC_N200,8000000,129703,Face-Based,CPU,NeoN,32,gpu-nvidia-h100,55760000
LDC_N200,8000000,148653,Face-Based,CPU,NeoN,32,gpu-nvidia-h100,55760000
LDC_N200,8000000,63054,Fused Face-Based,CPU,NeoN,64,gpu-nvidia-h100,55760000
LDC_N200,8000000,51090,Fused Face-Based,CPU,NeoN,64,gpu-nvidia-h100,55760000
LDC_N200,8000000,53273,Fused Face-Based,CPU,NeoN,64,gpu-nvidia-h100,55760000
LDC_N200,8000000,33889,Fused Cell-Based,CPU,NeoN,64,gpu-nvidia-h100,55760000
LDC_N200,8000000,33891,Fused Cell-Based,CPU,NeoN,64,gpu-nvidia-h100,55760000
LDC_N200,8000000,33841,Fused Cell-Based,CPU,NeoN,64,gpu-nvidia-h100,55760000
LDC_N200,8000000,127957,Face-Based,CPU,NeoN,64,gpu-nvidia-h100,55760000
LDC_N200,8000000,106065,Face-Based,CPU,NeoN,64,gpu-nvidia-h100,55760000
LDC_N200,8000000,107651,Face-Based,CPU,NeoN,64,gpu-nvidia-h100,55760000
LDC_N200,8000000,49258,Fused Face-Based,CPU,NeoN,128,gpu-nvidia-h100,55760000
LDC_N200,8000000,52476,Fused Face-Based,CPU,NeoN,128,gpu-nvidia-h100,55760000
LDC_N200,8000000,49364,Fused Face-Based,CPU,NeoN,128,gpu-nvidia-h100,55760000
LDC_N200,8000000,37422,Fused Cell-Based,CPU,NeoN,128,gpu-nvidia-h100,55760000
LDC_N200,8000000,37976,Fused Cell-Based,CPU,NeoN,128,gpu-nvidia-h100,55760000
LDC_N200,8000000,38240,Fused Cell-Based,CPU,NeoN,128,gpu-nvidia-h100,55760000
LDC_N200,8000000,85231,Face-Based,CPU,NeoN,128,gpu-nvidia-h100,55760000
LDC_N200,8000000,93082,Face-Based,CPU,NeoN,128,gpu-nvidia-h100,55760000
LDC_N200,8000000,85593,Face-Based,CPU,NeoN,128,gpu-nvidia-h100,55760000
LDC_N300,27000000,117532,Fused Face-Based,CPU,NeoN,128,gpu-nvidia-h200,188460000
LDC_N300,27000000,117355,Fused Face-Based,CPU,NeoN,128,gpu-nvidia-h200,188460000
LDC_N300,27000000,117194,Fused Face-Based,CPU,NeoN,128,gpu-nvidia-h200,188460000
LDC_N300,27000000,85969,Fused Cell-Based,CPU,NeoN,128,gpu-nvidia-h200,188460000
LDC_N300,27000000,85992,Fused Cell-Based,CPU,NeoN,128,gpu-nvidia-h200,188460000
LDC_N300,27000000,86005,Fused Cell-Based,CPU,NeoN,128,gpu-nvidia-h200,188460000
LDC_N300,27000000,188756,Face-Based,CPU,NeoN,128,gpu-nvidia-h200,188460000
LDC_N300,27000000,189249,Face-Based,CPU,NeoN,128,gpu-nvidia-h200,188460000
LDC_N300,27000000,188827,Face-Based,CPU,NeoN,128,gpu-nvidia-h200,188460000
LDC_N220,10648000,1443299,Fused Face-Based,CPU,NeoN,1,gpu-nvidia-h100,74245600
LDC_N220,10648000,1444884,Fused Face-Based,CPU,NeoN,1,gpu-nvidia-h100,74245600
LDC_N220,10648000,1446064,Fused Face-Based,CPU,NeoN,1,gpu-nvidia-h100,74245600
LDC_N220,10648000,662649,Fused Cell-Based,CPU,NeoN,1,gpu-nvidia-h100,74245600
LDC_N220,10648000,662760,Fused Cell-Based,CPU,NeoN,1,gpu-nvidia-h100,74245600
LDC_N220,10648000,662735,Fused Cell-Based,CPU,NeoN,1,gpu-nvidia-h100,74245600
LDC_N220,10648000,2304852,Face-Based,CPU,NeoN,1,gpu-nvidia-h100,74245600
LDC_N220,10648000,2302356,Face-Based,CPU,NeoN,1,gpu-nvidia-h100,74245600
LDC_N220,10648000,2302312,Face-Based,CPU,NeoN,1,gpu-nvidia-h100,74245600
LDC_N220,10648000,1176032,Fused Face-Based,CPU,NeoN,2,gpu-nvidia-h100,74245600
LDC_N220,10648000,1186280,Fused Face-Based,CPU,NeoN,2,gpu-nvidia-h100,74245600
LDC_N220,10648000,1128393,Fused Face-Based,CPU,NeoN,2,gpu-nvidia-h100,74245600
LDC_N220,10648000,406194,Fused Cell-Based,CPU,NeoN,2,gpu-nvidia-h100,74245600
LDC_N220,10648000,408827,Fused Cell-Based,CPU,NeoN,2,gpu-nvidia-h100,74245600
LDC_N220,10648000,409568,Fused Cell-Based,CPU,NeoN,2,gpu-nvidia-h100,74245600
LDC_N220,10648000,1846575,Face-Based,CPU,NeoN,2,gpu-nvidia-h100,74245600
LDC_N220,10648000,1974672,Face-Based,CPU,NeoN,2,gpu-nvidia-h100,74245600
LDC_N220,10648000,1956271,Face-Based,CPU,NeoN,2,gpu-nvidia-h100,74245600
LDC_N320,32768000,3131689,Fused Face-Based,CPU,NeoN,1,gpu-nvidia-h200,228761600
LDC_N320,32768000,3146034,Fused Face-Based,CPU,NeoN,1,gpu-nvidia-h200,228761600
LDC_N320,32768000,3114948,Fused Face-Based,CPU,NeoN,1,gpu-nvidia-h200,228761600
LDC_N320,32768000,835776,Fused Cell-Based,CPU,NeoN,1,gpu-nvidia-h200,228761600
LDC_N320,32768000,837617,Fused Cell-Based,CPU,NeoN,1,gpu-nvidia-h200,228761600
LDC_N320,32768000,838117,Fused Cell-Based,CPU,NeoN,1,gpu-nvidia-h200,228761600
LDC_N320,32768000,5200357,Face-Based,CPU,NeoN,1,gpu-nvidia-h200,228761600
LDC_N320,32768000,5212807,Face-Based,CPU,NeoN,1,gpu-nvidia-h200,228761600
LDC_N320,32768000,5202251,Face-Based,CPU,NeoN,1,gpu-nvidia-h200,228761600
LDC_N220,10648000,646909,Fused Face-Based,CPU,NeoN,4,gpu-nvidia-h100,74245600
LDC_N220,10648000,548485,Fused Face-Based,CPU,NeoN,4,gpu-nvidia-h100,74245600
LDC_N220,10648000,548002,Fused Face-Based,CPU,NeoN,4,gpu-nvidia-h100,74245600
LDC_N220,10648000,207941,Fused Cell-Based,CPU,NeoN,4,gpu-nvidia-h100,74245600
LDC_N220,10648000,218259,Fused Cell-Based,CPU,NeoN,4,gpu-nvidia-h100,74245600
LDC_N220,10648000,208191,Fused Cell-Based,CPU,NeoN,4,gpu-nvidia-h100,74245600
LDC_N220,10648000,967119,Face-Based,CPU,NeoN,4,gpu-nvidia-h100,74245600
LDC_N220,10648000,951150,Face-Based,CPU,NeoN,4,gpu-nvidia-h100,74245600
LDC_N220,10648000,974980,Face-Based,CPU,NeoN,4,gpu-nvidia-h100,74245600
LDC_N220,10648000,347817,Fused Face-Based,CPU,NeoN,8,gpu-nvidia-h100,74245600
LDC_N220,10648000,353685,Fused Face-Based,CPU,NeoN,8,gpu-nvidia-h100,74245600
LDC_N220,10648000,357764,Fused Face-Based,CPU,NeoN,8,gpu-nvidia-h100,74245600
LDC_N220,10648000,115570,Fused Cell-Based,CPU,NeoN,8,gpu-nvidia-h100,74245600
LDC_N220,10648000,113623,Fused Cell-Based,CPU,NeoN,8,gpu-nvidia-h100,74245600
LDC_N220,10648000,113668,Fused Cell-Based,CPU,NeoN,8,gpu-nvidia-h100,74245600
LDC_N220,10648000,555299,Face-Based,CPU,NeoN,8,gpu-nvidia-h100,74245600
LDC_N220,10648000,561766,Face-Based,CPU,NeoN,8,gpu-nvidia-h100,74245600
LDC_N220,10648000,559902,Face-Based,CPU,NeoN,8,gpu-nvidia-h100,74245600
LDC_N320,32768000,2418694,Fused Face-Based,CPU,NeoN,2,gpu-nvidia-h200,228761600
LDC_N320,32768000,2626349,Fused Face-Based,CPU,NeoN,2,gpu-nvidia-h200,228761600
LDC_N320,32768000,2707098,Fused Face-Based,CPU,NeoN,2,gpu-nvidia-h200,228761600
LDC_N320,32768000,436946,Fused Cell-Based,CPU,NeoN,2,gpu-nvidia-h200,228761600
LDC_N320,32768000,435808,Fused Cell-Based,CPU,NeoN,2,gpu-nvidia-h200,228761600
LDC_N320,32768000,438653,Fused Cell-Based,CPU,NeoN,2,gpu-nvidia-h200,228761600
LDC_N320,32768000,4385464,Face-Based,CPU,NeoN,2,gpu-nvidia-h200,228761600
LDC_N320,32768000,4274856,Face-Based,CPU,NeoN,2,gpu-nvidia-h200,228761600
LDC_N320,32768000,4498600,Face-Based,CPU,NeoN,2,gpu-nvidia-h200,228761600
LDC_N220,10648000,183873,Fused Face-Based,CPU,NeoN,16,gpu-nvidia-h100,74245600
LDC_N220,10648000,194331,Fused Face-Based,CPU,NeoN,16,gpu-nvidia-h100,74245600
LDC_N220,10648000,189028,Fused Face-Based,CPU,NeoN,16,gpu-nvidia-h100,74245600
LDC_N220,10648000,66563,Fused Cell-Based,CPU,NeoN,16,gpu-nvidia-h100,74245600
LDC_N220,10648000,66196,Fused Cell-Based,CPU,NeoN,16,gpu-nvidia-h100,74245600
LDC_N220,10648000,66068,Fused Cell-Based,CPU,NeoN,16,gpu-nvidia-h100,74245600
LDC_N220,10648000,294813,Face-Based,CPU,NeoN,16,gpu-nvidia-h100,74245600
LDC_N220,10648000,294469,Face-Based,CPU,NeoN,16,gpu-nvidia-h100,74245600
LDC_N220,10648000,293504,Face-Based,CPU,NeoN,16,gpu-nvidia-h100,74245600
LDC_N220,10648000,102053,Fused Face-Based,CPU,NeoN,32,gpu-nvidia-h100,74245600
LDC_N220,10648000,102704,Fused Face-Based,CPU,NeoN,32,gpu-nvidia-h100,74245600
LDC_N220,10648000,102264,Fused Face-Based,CPU,NeoN,32,gpu-nvidia-h100,74245600
LDC_N220,10648000,47395,Fused Cell-Based,CPU,NeoN,32,gpu-nvidia-h100,74245600
LDC_N220,10648000,47434,Fused Cell-Based,CPU,NeoN,32,gpu-nvidia-h100,74245600
LDC_N220,10648000,47296,Fused Cell-Based,CPU,NeoN,32,gpu-nvidia-h100,74245600
LDC_N220,10648000,171732,Face-Based,CPU,NeoN,32,gpu-nvidia-h100,74245600
LDC_N220,10648000,164583,Face-Based,CPU,NeoN,32,gpu-nvidia-h100,74245600
LDC_N220,10648000,163620,Face-Based,CPU,NeoN,32,gpu-nvidia-h100,74245600
LDC_N320,32768000,1508387,Fused Face-Based,CPU,NeoN,4,gpu-nvidia-h200,228761600
LDC_N320,32768000,1435386,Fused Face-Based,CPU,NeoN,4,gpu-nvidia-h200,228761600
LDC_N320,32768000,1784335,Fused Face-Based,CPU,NeoN,4,gpu-nvidia-h200,228761600
LDC_N320,32768000,231966,Fused Cell-Based,CPU,NeoN,4,gpu-nvidia-h200,228761600
LDC_N320,32768000,233822,Fused Cell-Based,CPU,NeoN,4,gpu-nvidia-h200,228761600
LDC_N320,32768000,232077,Fused Cell-Based,CPU,NeoN,4,gpu-nvidia-h200,228761600
LDC_N320,32768000,2684902,Face-Based,CPU,NeoN,4,gpu-nvidia-h200,228761600
LDC_N320,32768000,3013014,Face-Based,CPU,NeoN,4,gpu-nvidia-h200,228761600
LDC_N320,32768000,2466432,Face-Based,CPU,NeoN,4,gpu-nvidia-h200,228761600
LDC_N220,10648000,65834,Fused Face-Based,CPU,NeoN,64,gpu-nvidia-h100,74245600
LDC_N220,10648000,65850,Fused Face-Based,CPU,NeoN,64,gpu-nvidia-h100,74245600
LDC_N220,10648000,65769,Fused Face-Based,CPU,NeoN,64,gpu-nvidia-h100,74245600
LDC_N220,10648000,42474,Fused Cell-Based,CPU,NeoN,64,gpu-nvidia-h100,74245600
LDC_N220,10648000,42414,Fused Cell-Based,CPU,NeoN,64,gpu-nvidia-h100,74245600
LDC_N220,10648000,42291,Fused Cell-Based,CPU,NeoN,64,gpu-nvidia-h100,74245600
LDC_N220,10648000,126663,Face-Based,CPU,NeoN,64,gpu-nvidia-h100,74245600
LDC_N220,10648000,126577,Face-Based,CPU,NeoN,64,gpu-nvidia-h100,74245600
LDC_N220,10648000,127647,Face-Based,CPU,NeoN,64,gpu-nvidia-h100,74245600
LDC_N220,10648000,62994,Fused Face-Based,CPU,NeoN,128,gpu-nvidia-h100,74245600
LDC_N220,10648000,62637,Fused Face-Based,CPU,NeoN,128,gpu-nvidia-h100,74245600
LDC_N220,10648000,62867,Fused Face-Based,CPU,NeoN,128,gpu-nvidia-h100,74245600
LDC_N220,10648000,47178,Fused Cell-Based,CPU,NeoN,128,gpu-nvidia-h100,74245600
LDC_N220,10648000,47318,Fused Cell-Based,CPU,NeoN,128,gpu-nvidia-h100,74245600
LDC_N220,10648000,47152,Fused Cell-Based,CPU,NeoN,128,gpu-nvidia-h100,74245600
LDC_N220,10648000,116682,Face-Based,CPU,NeoN,128,gpu-nvidia-h100,74245600
LDC_N220,10648000,109187,Face-Based,CPU,NeoN,128,gpu-nvidia-h100,74245600
LDC_N220,10648000,109065,Face-Based,CPU,NeoN,128,gpu-nvidia-h100,74245600
LDC_N320,32768000,746512,Fused Face-Based,CPU,NeoN,8,gpu-nvidia-h200,228761600
LDC_N320,32768000,748681,Fused Face-Based,CPU,NeoN,8,gpu-nvidia-h200,228761600
LDC_N320,32768000,755251,Fused Face-Based,CPU,NeoN,8,gpu-nvidia-h200,228761600
LDC_N320,32768000,154806,Fused Cell-Based,CPU,NeoN,8,gpu-nvidia-h200,228761600
LDC_N320,32768000,154489,Fused Cell-Based,CPU,NeoN,8,gpu-nvidia-h200,228761600
LDC_N320,32768000,153650,Fused Cell-Based,CPU,NeoN,8,gpu-nvidia-h200,228761600
LDC_N320,32768000,1348113,Face-Based,CPU,NeoN,8,gpu-nvidia-h200,228761600
LDC_N320,32768000,1326596,Face-Based,CPU,NeoN,8,gpu-nvidia-h200,228761600
LDC_N320,32768000,1340781,Face-Based,CPU,NeoN,8,gpu-nvidia-h200,228761600
LDC_N240,13824000,1912193,Fused Face-Based,CPU,NeoN,1,gpu-nvidia-h100,96422400
LDC_N240,13824000,1916941,Fused Face-Based,CPU,NeoN,1,gpu-nvidia-h100,96422400
LDC_N240,13824000,1906446,Fused Face-Based,CPU,NeoN,1,gpu-nvidia-h100,96422400
LDC_N240,13824000,871637,Fused Cell-Based,CPU,NeoN,1,gpu-nvidia-h100,96422400
LDC_N240,13824000,867470,Fused Cell-Based,CPU,NeoN,1,gpu-nvidia-h100,96422400
LDC_N240,13824000,871501,Fused Cell-Based,CPU,NeoN,1,gpu-nvidia-h100,96422400
LDC_N240,13824000,2989880,Face-Based,CPU,NeoN,1,gpu-nvidia-h100,96422400
LDC_N240,13824000,2990262,Face-Based,CPU,NeoN,1,gpu-nvidia-h100,96422400
LDC_N240,13824000,3006089,Face-Based,CPU,NeoN,1,gpu-nvidia-h100,96422400
LDC_N320,32768000,482670,Fused Face-Based,CPU,NeoN,16,gpu-nvidia-h200,228761600
LDC_N320,32768000,470349,Fused Face-Based,CPU,NeoN,16,gpu-nvidia-h200,228761600
LDC_N320,32768000,479725,Fused Face-Based,CPU,NeoN,16,gpu-nvidia-h200,228761600
LDC_N320,32768000,112247,Fused Cell-Based,CPU,NeoN,16,gpu-nvidia-h200,228761600
LDC_N320,32768000,112861,Fused Cell-Based,CPU,NeoN,16,gpu-nvidia-h200,228761600
LDC_N320,32768000,110446,Fused Cell-Based,CPU,NeoN,16,gpu-nvidia-h200,228761600
LDC_N320,32768000,823485,Face-Based,CPU,NeoN,16,gpu-nvidia-h200,228761600
LDC_N320,32768000,820514,Face-Based,CPU,NeoN,16,gpu-nvidia-h200,228761600
LDC_N320,32768000,818491,Face-Based,CPU,NeoN,16,gpu-nvidia-h200,228761600
LDC_N240,13824000,1331308,Fused Face-Based,CPU,NeoN,2,gpu-nvidia-h100,96422400
LDC_N240,13824000,1331296,Fused Face-Based,CPU,NeoN,2,gpu-nvidia-h100,96422400
LDC_N240,13824000,1330221,Fused Face-Based,CPU,NeoN,2,gpu-nvidia-h100,96422400
LDC_N240,13824000,519936,Fused Cell-Based,CPU,NeoN,2,gpu-nvidia-h100,96422400
LDC_N240,13824000,497622,Fused Cell-Based,CPU,NeoN,2,gpu-nvidia-h100,96422400
LDC_N240,13824000,496942,Fused Cell-Based,CPU,NeoN,2,gpu-nvidia-h100,96422400
LDC_N240,13824000,2110465,Face-Based,CPU,NeoN,2,gpu-nvidia-h100,96422400
LDC_N240,13824000,2104900,Face-Based,CPU,NeoN,2,gpu-nvidia-h100,96422400
LDC_N240,13824000,2110640,Face-Based,CPU,NeoN,2,gpu-nvidia-h100,96422400
LDC_N240,13824000,824987,Fused Face-Based,CPU,NeoN,4,gpu-nvidia-h100,96422400
LDC_N240,13824000,826850,Fused Face-Based,CPU,NeoN,4,gpu-nvidia-h100,96422400
LDC_N240,13824000,831241,Fused Face-Based,CPU,NeoN,4,gpu-nvidia-h100,96422400
LDC_N240,13824000,271721,Fused Cell-Based,CPU,NeoN,4,gpu-nvidia-h100,96422400
LDC_N240,13824000,269475,Fused Cell-Based,CPU,NeoN,4,gpu-nvidia-h100,96422400
LDC_N240,13824000,270561,Fused Cell-Based,CPU,NeoN,4,gpu-nvidia-h100,96422400
LDC_N240,13824000,1325573,Face-Based,CPU,NeoN,4,gpu-nvidia-h100,96422400
LDC_N240,13824000,1318600,Face-Based,CPU,NeoN,4,gpu-nvidia-h100,96422400
LDC_N240,13824000,1305470,Face-Based,CPU,NeoN,4,gpu-nvidia-h100,96422400
LDC_N320,32768000,239659,Fused Face-Based,CPU,NeoN,32,gpu-nvidia-h200,228761600
LDC_N320,32768000,239622,Fused Face-Based,CPU,NeoN,32,gpu-nvidia-h200,228761600
LDC_N320,32768000,240876,Fused Face-Based,CPU,NeoN,32,gpu-nvidia-h200,228761600
LDC_N320,32768000,102783,Fused Cell-Based,CPU,NeoN,32,gpu-nvidia-h200,228761600
LDC_N320,32768000,102545,Fused Cell-Based,CPU,NeoN,32,gpu-nvidia-h200,228761600
LDC_N320,32768000,102606,Fused Cell-Based,CPU,NeoN,32,gpu-nvidia-h200,228761600
LDC_N320,32768000,427705,Face-Based,CPU,NeoN,32,gpu-nvidia-h200,228761600
LDC_N320,32768000,427958,Face-Based,CPU,NeoN,32,gpu-nvidia-h200,228761600
LDC_N320,32768000,426177,Face-Based,CPU,NeoN,32,gpu-nvidia-h200,228761600
LDC_N240,13824000,453411,Fused Face-Based,CPU,NeoN,8,gpu-nvidia-h100,96422400
LDC_N240,13824000,442523,Fused Face-Based,CPU,NeoN,8,gpu-nvidia-h100,96422400
LDC_N240,13824000,429008,Fused Face-Based,CPU,NeoN,8,gpu-nvidia-h100,96422400
LDC_N240,13824000,145706,Fused Cell-Based,CPU,NeoN,8,gpu-nvidia-h100,96422400
LDC_N240,13824000,142418,Fused Cell-Based,CPU,NeoN,8,gpu-nvidia-h100,96422400
LDC_N240,13824000,151439,Fused Cell-Based,CPU,NeoN,8,gpu-nvidia-h100,96422400
LDC_N240,13824000,730254,Face-Based,CPU,NeoN,8,gpu-nvidia-h100,96422400
LDC_N240,13824000,727543,Face-Based,CPU,NeoN,8,gpu-nvidia-h100,96422400
LDC_N240,13824000,726457,Face-Based,CPU,NeoN,8,gpu-nvidia-h100,96422400
LDC_N320,32768000,146221,Fused Face-Based,CPU,NeoN,64,gpu-nvidia-h200,228761600
LDC_N320,32768000,148017,Fused Face-Based,CPU,NeoN,64,gpu-nvidia-h200,228761600
LDC_N320,32768000,148962,Fused Face-Based,CPU,NeoN,64,gpu-nvidia-h200,228761600
LDC_N320,32768000,101814,Fused Cell-Based,CPU,NeoN,64,gpu-nvidia-h200,228761600
LDC_N320,32768000,102377,Fused Cell-Based,CPU,NeoN,64,gpu-nvidia-h200,228761600
LDC_N320,32768000,102005,Fused Cell-Based,CPU,NeoN,64,gpu-nvidia-h200,228761600
LDC_N320,32768000,286910,Face-Based,CPU,NeoN,64,gpu-nvidia-h200,228761600
LDC_N320,32768000,289810,Face-Based,CPU,NeoN,64,gpu-nvidia-h200,228761600
LDC_N320,32768000,288924,Face-Based,CPU,NeoN,64,gpu-nvidia-h200,228761600
LDC_N240,13824000,242696,Fused Face-Based,CPU,NeoN,16,gpu-nvidia-h100,96422400
LDC_N240,13824000,233078,Fused Face-Based,CPU,NeoN,16,gpu-nvidia-h100,96422400
LDC_N240,13824000,237724,Fused Face-Based,CPU,NeoN,16,gpu-nvidia-h100,96422400
LDC_N240,13824000,84357,Fused Cell-Based,CPU,NeoN,16,gpu-nvidia-h100,96422400
LDC_N240,13824000,85138,Fused Cell-Based,CPU,NeoN,16,gpu-nvidia-h100,96422400
LDC_N240,13824000,85244,Fused Cell-Based,CPU,NeoN,16,gpu-nvidia-h100,96422400
LDC_N240,13824000,377628,Face-Based,CPU,NeoN,16,gpu-nvidia-h100,96422400
LDC_N240,13824000,378850,Face-Based,CPU,NeoN,16,gpu-nvidia-h100,96422400
LDC_N240,13824000,378125,Face-Based,CPU,NeoN,16,gpu-nvidia-h100,96422400
LDC_N240,13824000,134903,Fused Face-Based,CPU,NeoN,32,gpu-nvidia-h100,96422400
LDC_N240,13824000,134123,Fused Face-Based,CPU,NeoN,32,gpu-nvidia-h100,96422400
LDC_N240,13824000,132734,Fused Face-Based,CPU,NeoN,32,gpu-nvidia-h100,96422400
LDC_N240,13824000,66522,Fused Cell-Based,CPU,NeoN,32,gpu-nvidia-h100,96422400
LDC_N240,13824000,66442,Fused Cell-Based,CPU,NeoN,32,gpu-nvidia-h100,96422400
LDC_N240,13824000,65094,Fused Cell-Based,CPU,NeoN,32,gpu-nvidia-h100,96422400
LDC_N240,13824000,216504,Face-Based,CPU,NeoN,32,gpu-nvidia-h100,96422400
LDC_N240,13824000,225023,Face-Based,CPU,NeoN,32,gpu-nvidia-h100,96422400
LDC_N240,13824000,215850,Face-Based,CPU,NeoN,32,gpu-nvidia-h100,96422400
LDC_N320,32768000,142817,Fused Face-Based,CPU,NeoN,128,gpu-nvidia-h200,228761600
LDC_N320,32768000,142397,Fused Face-Based,CPU,NeoN,128,gpu-nvidia-h200,228761600
LDC_N320,32768000,142789,Fused Face-Based,CPU,NeoN,128,gpu-nvidia-h200,228761600
LDC_N320,32768000,104436,Fused Cell-Based,CPU,NeoN,128,gpu-nvidia-h200,228761600
LDC_N320,32768000,104836,Fused Cell-Based,CPU,NeoN,128,gpu-nvidia-h200,228761600
LDC_N320,32768000,105187,Fused Cell-Based,CPU,NeoN,128,gpu-nvidia-h200,228761600
LDC_N320,32768000,229724,Face-Based,CPU,NeoN,128,gpu-nvidia-h200,228761600
LDC_N320,32768000,229257,Face-Based,CPU,NeoN,128,gpu-nvidia-h200,228761600
LDC_N320,32768000,229225,Face-Based,CPU,NeoN,128,gpu-nvidia-h200,228761600
LDC_N240,13824000,106468,Fused Face-Based,CPU,NeoN,64,gpu-nvidia-h100,96422400
LDC_N240,13824000,105390,Fused Face-Based,CPU,NeoN,64,gpu-nvidia-h100,96422400
LDC_N240,13824000,102351,Fused Face-Based,CPU,NeoN,64,gpu-nvidia-h100,96422400
LDC_N240,13824000,59964,Fused Cell-Based,CPU,NeoN,64,gpu-nvidia-h100,96422400
LDC_N240,13824000,59825,Fused Cell-Based,CPU,NeoN,64,gpu-nvidia-h100,96422400
LDC_N240,13824000,59080,Fused Cell-Based,CPU,NeoN,64,gpu-nvidia-h100,96422400
LDC_N240,13824000,182176,Face-Based,CPU,NeoN,64,gpu-nvidia-h100,96422400
LDC_N240,13824000,184751,Face-Based,CPU,NeoN,64,gpu-nvidia-h100,96422400
LDC_N240,13824000,179777,Face-Based,CPU,NeoN,64,gpu-nvidia-h100,96422400
LDC_N240,13824000,83743,Fused Face-Based,CPU,NeoN,128,gpu-nvidia-h100,96422400
LDC_N240,13824000,80266,Fused Face-Based,CPU,NeoN,128,gpu-nvidia-h100,96422400
LDC_N240,13824000,81005,Fused Face-Based,CPU,NeoN,128,gpu-nvidia-h100,96422400
LDC_N240,13824000,57712,Fused Cell-Based,CPU,NeoN,128,gpu-nvidia-h100,96422400
LDC_N240,13824000,58319,Fused Cell-Based,CPU,NeoN,128,gpu-nvidia-h100,96422400
LDC_N240,13824000,58040,Fused Cell-Based,CPU,NeoN,128,gpu-nvidia-h100,96422400
LDC_N240,13824000,146123,Face-Based,CPU,NeoN,128,gpu-nvidia-h100,96422400
LDC_N240,13824000,148414,Face-Based,CPU,NeoN,128,gpu-nvidia-h100,96422400
LDC_N240,13824000,139257,Face-Based,CPU,NeoN,128,gpu-nvidia-h100,96422400
LDC_N340,39304000,3777960,Fused Face-Based,CPU,NeoN,1,gpu-nvidia-h200,274434400
LDC_N340,39304000,3755501,Fused Face-Based,CPU,NeoN,1,gpu-nvidia-h200,274434400
LDC_N340,39304000,3756680,Fused Face-Based,CPU,NeoN,1,gpu-nvidia-h200,274434400
LDC_N340,39304000,1002265,Fused Cell-Based,CPU,NeoN,1,gpu-nvidia-h200,274434400
LDC_N340,39304000,1005947,Fused Cell-Based,CPU,NeoN,1,gpu-nvidia-h200,274434400
LDC_N340,39304000,1000281,Fused Cell-Based,CPU,NeoN,1,gpu-nvidia-h200,274434400
LDC_N340,39304000,6282340,Face-Based,CPU,NeoN,1,gpu-nvidia-h200,274434400
LDC_N340,39304000,6282160,Face-Based,CPU,NeoN,1,gpu-nvidia-h200,274434400
LDC_N340,39304000,6267888,Face-Based,CPU,NeoN,1,gpu-nvidia-h200,274434400
LDC_N260,17576000,2363111,Fused Face-Based,CPU,NeoN,1,gpu-nvidia-h100,122626400
LDC_N260,17576000,2385146,Fused Face-Based,CPU,NeoN,1,gpu-nvidia-h100,122626400
LDC_N260,17576000,2367289,Fused Face-Based,CPU,NeoN,1,gpu-nvidia-h100,122626400
LDC_N260,17576000,1074116,Fused Cell-Based,CPU,NeoN,1,gpu-nvidia-h100,122626400
LDC_N260,17576000,1072359,Fused Cell-Based,CPU,NeoN,1,gpu-nvidia-h100,122626400
LDC_N260,17576000,1067397,Fused Cell-Based,CPU,NeoN,1,gpu-nvidia-h100,122626400
LDC_N260,17576000,3738102,Face-Based,CPU,NeoN,1,gpu-nvidia-h100,122626400
LDC_N260,17576000,3705690,Face-Based,CPU,NeoN,1,gpu-nvidia-h100,122626400
LDC_N260,17576000,3735944,Face-Based,CPU,NeoN,1,gpu-nvidia-h100,122626400
LDC_N340,39304000,3095522,Fused Face-Based,CPU,NeoN,2,gpu-nvidia-h200,274434400
LDC_N340,39304000,3147382,Fused Face-Based,CPU,NeoN,2,gpu-nvidia-h200,274434400
LDC_N340,39304000,3153526,Fused Face-Based,CPU,NeoN,2,gpu-nvidia-h200,274434400
LDC_N340,39304000,496391,Fused Cell-Based,CPU,NeoN,2,gpu-nvidia-h200,274434400
LDC_N340,39304000,496853,Fused Cell-Based,CPU,NeoN,2,gpu-nvidia-h200,274434400
LDC_N340,39304000,491614,Fused Cell-Based,CPU,NeoN,2,gpu-nvidia-h200,274434400
LDC_N340,39304000,6459023,Face-Based,CPU,NeoN,2,gpu-nvidia-h200,274434400
LDC_N340,39304000,5193452,Face-Based,CPU,NeoN,2,gpu-nvidia-h200,274434400
LDC_N340,39304000,5224648,Face-Based,CPU,NeoN,2,gpu-nvidia-h200,274434400
LDC_N260,17576000,1954742,Fused Face-Based,CPU,NeoN,2,gpu-nvidia-h100,122626400
LDC_N260,17576000,2010588,Fused Face-Based,CPU,NeoN,2,gpu-nvidia-h100,122626400
LDC_N260,17576000,1888941,Fused Face-Based,CPU,NeoN,2,gpu-nvidia-h100,122626400
LDC_N260,17576000,662003,Fused Cell-Based,CPU,NeoN,2,gpu-nvidia-h100,122626400
LDC_N260,17576000,668677,Fused Cell-Based,CPU,NeoN,2,gpu-nvidia-h100,122626400
LDC_N260,17576000,663129,Fused Cell-Based,CPU,NeoN,2,gpu-nvidia-h100,122626400
LDC_N260,17576000,2995429,Face-Based,CPU,NeoN,2,gpu-nvidia-h100,122626400
LDC_N260,17576000,3053632,Face-Based,CPU,NeoN,2,gpu-nvidia-h100,122626400
LDC_N260,17576000,3167240,Face-Based,CPU,NeoN,2,gpu-nvidia-h100,122626400
LDC_N260,17576000,1017461,Fused Face-Based,CPU,NeoN,4,gpu-nvidia-h100,122626400
LDC_N260,17576000,1027934,Fused Face-Based,CPU,NeoN,4,gpu-nvidia-h100,122626400
LDC_N260,17576000,1062701,Fused Face-Based,CPU,NeoN,4,gpu-nvidia-h100,122626400
LDC_N260,17576000,341278,Fused Cell-Based,CPU,NeoN,4,gpu-nvidia-h100,122626400
LDC_N260,17576000,341970,Fused Cell-Based,CPU,NeoN,4,gpu-nvidia-h100,122626400
LDC_N260,17576000,343622,Fused Cell-Based,CPU,NeoN,4,gpu-nvidia-h100,122626400
LDC_N260,17576000,1671111,Face-Based,CPU,NeoN,4,gpu-nvidia-h100,122626400
LDC_N260,17576000,1612949,Face-Based,CPU,NeoN,4,gpu-nvidia-h100,122626400
LDC_N260,17576000,1707186,Face-Based,CPU,NeoN,4,gpu-nvidia-h100,122626400
LDC_N340,39304000,1637148,Fused Face-Based,CPU,NeoN,4,gpu-nvidia-h200,274434400
LDC_N340,39304000,1629372,Fused Face-Based,CPU,NeoN,4,gpu-nvidia-h200,274434400
LDC_N340,39304000,1623659,Fused Face-Based,CPU,NeoN,4,gpu-nvidia-h200,274434400
LDC_N340,39304000,276204,Fused Cell-Based,CPU,NeoN,4,gpu-nvidia-h200,274434400
LDC_N340,39304000,274009,Fused Cell-Based,CPU,NeoN,4,gpu-nvidia-h200,274434400
LDC_N340,39304000,270055,Fused Cell-Based,CPU,NeoN,4,gpu-nvidia-h200,274434400
LDC_N340,39304000,2723852,Face-Based,CPU,NeoN,4,gpu-nvidia-h200,274434400
LDC_N340,39304000,2739242,Face-Based,CPU,NeoN,4,gpu-nvidia-h200,274434400
LDC_N340,39304000,2740315,Face-Based,CPU,NeoN,4,gpu-nvidia-h200,274434400
LDC_N260,17576000,556515,Fused Face-Based,CPU,NeoN,8,gpu-nvidia-h100,122626400
LDC_N260,17576000,568856,Fused Face-Based,CPU,NeoN,8,gpu-nvidia-h100,122626400
LDC_N260,17576000,568820,Fused Face-Based,CPU,NeoN,8,gpu-nvidia-h100,122626400
LDC_N260,17576000,188677,Fused Cell-Based,CPU,NeoN,8,gpu-nvidia-h100,122626400
LDC_N260,17576000,188724,Fused Cell-Based,CPU,NeoN,8,gpu-nvidia-h100,122626400
LDC_N260,17576000,186040,Fused Cell-Based,CPU,NeoN,8,gpu-nvidia-h100,122626400
LDC_N260,17576000,899309,Face-Based,CPU,NeoN,8,gpu-nvidia-h100,122626400
LDC_N260,17576000,897679,Face-Based,CPU,NeoN,8,gpu-nvidia-h100,122626400
LDC_N260,17576000,882954,Face-Based,CPU,NeoN,8,gpu-nvidia-h100,122626400
LDC_N260,17576000,306700,Fused Face-Based,CPU,NeoN,16,gpu-nvidia-h100,122626400
LDC_N260,17576000,307316,Fused Face-Based,CPU,NeoN,16,gpu-nvidia-h100,122626400
LDC_N260,17576000,304134,Fused Face-Based,CPU,NeoN,16,gpu-nvidia-h100,122626400
LDC_N260,17576000,112195,Fused Cell-Based,CPU,NeoN,16,gpu-nvidia-h100,122626400
LDC_N260,17576000,111961,Fused Cell-Based,CPU,NeoN,16,gpu-nvidia-h100,122626400
LDC_N260,17576000,112017,Fused Cell-Based,CPU,NeoN,16,gpu-nvidia-h100,122626400
LDC_N260,17576000,479960,Face-Based,CPU,NeoN,16,gpu-nvidia-h100,122626400
LDC_N260,17576000,483406,Face-Based,CPU,NeoN,16,gpu-nvidia-h100,122626400
LDC_N260,17576000,487430,Face-Based,CPU,NeoN,16,gpu-nvidia-h100,122626400
LDC_N340,39304000,895455,Fused Face-Based,CPU,NeoN,8,gpu-nvidia-h200,274434400
LDC_N340,39304000,891469,Fused Face-Based,CPU,NeoN,8,gpu-nvidia-h200,274434400
LDC_N340,39304000,911180,Fused Face-Based,CPU,NeoN,8,gpu-nvidia-h200,274434400
LDC_N340,39304000,181440,Fused Cell-Based,CPU,NeoN,8,gpu-nvidia-h200,274434400
LDC_N340,39304000,181399,Fused Cell-Based,CPU,NeoN,8,gpu-nvidia-h200,274434400
LDC_N340,39304000,175867,Fused Cell-Based,CPU,NeoN,8,gpu-nvidia-h200,274434400
LDC_N340,39304000,1573746,Face-Based,CPU,NeoN,8,gpu-nvidia-h200,274434400
LDC_N340,39304000,1577203,Face-Based,CPU,NeoN,8,gpu-nvidia-h200,274434400
LDC_N340,39304000,1563527,Face-Based,CPU,NeoN,8,gpu-nvidia-h200,274434400
LDC_N260,17576000,176717,Fused Face-Based,CPU,NeoN,32,gpu-nvidia-h100,122626400
LDC_N260,17576000,174309,Fused Face-Based,CPU,NeoN,32,gpu-nvidia-h100,122626400
LDC_N260,17576000,174544,Fused Face-Based,CPU,NeoN,32,gpu-nvidia-h100,122626400
LDC_N260,17576000,83877,Fused Cell-Based,CPU,NeoN,32,gpu-nvidia-h100,122626400
LDC_N260,17576000,84162,Fused Cell-Based,CPU,NeoN,32,gpu-nvidia-h100,122626400
LDC_N260,17576000,83678,Fused Cell-Based,CPU,NeoN,32,gpu-nvidia-h100,122626400
LDC_N260,17576000,279917,Face-Based,CPU,NeoN,32,gpu-nvidia-h100,122626400
LDC_N260,17576000,278016,Face-Based,CPU,NeoN,32,gpu-nvidia-h100,122626400
LDC_N260,17576000,286433,Face-Based,CPU,NeoN,32,gpu-nvidia-h100,122626400
LDC_N340,39304000,534436,Fused Face-Based,CPU,NeoN,16,gpu-nvidia-h200,274434400
LDC_N340,39304000,516785,Fused Face-Based,CPU,NeoN,16,gpu-nvidia-h200,274434400
LDC_N340,39304000,525624,Fused Face-Based,CPU,NeoN,16,gpu-nvidia-h200,274434400
LDC_N340,39304000,133809,Fused Cell-Based,CPU,NeoN,16,gpu-nvidia-h200,274434400
LDC_N340,39304000,132372,Fused Cell-Based,CPU,NeoN,16,gpu-nvidia-h200,274434400
LDC_N340,39304000,132006,Fused Cell-Based,CPU,NeoN,16,gpu-nvidia-h200,274434400
LDC_N340,39304000,907960,Face-Based,CPU,NeoN,16,gpu-nvidia-h200,274434400
LDC_N340,39304000,921546,Face-Based,CPU,NeoN,16,gpu-nvidia-h200,274434400
LDC_N340,39304000,930819,Face-Based,CPU,NeoN,16,gpu-nvidia-h200,274434400
LDC_N260,17576000,134510,Fused Face-Based,CPU,NeoN,64,gpu-nvidia-h100,122626400
LDC_N260,17576000,133884,Fused Face-Based,CPU,NeoN,64,gpu-nvidia-h100,122626400
LDC_N260,17576000,121831,Fused Face-Based,CPU,NeoN,64,gpu-nvidia-h100,122626400
LDC_N260,17576000,76810,Fused Cell-Based,CPU,NeoN,64,gpu-nvidia-h100,122626400
LDC_N260,17576000,75727,Fused Cell-Based,CPU,NeoN,64,gpu-nvidia-h100,122626400
LDC_N260,17576000,69899,Fused Cell-Based,CPU,NeoN,64,gpu-nvidia-h100,122626400
LDC_N260,17576000,241567,Face-Based,CPU,NeoN,64,gpu-nvidia-h100,122626400
LDC_N260,17576000,230532,Face-Based,CPU,NeoN,64,gpu-nvidia-h100,122626400
LDC_N260,17576000,191094,Face-Based,CPU,NeoN,64,gpu-nvidia-h100,122626400
LDC_N260,17576000,102559,Fused Face-Based,CPU,NeoN,128,gpu-nvidia-h100,122626400
LDC_N260,17576000,121403,Fused Face-Based,CPU,NeoN,128,gpu-nvidia-h100,122626400
LDC_N260,17576000,101065,Fused Face-Based,CPU,NeoN,128,gpu-nvidia-h100,122626400
LDC_N260,17576000,86214,Fused Cell-Based,CPU,NeoN,128,gpu-nvidia-h100,122626400
LDC_N260,17576000,75456,Fused Cell-Based,CPU,NeoN,128,gpu-nvidia-h100,122626400
LDC_N260,17576000,71853,Fused Cell-Based,CPU,NeoN,128,gpu-nvidia-h100,122626400
LDC_N260,17576000,184112,Face-Based,CPU,NeoN,128,gpu-nvidia-h100,122626400
LDC_N260,17576000,175845,Face-Based,CPU,NeoN,128,gpu-nvidia-h100,122626400
LDC_N260,17576000,177886,Face-Based,CPU,NeoN,128,gpu-nvidia-h100,122626400
LDC_N340,39304000,281025,Fused Face-Based,CPU,NeoN,32,gpu-nvidia-h200,274434400
LDC_N340,39304000,286009,Fused Face-Based,CPU,NeoN,32,gpu-nvidia-h200,274434400
LDC_N340,39304000,278668,Fused Face-Based,CPU,NeoN,32,gpu-nvidia-h200,274434400
LDC_N340,39304000,121960,Fused Cell-Based,CPU,NeoN,32,gpu-nvidia-h200,274434400
LDC_N340,39304000,121674,Fused Cell-Based,CPU,NeoN,32,gpu-nvidia-h200,274434400
LDC_N340,39304000,122079,Fused Cell-Based,CPU,NeoN,32,gpu-nvidia-h200,274434400
LDC_N340,39304000,505376,Face-Based,CPU,NeoN,32,gpu-nvidia-h200,274434400
LDC_N340,39304000,505430,Face-Based,CPU,NeoN,32,gpu-nvidia-h200,274434400
LDC_N340,39304000,504704,Face-Based,CPU,NeoN,32,gpu-nvidia-h200,274434400
LDC_N280,21952000,3005968,Fused Face-Based,CPU,NeoN,1,gpu-nvidia-h100,153193600
LDC_N280,21952000,3013531,Fused Face-Based,CPU,NeoN,1,gpu-nvidia-h100,153193600
LDC_N280,21952000,3006981,Fused Face-Based,CPU,NeoN,1,gpu-nvidia-h100,153193600
LDC_N280,21952000,1367558,Fused Cell-Based,CPU,NeoN,1,gpu-nvidia-h100,153193600
LDC_N280,21952000,1365529,Fused Cell-Based,CPU,NeoN,1,gpu-nvidia-h100,153193600
LDC_N280,21952000,1359448,Fused Cell-Based,CPU,NeoN,1,gpu-nvidia-h100,153193600
LDC_N280,21952000,4755086,Face-Based,CPU,NeoN,1,gpu-nvidia-h100,153193600
LDC_N280,21952000,4731391,Face-Based,CPU,NeoN,1,gpu-nvidia-h100,153193600
LDC_N280,21952000,4742947,Face-Based,CPU,NeoN,1,gpu-nvidia-h100,153193600
LDC_N340,39304000,178643,Fused Face-Based,CPU,NeoN,64,gpu-nvidia-h200,274434400
LDC_N340,39304000,179225,Fused Face-Based,CPU,NeoN,64,gpu-nvidia-h200,274434400
LDC_N340,39304000,180658,Fused Face-Based,CPU,NeoN,64,gpu-nvidia-h200,274434400
LDC_N340,39304000,122180,Fused Cell-Based,CPU,NeoN,64,gpu-nvidia-h200,274434400
LDC_N340,39304000,122477,Fused Cell-Based,CPU,NeoN,64,gpu-nvidia-h200,274434400
LDC_N340,39304000,127100,Fused Cell-Based,CPU,NeoN,64,gpu-nvidia-h200,274434400
LDC_N340,39304000,343434,Face-Based,CPU,NeoN,64,gpu-nvidia-h200,274434400
LDC_N340,39304000,338396,Face-Based,CPU,NeoN,64,gpu-nvidia-h200,274434400
LDC_N340,39304000,335554,Face-Based,CPU,NeoN,64,gpu-nvidia-h200,274434400
LDC_N280,21952000,2115211,Fused Face-Based,CPU,NeoN,2,gpu-nvidia-h100,153193600
LDC_N280,21952000,1915285,Fused Face-Based,CPU,NeoN,2,gpu-nvidia-h100,153193600
LDC_N280,21952000,1917587,Fused Face-Based,CPU,NeoN,2,gpu-nvidia-h100,153193600
LDC_N280,21952000,827753,Fused Cell-Based,CPU,NeoN,2,gpu-nvidia-h100,153193600
LDC_N280,21952000,826905,Fused Cell-Based,CPU,NeoN,2,gpu-nvidia-h100,153193600
LDC_N280,21952000,791421,Fused Cell-Based,CPU,NeoN,2,gpu-nvidia-h100,153193600
LDC_N280,21952000,3092925,Face-Based,CPU,NeoN,2,gpu-nvidia-h100,153193600
LDC_N280,21952000,3285020,Face-Based,CPU,NeoN,2,gpu-nvidia-h100,153193600
LDC_N280,21952000,3275681,Face-Based,CPU,NeoN,2,gpu-nvidia-h100,153193600
LDC_N340,39304000,169589,Fused Face-Based,CPU,NeoN,128,gpu-nvidia-h200,274434400
LDC_N340,39304000,169332,Fused Face-Based,CPU,NeoN,128,gpu-nvidia-h200,274434400
LDC_N340,39304000,169436,Fused Face-Based,CPU,NeoN,128,gpu-nvidia-h200,274434400
LDC_N340,39304000,124688,Fused Cell-Based,CPU,NeoN,128,gpu-nvidia-h200,274434400
LDC_N340,39304000,124924,Fused Cell-Based,CPU,NeoN,128,gpu-nvidia-h200,274434400
LDC_N340,39304000,124773,Fused Cell-Based,CPU,NeoN,128,gpu-nvidia-h200,274434400
LDC_N340,39304000,274453,Face-Based,CPU,NeoN,128,gpu-nvidia-h200,274434400
LDC_N340,39304000,273831,Face-Based,CPU,NeoN,128,gpu-nvidia-h200,274434400
LDC_N340,39304000,273122,Face-Based,CPU,NeoN,128,gpu-nvidia-h200,274434400
LDC_N280,21952000,1275545,Fused Face-Based,CPU,NeoN,4,gpu-nvidia-h100,153193600
LDC_N280,21952000,1351445,Fused Face-Based,CPU,NeoN,4,gpu-nvidia-h100,153193600
LDC_N280,21952000,1348328,Fused Face-Based,CPU,NeoN,4,gpu-nvidia-h100,153193600
LDC_N280,21952000,445174,Fused Cell-Based,CPU,NeoN,4,gpu-nvidia-h100,153193600
LDC_N280,21952000,424497,Fused Cell-Based,CPU,NeoN,4,gpu-nvidia-h100,153193600
LDC_N280,21952000,402481,Fused Cell-Based,CPU,NeoN,4,gpu-nvidia-h100,153193600
LDC_N280,21952000,2197671,Face-Based,CPU,NeoN,4,gpu-nvidia-h100,153193600
LDC_N280,21952000,2168353,Face-Based,CPU,NeoN,4,gpu-nvidia-h100,153193600
LDC_N280,21952000,2109729,Face-Based,CPU,NeoN,4,gpu-nvidia-h100,153193600
LDC_N280,21952000,703919,Fused Face-Based,CPU,NeoN,8,gpu-nvidia-h100,153193600
LDC_N280,21952000,706788,Fused Face-Based,CPU,NeoN,8,gpu-nvidia-h100,153193600
LDC_N280,21952000,699943,Fused Face-Based,CPU,NeoN,8,gpu-nvidia-h100,153193600
LDC_N280,21952000,237316,Fused Cell-Based,CPU,NeoN,8,gpu-nvidia-h100,153193600
LDC_N280,21952000,234743,Fused Cell-Based,CPU,NeoN,8,gpu-nvidia-h100,153193600
LDC_N280,21952000,235338,Fused Cell-Based,CPU,NeoN,8,gpu-nvidia-h100,153193600
LDC_N280,21952000,1083192,Face-Based,CPU,NeoN,8,gpu-nvidia-h100,153193600
LDC_N280,21952000,1134002,Face-Based,CPU,NeoN,8,gpu-nvidia-h100,153193600
LDC_N280,21952000,1082368,Face-Based,CPU,NeoN,8,gpu-nvidia-h100,153193600
LDC_N360,46656000,4479354,Fused Face-Based,CPU,NeoN,1,gpu-nvidia-h200,325814400
LDC_N360,46656000,4491577,Fused Face-Based,CPU,NeoN,1,gpu-nvidia-h200,325814400
LDC_N360,46656000,4478072,Fused Face-Based,CPU,NeoN,1,gpu-nvidia-h200,325814400
LDC_N360,46656000,1284449,Fused Cell-Based,CPU,NeoN,1,gpu-nvidia-h200,325814400
LDC_N360,46656000,1790489,Fused Cell-Based,CPU,NeoN,1,gpu-nvidia-h200,325814400
LDC_N360,46656000,1286943,Fused Cell-Based,CPU,NeoN,1,gpu-nvidia-h200,325814400
LDC_N360,46656000,7431443,Face-Based,CPU,NeoN,1,gpu-nvidia-h200,325814400
LDC_N360,46656000,7459065,Face-Based,CPU,NeoN,1,gpu-nvidia-h200,325814400
LDC_N360,46656000,7431829,Face-Based,CPU,NeoN,1,gpu-nvidia-h200,325814400
LDC_N280,21952000,372782,Fused Face-Based,CPU,NeoN,16,gpu-nvidia-h100,153193600
LDC_N280,21952000,371163,Fused Face-Based,CPU,NeoN,16,gpu-nvidia-h100,153193600
LDC_N280,21952000,384643,Fused Face-Based,CPU,NeoN,16,gpu-nvidia-h100,153193600
LDC_N280,21952000,133767,Fused Cell-Based,CPU,NeoN,16,gpu-nvidia-h100,153193600
LDC_N280,21952000,133346,Fused Cell-Based,CPU,NeoN,16,gpu-nvidia-h100,153193600
LDC_N280,21952000,133777,Fused Cell-Based,CPU,NeoN,16,gpu-nvidia-h100,153193600
LDC_N280,21952000,611119,Face-Based,CPU,NeoN,16,gpu-nvidia-h100,153193600
LDC_N280,21952000,607872,Face-Based,CPU,NeoN,16,gpu-nvidia-h100,153193600
LDC_N280,21952000,586275,Face-Based,CPU,NeoN,16,gpu-nvidia-h100,153193600
LDC_N360,46656000,3590509,Fused Face-Based,CPU,NeoN,2,gpu-nvidia-h200,325814400
LDC_N360,46656000,3585713,Fused Face-Based,CPU,NeoN,2,gpu-nvidia-h200,325814400
LDC_N360,46656000,3636622,Fused Face-Based,CPU,NeoN,2,gpu-nvidia-h200,325814400
LDC_N360,46656000,607913,Fused Cell-Based,CPU,NeoN,2,gpu-nvidia-h200,325814400
LDC_N360,46656000,611918,Fused Cell-Based,CPU,NeoN,2,gpu-nvidia-h200,325814400
LDC_N360,46656000,596918,Fused Cell-Based,CPU,NeoN,2,gpu-nvidia-h200,325814400
LDC_N360,46656000,6036819,Face-Based,CPU,NeoN,2,gpu-nvidia-h200,325814400
LDC_N360,46656000,6118596,Face-Based,CPU,NeoN,2,gpu-nvidia-h200,325814400
LDC_N360,46656000,6140252,Face-Based,CPU,NeoN,2,gpu-nvidia-h200,325814400
LDC_N280,21952000,229644,Fused Face-Based,CPU,NeoN,32,gpu-nvidia-h100,153193600
LDC_N280,21952000,213652,Fused Face-Based,CPU,NeoN,32,gpu-nvidia-h100,153193600
LDC_N280,21952000,213020,Fused Face-Based,CPU,NeoN,32,gpu-nvidia-h100,153193600
LDC_N280,21952000,105262,Fused Cell-Based,CPU,NeoN,32,gpu-nvidia-h100,153193600
LDC_N280,21952000,103562,Fused Cell-Based,CPU,NeoN,32,gpu-nvidia-h100,153193600
LDC_N280,21952000,104362,Fused Cell-Based,CPU,NeoN,32,gpu-nvidia-h100,153193600
LDC_N280,21952000,347773,Face-Based,CPU,NeoN,32,gpu-nvidia-h100,153193600
LDC_N280,21952000,339903,Face-Based,CPU,NeoN,32,gpu-nvidia-h100,153193600
LDC_N280,21952000,339737,Face-Based,CPU,NeoN,32,gpu-nvidia-h100,153193600
LDC_N280,21952000,164077,Fused Face-Based,CPU,NeoN,64,gpu-nvidia-h100,153193600
LDC_N280,21952000,152580,Fused Face-Based,CPU,NeoN,64,gpu-nvidia-h100,153193600
LDC_N280,21952000,155305,Fused Face-Based,CPU,NeoN,64,gpu-nvidia-h100,153193600
LDC_N280,21952000,94517,Fused Cell-Based,CPU,NeoN,64,gpu-nvidia-h100,153193600
LDC_N280,21952000,92434,Fused Cell-Based,CPU,NeoN,64,gpu-nvidia-h100,153193600
LDC_N280,21952000,96215,Fused Cell-Based,CPU,NeoN,64,gpu-nvidia-h100,153193600
LDC_N280,21952000,280564,Face-Based,CPU,NeoN,64,gpu-nvidia-h100,153193600
LDC_N280,21952000,275279,Face-Based,CPU,NeoN,64,gpu-nvidia-h100,153193600
LDC_N280,21952000,290915,Face-Based,CPU,NeoN,64,gpu-nvidia-h100,153193600
LDC_N360,46656000,1895622,Fused Face-Based,CPU,NeoN,4,gpu-nvidia-h200,325814400
LDC_N360,46656000,1918207,Fused Face-Based,CPU,NeoN,4,gpu-nvidia-h200,325814400
LDC_N360,46656000,1911328,Fused Face-Based,CPU,NeoN,4,gpu-nvidia-h200,325814400
LDC_N360,46656000,332418,Fused Cell-Based,CPU,NeoN,4,gpu-nvidia-h200,325814400
LDC_N360,46656000,329553,Fused Cell-Based,CPU,NeoN,4,gpu-nvidia-h200,325814400
LDC_N360,46656000,329053,Fused Cell-Based,CPU,NeoN,4,gpu-nvidia-h200,325814400
LDC_N360,46656000,3301160,Face-Based,CPU,NeoN,4,gpu-nvidia-h200,325814400
LDC_N360,46656000,3281453,Face-Based,CPU,NeoN,4,gpu-nvidia-h200,325814400
LDC_N360,46656000,3300308,Face-Based,CPU,NeoN,4,gpu-nvidia-h200,325814400
LDC_N280,21952000,123113,Fused Face-Based,CPU,NeoN,128,gpu-nvidia-h100,153193600
LDC_N280,21952000,124065,Fused Face-Based,CPU,NeoN,128,gpu-nvidia-h100,153193600
LDC_N280,21952000,129640,Fused Face-Based,CPU,NeoN,128,gpu-nvidia-h100,153193600
LDC_N280,21952000,88731,Fused Cell-Based,CPU,NeoN,128,gpu-nvidia-h100,153193600
LDC_N280,21952000,86895,Fused Cell-Based,CPU,NeoN,128,gpu-nvidia-h100,153193600
LDC_N280,21952000,90555,Fused Cell-Based,CPU,NeoN,128,gpu-nvidia-h100,153193600
LDC_N280,21952000,218497,Face-Based,CPU,NeoN,128,gpu-nvidia-h100,153193600
LDC_N280,21952000,214149,Face-Based,CPU,NeoN,128,gpu-nvidia-h100,153193600
LDC_N280,21952000,496011,Face-Based,CPU,NeoN,128,gpu-nvidia-h100,153193600
LDC_N360,46656000,1078199,Fused Face-Based,CPU,NeoN,8,gpu-nvidia-h200,325814400
LDC_N360,46656000,1076850,Fused Face-Based,CPU,NeoN,8,gpu-nvidia-h200,325814400
LDC_N360,46656000,1091458,Fused Face-Based,CPU,NeoN,8,gpu-nvidia-h200,325814400
LDC_N360,46656000,215026,Fused Cell-Based,CPU,NeoN,8,gpu-nvidia-h200,325814400
LDC_N360,46656000,214776,Fused Cell-Based,CPU,NeoN,8,gpu-nvidia-h200,325814400
LDC_N360,46656000,212866,Fused Cell-Based,CPU,NeoN,8,gpu-nvidia-h200,325814400
LDC_N360,46656000,1933339,Face-Based,CPU,NeoN,8,gpu-nvidia-h200,325814400
LDC_N360,46656000,1873374,Face-Based,CPU,NeoN,8,gpu-nvidia-h200,325814400
LDC_N360,46656000,1907642,Face-Based,CPU,NeoN,8,gpu-nvidia-h200,325814400
LDC_N300,27000000,3694835,Fused Face-Based,CPU,NeoN,1,gpu-nvidia-h100,188460000
LDC_N300,27000000,3696768,Fused Face-Based,CPU,NeoN,1,gpu-nvidia-h100,188460000
LDC_N300,27000000,3695190,Fused Face-Based,CPU,NeoN,1,gpu-nvidia-h100,188460000
LDC_N300,27000000,1696711,Fused Cell-Based,CPU,NeoN,1,gpu-nvidia-h100,188460000
LDC_N300,27000000,1700652,Fused Cell-Based,CPU,NeoN,1,gpu-nvidia-h100,188460000
LDC_N300,27000000,1711430,Fused Cell-Based,CPU,NeoN,1,gpu-nvidia-h100,188460000
LDC_N300,27000000,5793920,Face-Based,CPU,NeoN,1,gpu-nvidia-h100,188460000
LDC_N300,27000000,5796241,Face-Based,CPU,NeoN,1,gpu-nvidia-h100,188460000
LDC_N300,27000000,5797464,Face-Based,CPU,NeoN,1,gpu-nvidia-h100,188460000
LDC_N360,46656000,656018,Fused Face-Based,CPU,NeoN,16,gpu-nvidia-h200,325814400
LDC_N360,46656000,645527,Fused Face-Based,CPU,NeoN,16,gpu-nvidia-h200,325814400
LDC_N360,46656000,650009,Fused Face-Based,CPU,NeoN,16,gpu-nvidia-h200,325814400
LDC_N360,46656000,159826,Fused Cell-Based,CPU,NeoN,16,gpu-nvidia-h200,325814400
LDC_N360,46656000,156814,Fused Cell-Based,CPU,NeoN,16,gpu-nvidia-h200,325814400
LDC_N360,46656000,156751,Fused Cell-Based,CPU,NeoN,16,gpu-nvidia-h200,325814400
LDC_N360,46656000,1116773,Face-Based,CPU,NeoN,16,gpu-nvidia-h200,325814400
LDC_N360,46656000,1115657,Face-Based,CPU,NeoN,16,gpu-nvidia-h200,325814400
LDC_N360,46656000,1121548,Face-Based,CPU,NeoN,16,gpu-nvidia-h200,325814400
LDC_N300,27000000,2601625,Fused Face-Based,CPU,NeoN,2,gpu-nvidia-h100,188460000
LDC_N300,27000000,2606711,Fused Face-Based,CPU,NeoN,2,gpu-nvidia-h100,188460000
LDC_N300,27000000,2607873,Fused Face-Based,CPU,NeoN,2,gpu-nvidia-h100,188460000
LDC_N300,27000000,934860,Fused Cell-Based,CPU,NeoN,2,gpu-nvidia-h100,188460000
LDC_N300,27000000,1003018,Fused Cell-Based,CPU,NeoN,2,gpu-nvidia-h100,188460000
LDC_N300,27000000,1019919,Fused Cell-Based,CPU,NeoN,2,gpu-nvidia-h100,188460000
LDC_N300,27000000,3931083,Face-Based,CPU,NeoN,2,gpu-nvidia-h100,188460000
LDC_N300,27000000,4063244,Face-Based,CPU,NeoN,2,gpu-nvidia-h100,188460000
LDC_N300,27000000,3953663,Face-Based,CPU,NeoN,2,gpu-nvidia-h100,188460000
LDC_N360,46656000,346181,Fused Face-Based,CPU,NeoN,32,gpu-nvidia-h200,325814400
LDC_N360,46656000,341269,Fused Face-Based,CPU,NeoN,32,gpu-nvidia-h200,325814400
LDC_N360,46656000,338755,Fused Face-Based,CPU,NeoN,32,gpu-nvidia-h200,325814400
LDC_N360,46656000,144181,Fused Cell-Based,CPU,NeoN,32,gpu-nvidia-h200,325814400
LDC_N360,46656000,144124,Fused Cell-Based,CPU,NeoN,32,gpu-nvidia-h200,325814400
LDC_N360,46656000,143954,Fused Cell-Based,CPU,NeoN,32,gpu-nvidia-h200,325814400
LDC_N360,46656000,597745,Face-Based,CPU,NeoN,32,gpu-nvidia-h200,325814400
LDC_N360,46656000,599070,Face-Based,CPU,NeoN,32,gpu-nvidia-h200,325814400
LDC_N360,46656000,609225,Face-Based,CPU,NeoN,32,gpu-nvidia-h200,325814400
LDC_N300,27000000,1544947,Fused Face-Based,CPU,NeoN,4,gpu-nvidia-h100,188460000
LDC_N300,27000000,1553603,Fused Face-Based,CPU,NeoN,4,gpu-nvidia-h100,188460000
LDC_N300,27000000,1548890,Fused Face-Based,CPU,NeoN,4,gpu-nvidia-h100,188460000
LDC_N300,27000000,539485,Fused Cell-Based,CPU,NeoN,4,gpu-nvidia-h100,188460000
LDC_N300,27000000,538581,Fused Cell-Based,CPU,NeoN,4,gpu-nvidia-h100,188460000
LDC_N300,27000000,521860,Fused Cell-Based,CPU,NeoN,4,gpu-nvidia-h100,188460000
LDC_N300,27000000,2448056,Face-Based,CPU,NeoN,4,gpu-nvidia-h100,188460000
LDC_N300,27000000,2441519,Face-Based,CPU,NeoN,4,gpu-nvidia-h100,188460000
LDC_N300,27000000,2399560,Face-Based,CPU,NeoN,4,gpu-nvidia-h100,188460000
LDC_N360,46656000,201614,Fused Face-Based,CPU,NeoN,64,gpu-nvidia-h200,325814400
LDC_N360,46656000,201185,Fused Face-Based,CPU,NeoN,64,gpu-nvidia-h200,325814400
LDC_N360,46656000,200550,Fused Face-Based,CPU,NeoN,64,gpu-nvidia-h200,325814400
LDC_N360,46656000,145226,Fused Cell-Based,CPU,NeoN,64,gpu-nvidia-h200,325814400
LDC_N360,46656000,145006,Fused Cell-Based,CPU,NeoN,64,gpu-nvidia-h200,325814400
LDC_N360,46656000,144875,Fused Cell-Based,CPU,NeoN,64,gpu-nvidia-h200,325814400
LDC_N360,46656000,390813,Face-Based,CPU,NeoN,64,gpu-nvidia-h200,325814400
LDC_N360,46656000,385343,Face-Based,CPU,NeoN,64,gpu-nvidia-h200,325814400
LDC_N360,46656000,383152,Face-Based,CPU,NeoN,64,gpu-nvidia-h200,325814400
LDC_N300,27000000,865446,Fused Face-Based,CPU,NeoN,8,gpu-nvidia-h100,188460000
LDC_N300,27000000,854942,Fused Face-Based,CPU,NeoN,8,gpu-nvidia-h100,188460000
LDC_N300,27000000,873503,Fused Face-Based,CPU,NeoN,8,gpu-nvidia-h100,188460000
LDC_N300,27000000,290820,Fused Cell-Based,CPU,NeoN,8,gpu-nvidia-h100,188460000
LDC_N300,27000000,291394,Fused Cell-Based,CPU,NeoN,8,gpu-nvidia-h100,188460000
LDC_N300,27000000,306136,Fused Cell-Based,CPU,NeoN,8,gpu-nvidia-h100,188460000
LDC_N300,27000000,1424995,Face-Based,CPU,NeoN,8,gpu-nvidia-h100,188460000
LDC_N300,27000000,1331355,Face-Based,CPU,NeoN,8,gpu-nvidia-h100,188460000
LDC_N300,27000000,1354225,Face-Based,CPU,NeoN,8,gpu-nvidia-h100,188460000
LDC_N300,27000000,452745,Fused Face-Based,CPU,NeoN,16,gpu-nvidia-h100,188460000
LDC_N300,27000000,463836,Fused Face-Based,CPU,NeoN,16,gpu-nvidia-h100,188460000
LDC_N300,27000000,457362,Fused Face-Based,CPU,NeoN,16,gpu-nvidia-h100,188460000
LDC_N300,27000000,164526,Fused Cell-Based,CPU,NeoN,16,gpu-nvidia-h100,188460000
LDC_N300,27000000,164938,Fused Cell-Based,CPU,NeoN,16,gpu-nvidia-h100,188460000
LDC_N300,27000000,163847,Fused Cell-Based,CPU,NeoN,16,gpu-nvidia-h100,188460000
LDC_N300,27000000,730206,Face-Based,CPU,NeoN,16,gpu-nvidia-h100,188460000
LDC_N300,27000000,737564,Face-Based,CPU,NeoN,16,gpu-nvidia-h100,188460000
LDC_N300,27000000,730455,Face-Based,CPU,NeoN,16,gpu-nvidia-h100,188460000
LDC_N360,46656000,201229,Fused Face-Based,CPU,NeoN,128,gpu-nvidia-h200,325814400
LDC_N360,46656000,200771,Fused Face-Based,CPU,NeoN,128,gpu-nvidia-h200,325814400
LDC_N360,46656000,201125,Fused Face-Based,CPU,NeoN,128,gpu-nvidia-h200,325814400
LDC_N360,46656000,147386,Fused Cell-Based,CPU,NeoN,128,gpu-nvidia-h200,325814400
LDC_N360,46656000,147269,Fused Cell-Based,CPU,NeoN,128,gpu-nvidia-h200,325814400
LDC_N360,46656000,147415,Fused Cell-Based,CPU,NeoN,128,gpu-nvidia-h200,325814400
LDC_N360,46656000,325527,Face-Based,CPU,NeoN,128,gpu-nvidia-h200,325814400
LDC_N360,46656000,324656,Face-Based,CPU,NeoN,128,gpu-nvidia-h200,325814400
LDC_N360,46656000,324771,Face-Based,CPU,NeoN,128,gpu-nvidia-h200,325814400
LDC_N300,27000000,258737,Fused Face-Based,CPU,NeoN,32,gpu-nvidia-h100,188460000
LDC_N300,27000000,251911,Fused Face-Based,CPU,NeoN,32,gpu-nvidia-h100,188460000
LDC_N300,27000000,257830,Fused Face-Based,CPU,NeoN,32,gpu-nvidia-h100,188460000
LDC_N300,27000000,115440,Fused Cell-Based,CPU,NeoN,32,gpu-nvidia-h100,188460000
LDC_N300,27000000,115198,Fused Cell-Based,CPU,NeoN,32,gpu-nvidia-h100,188460000
LDC_N300,27000000,115138,Fused Cell-Based,CPU,NeoN,32,gpu-nvidia-h100,188460000
LDC_N300,27000000,491109,Face-Based,CPU,NeoN,32,gpu-nvidia-h100,188460000
LDC_N300,27000000,487835,Face-Based,CPU,NeoN,32,gpu-nvidia-h100,188460000
LDC_N300,27000000,500546,Face-Based,CPU,NeoN,32,gpu-nvidia-h100,188460000
LDC_N300,27000000,169413,Fused Face-Based,CPU,NeoN,64,gpu-nvidia-h100,188460000
LDC_N300,27000000,175143,Fused Face-Based,CPU,NeoN,64,gpu-nvidia-h100,188460000
LDC_N300,27000000,168902,Fused Face-Based,CPU,NeoN,64,gpu-nvidia-h100,188460000
LDC_N300,27000000,102084,Fused Cell-Based,CPU,NeoN,64,gpu-nvidia-h100,188460000
LDC_N300,27000000,101919,Fused Cell-Based,CPU,NeoN,64,gpu-nvidia-h100,188460000
LDC_N300,27000000,101784,Fused Cell-Based,CPU,NeoN,64,gpu-nvidia-h100,188460000
LDC_N300,27000000,291693,Face-Based,CPU,NeoN,64,gpu-nvidia-h100,188460000
LDC_N300,27000000,292082,Face-Based,CPU,NeoN,64,gpu-nvidia-h100,188460000
LDC_N300,27000000,289788,Face-Based,CPU,NeoN,64,gpu-nvidia-h100,188460000
LDC_N380,54872000,5739472,Fused Face-Based,CPU,NeoN,1,gpu-nvidia-h200,383237600
LDC_N380,54872000,5725971,Fused Face-Based,CPU,NeoN,1,gpu-nvidia-h200,383237600
LDC_N380,54872000,5739150,Fused Face-Based,CPU,NeoN,1,gpu-nvidia-h200,383237600
LDC_N380,54872000,3162161,Fused Cell-Based,CPU,NeoN,1,gpu-nvidia-h200,383237600
LDC_N380,54872000,3165766,Fused Cell-Based,CPU,NeoN,1,gpu-nvidia-h200,383237600
LDC_N380,54872000,3172940,Fused Cell-Based,CPU,NeoN,1,gpu-nvidia-h200,383237600
LDC_N380,54872000,9590371,Face-Based,CPU,NeoN,1,gpu-nvidia-h200,383237600
LDC_N380,54872000,9610105,Face-Based,CPU,NeoN,1,gpu-nvidia-h200,383237600
LDC_N380,54872000,9565029,Face-Based,CPU,NeoN,1,gpu-nvidia-h200,383237600
LDC_N300,27000000,150836,Fused Face-Based,CPU,NeoN,128,gpu-nvidia-h100,188460000
LDC_N300,27000000,151080,Fused Face-Based,CPU,NeoN,128,gpu-nvidia-h100,188460000
LDC_N300,27000000,151571,Fused Face-Based,CPU,NeoN,128,gpu-nvidia-h100,188460000
LDC_N300,27000000,106319,Fused Cell-Based,CPU,NeoN,128,gpu-nvidia-h100,188460000
LDC_N300,27000000,107075,Fused Cell-Based,CPU,NeoN,128,gpu-nvidia-h100,188460000
LDC_N300,27000000,107199,Fused Cell-Based,CPU,NeoN,128,gpu-nvidia-h100,188460000
LDC_N300,27000000,263587,Face-Based,CPU,NeoN,128,gpu-nvidia-h100,188460000
LDC_N300,27000000,328544,Face-Based,CPU,NeoN,128,gpu-nvidia-h100,188460000
LDC_N300,27000000,356649,Face-Based,CPU,NeoN,128,gpu-nvidia-h100,188460000
LDC_N380,54872000,6544890,Fused Face-Based,CPU,NeoN,2,gpu-nvidia-h200,383237600
LDC_N380,54872000,6583000,Fused Face-Based,CPU,NeoN,2,gpu-nvidia-h200,383237600
LDC_N380,54872000,6786374,Fused Face-Based,CPU,NeoN,2,gpu-nvidia-h200,383237600
LDC_N380,54872000,1812797,Fused Cell-Based,CPU,NeoN,2,gpu-nvidia-h200,383237600
LDC_N380,54872000,1139492,Fused Cell-Based,CPU,NeoN,2,gpu-nvidia-h200,383237600
LDC_N380,54872000,1850616,Fused Cell-Based,CPU,NeoN,2,gpu-nvidia-h200,383237600
LDC_N380,54872000,11362646,Face-Based,CPU,NeoN,2,gpu-nvidia-h200,383237600
LDC_N380,54872000,11276337,Face-Based,CPU,NeoN,2,gpu-nvidia-h200,383237600
LDC_N380,54872000,11321621,Face-Based,CPU,NeoN,2,gpu-nvidia-h200,383237600
LDC_N320,32768000,4448160,Fused Face-Based,CPU,NeoN,1,gpu-nvidia-h100,228761600
LDC_N320,32768000,4438691,Fused Face-Based,CPU,NeoN,1,gpu-nvidia-h100,228761600
LDC_N320,32768000,4451598,Fused Face-Based,CPU,NeoN,1,gpu-nvidia-h100,228761600
LDC_N320,32768000,2008612,Fused Cell-Based,CPU,NeoN,1,gpu-nvidia-h100,228761600
LDC_N320,32768000,2000700,Fused Cell-Based,CPU,NeoN,1,gpu-nvidia-h100,228761600
LDC_N320,32768000,2010497,Fused Cell-Based,CPU,NeoN,1,gpu-nvidia-h100,228761600
LDC_N320,32768000,7032437,Face-Based,CPU,NeoN,1,gpu-nvidia-h100,228761600
LDC_N320,32768000,7027937,Face-Based,CPU,NeoN,1,gpu-nvidia-h100,228761600
LDC_N320,32768000,7023923,Face-Based,CPU,NeoN,1,gpu-nvidia-h100,228761600
LDC_N380,54872000,2968425,Fused Face-Based,CPU,NeoN,4,gpu-nvidia-h200,383237600
LDC_N380,54872000,2886736,Fused Face-Based,CPU,NeoN,4,gpu-nvidia-h200,383237600
LDC_N380,54872000,2756835,Fused Face-Based,CPU,NeoN,4,gpu-nvidia-h200,383237600
LDC_N380,54872000,880651,Fused Cell-Based,CPU,NeoN,4,gpu-nvidia-h200,383237600
LDC_N380,54872000,868007,Fused Cell-Based,CPU,NeoN,4,gpu-nvidia-h200,383237600
LDC_N380,54872000,664795,Fused Cell-Based,CPU,NeoN,4,gpu-nvidia-h200,383237600
LDC_N380,54872000,5024327,Face-Based,CPU,NeoN,4,gpu-nvidia-h200,383237600
LDC_N380,54872000,4985568,Face-Based,CPU,NeoN,4,gpu-nvidia-h200,383237600
LDC_N380,54872000,4865376,Face-Based,CPU,NeoN,4,gpu-nvidia-h200,383237600
LDC_N320,32768000,2611871,Fused Face-Based,CPU,NeoN,2,gpu-nvidia-h100,228761600
LDC_N320,32768000,2652849,Fused Face-Based,CPU,NeoN,2,gpu-nvidia-h100,228761600
LDC_N320,32768000,2546589,Fused Face-Based,CPU,NeoN,2,gpu-nvidia-h100,228761600
LDC_N320,32768000,1123948,Fused Cell-Based,CPU,NeoN,2,gpu-nvidia-h100,228761600
LDC_N320,32768000,1182769,Fused Cell-Based,CPU,NeoN,2,gpu-nvidia-h100,228761600
LDC_N320,32768000,1189421,Fused Cell-Based,CPU,NeoN,2,gpu-nvidia-h100,228761600
LDC_N320,32768000,3986172,Face-Based,CPU,NeoN,2,gpu-nvidia-h100,228761600
LDC_N320,32768000,4026235,Face-Based,CPU,NeoN,2,gpu-nvidia-h100,228761600
LDC_N320,32768000,3986691,Face-Based,CPU,NeoN,2,gpu-nvidia-h100,228761600
LDC_N380,54872000,2106889,Fused Face-Based,CPU,NeoN,8,gpu-nvidia-h200,383237600
LDC_N380,54872000,2072573,Fused Face-Based,CPU,NeoN,8,gpu-nvidia-h200,383237600
LDC_N380,54872000,2083061,Fused Face-Based,CPU,NeoN,8,gpu-nvidia-h200,383237600
LDC_N380,54872000,487748,Fused Cell-Based,CPU,NeoN,8,gpu-nvidia-h200,383237600
LDC_N380,54872000,487409,Fused Cell-Based,CPU,NeoN,8,gpu-nvidia-h200,383237600
LDC_N380,54872000,484792,Fused Cell-Based,CPU,NeoN,8,gpu-nvidia-h200,383237600
LDC_N380,54872000,3558381,Face-Based,CPU,NeoN,8,gpu-nvidia-h200,383237600
LDC_N380,54872000,3560889,Face-Based,CPU,NeoN,8,gpu-nvidia-h200,383237600
LDC_N380,54872000,3575891,Face-Based,CPU,NeoN,8,gpu-nvidia-h200,383237600
LDC_N320,32768000,2028777,Fused Face-Based,CPU,NeoN,4,gpu-nvidia-h100,228761600
LDC_N320,32768000,2043140,Fused Face-Based,CPU,NeoN,4,gpu-nvidia-h100,228761600
LDC_N320,32768000,2003730,Fused Face-Based,CPU,NeoN,4,gpu-nvidia-h100,228761600
LDC_N320,32768000,635659,Fused Cell-Based,CPU,NeoN,4,gpu-nvidia-h100,228761600
LDC_N320,32768000,602831,Fused Cell-Based,CPU,NeoN,4,gpu-nvidia-h100,228761600
LDC_N320,32768000,615808,Fused Cell-Based,CPU,NeoN,4,gpu-nvidia-h100,228761600
LDC_N320,32768000,3177087,Face-Based,CPU,NeoN,4,gpu-nvidia-h100,228761600
LDC_N320,32768000,3209280,Face-Based,CPU,NeoN,4,gpu-nvidia-h100,228761600
LDC_N320,32768000,3129186,Face-Based,CPU,NeoN,4,gpu-nvidia-h100,228761600
LDC_N320,32768000,1053034,Fused Face-Based,CPU,NeoN,8,gpu-nvidia-h100,228761600
LDC_N320,32768000,1071288,Fused Face-Based,CPU,NeoN,8,gpu-nvidia-h100,228761600
LDC_N320,32768000,1057143,Fused Face-Based,CPU,NeoN,8,gpu-nvidia-h100,228761600
LDC_N320,32768000,408479,Fused Cell-Based,CPU,NeoN,8,gpu-nvidia-h100,228761600
LDC_N320,32768000,349639,Fused Cell-Based,CPU,NeoN,8,gpu-nvidia-h100,228761600
LDC_N320,32768000,354579,Fused Cell-Based,CPU,NeoN,8,gpu-nvidia-h100,228761600
LDC_N320,32768000,1652871,Face-Based,CPU,NeoN,8,gpu-nvidia-h100,228761600
LDC_N320,32768000,1652245,Face-Based,CPU,NeoN,8,gpu-nvidia-h100,228761600
LDC_N320,32768000,1644956,Face-Based,CPU,NeoN,8,gpu-nvidia-h100,228761600
LDC_N380,54872000,1149033,Fused Face-Based,CPU,NeoN,16,gpu-nvidia-h200,383237600
LDC_N380,54872000,1147126,Fused Face-Based,CPU,NeoN,16,gpu-nvidia-h200,383237600
LDC_N380,54872000,1148186,Fused Face-Based,CPU,NeoN,16,gpu-nvidia-h200,383237600
LDC_N380,54872000,374416,Fused Cell-Based,CPU,NeoN,16,gpu-nvidia-h200,383237600
LDC_N380,54872000,375363,Fused Cell-Based,CPU,NeoN,16,gpu-nvidia-h200,383237600
LDC_N380,54872000,374417,Fused Cell-Based,CPU,NeoN,16,gpu-nvidia-h200,383237600
LDC_N380,54872000,1972284,Face-Based,CPU,NeoN,16,gpu-nvidia-h200,383237600
LDC_N380,54872000,1967878,Face-Based,CPU,NeoN,16,gpu-nvidia-h200,383237600
LDC_N380,54872000,1975985,Face-Based,CPU,NeoN,16,gpu-nvidia-h200,383237600
LDC_N320,32768000,562294,Fused Face-Based,CPU,NeoN,16,gpu-nvidia-h100,228761600
LDC_N320,32768000,557263,Fused Face-Based,CPU,NeoN,16,gpu-nvidia-h100,228761600
LDC_N320,32768000,550440,Fused Face-Based,CPU,NeoN,16,gpu-nvidia-h100,228761600
LDC_N320,32768000,206997,Fused Cell-Based,CPU,NeoN,16,gpu-nvidia-h100,228761600
LDC_N320,32768000,207239,Fused Cell-Based,CPU,NeoN,16,gpu-nvidia-h100,228761600
LDC_N320,32768000,208820,Fused Cell-Based,CPU,NeoN,16,gpu-nvidia-h100,228761600
LDC_N320,32768000,899981,Face-Based,CPU,NeoN,16,gpu-nvidia-h100,228761600
LDC_N320,32768000,895536,Face-Based,CPU,NeoN,16,gpu-nvidia-h100,228761600
LDC_N320,32768000,891164,Face-Based,CPU,NeoN,16,gpu-nvidia-h100,228761600
LDC_N380,54872000,679479,Fused Face-Based,CPU,NeoN,32,gpu-nvidia-h200,383237600
LDC_N380,54872000,685111,Fused Face-Based,CPU,NeoN,32,gpu-nvidia-h200,383237600
LDC_N380,54872000,688737,Fused Face-Based,CPU,NeoN,32,gpu-nvidia-h200,383237600
LDC_N380,54872000,314483,Fused Cell-Based,CPU,NeoN,32,gpu-nvidia-h200,383237600
LDC_N380,54872000,307328,Fused Cell-Based,CPU,NeoN,32,gpu-nvidia-h200,383237600
LDC_N380,54872000,308124,Fused Cell-Based,CPU,NeoN,32,gpu-nvidia-h200,383237600
LDC_N380,54872000,1173300,Face-Based,CPU,NeoN,32,gpu-nvidia-h200,383237600
LDC_N380,54872000,1176496,Face-Based,CPU,NeoN,32,gpu-nvidia-h200,383237600
LDC_N380,54872000,1173145,Face-Based,CPU,NeoN,32,gpu-nvidia-h200,383237600
LDC_N320,32768000,327779,Fused Face-Based,CPU,NeoN,32,gpu-nvidia-h100,228761600
LDC_N320,32768000,321527,Fused Face-Based,CPU,NeoN,32,gpu-nvidia-h100,228761600
LDC_N320,32768000,317461,Fused Face-Based,CPU,NeoN,32,gpu-nvidia-h100,228761600
LDC_N320,32768000,149276,Fused Cell-Based,CPU,NeoN,32,gpu-nvidia-h100,228761600
LDC_N320,32768000,155168,Fused Cell-Based,CPU,NeoN,32,gpu-nvidia-h100,228761600
LDC_N320,32768000,153562,Fused Cell-Based,CPU,NeoN,32,gpu-nvidia-h100,228761600
LDC_N320,32768000,517212,Face-Based,CPU,NeoN,32,gpu-nvidia-h100,228761600
LDC_N320,32768000,519044,Face-Based,CPU,NeoN,32,gpu-nvidia-h100,228761600
LDC_N320,32768000,524393,Face-Based,CPU,NeoN,32,gpu-nvidia-h100,228761600
LDC_N380,54872000,453528,Fused Face-Based,CPU,NeoN,64,gpu-nvidia-h200,383237600
LDC_N380,54872000,327912,Fused Face-Based,CPU,NeoN,64,gpu-nvidia-h200,383237600
LDC_N380,54872000,366957,Fused Face-Based,CPU,NeoN,64,gpu-nvidia-h200,383237600
LDC_N380,54872000,249048,Fused Cell-Based,CPU,NeoN,64,gpu-nvidia-h200,383237600
LDC_N380,54872000,261916,Fused Cell-Based,CPU,NeoN,64,gpu-nvidia-h200,383237600
LDC_N380,54872000,249285,Fused Cell-Based,CPU,NeoN,64,gpu-nvidia-h200,383237600
LDC_N380,54872000,572163,Face-Based,CPU,NeoN,64,gpu-nvidia-h200,383237600
LDC_N380,54872000,546739,Face-Based,CPU,NeoN,64,gpu-nvidia-h200,383237600
LDC_N380,54872000,573342,Face-Based,CPU,NeoN,64,gpu-nvidia-h200,383237600
LDC_N320,32768000,204698,Fused Face-Based,CPU,NeoN,64,gpu-nvidia-h100,228761600
LDC_N320,32768000,209878,Fused Face-Based,CPU,NeoN,64,gpu-nvidia-h100,228761600
LDC_N320,32768000,203052,Fused Face-Based,CPU,NeoN,64,gpu-nvidia-h100,228761600
LDC_N320,32768000,120198,Fused Cell-Based,CPU,NeoN,64,gpu-nvidia-h100,228761600
LDC_N320,32768000,119596,Fused Cell-Based,CPU,NeoN,64,gpu-nvidia-h100,228761600
LDC_N320,32768000,123787,Fused Cell-Based,CPU,NeoN,64,gpu-nvidia-h100,228761600
LDC_N320,32768000,369519,Face-Based,CPU,NeoN,64,gpu-nvidia-h100,228761600
LDC_N320,32768000,360594,Face-Based,CPU,NeoN,64,gpu-nvidia-h100,228761600
LDC_N320,32768000,359051,Face-Based,CPU,NeoN,64,gpu-nvidia-h100,228761600
LDC_N380,54872000,248324,Fused Face-Based,CPU,NeoN,128,gpu-nvidia-h200,383237600
LDC_N380,54872000,249320,Fused Face-Based,CPU,NeoN,128,gpu-nvidia-h200,383237600
LDC_N380,54872000,247724,Fused Face-Based,CPU,NeoN,128,gpu-nvidia-h200,383237600
LDC_N380,54872000,245018,Fused Cell-Based,CPU,NeoN,128,gpu-nvidia-h200,383237600
LDC_N380,54872000,176087,Fused Cell-Based,CPU,NeoN,128,gpu-nvidia-h200,383237600
LDC_N380,54872000,175573,Fused Cell-Based,CPU,NeoN,128,gpu-nvidia-h200,383237600
LDC_N380,54872000,395992,Face-Based,CPU,NeoN,128,gpu-nvidia-h200,383237600
LDC_N380,54872000,394061,Face-Based,CPU,NeoN,128,gpu-nvidia-h200,383237600
LDC_N380,54872000,394123,Face-Based,CPU,NeoN,128,gpu-nvidia-h200,383237600
LDC_N320,32768000,182468,Fused Face-Based,CPU,NeoN,128,gpu-nvidia-h100,228761600
LDC_N320,32768000,182271,Fused Face-Based,CPU,NeoN,128,gpu-nvidia-h100,228761600
LDC_N320,32768000,182785,Fused Face-Based,CPU,NeoN,128,gpu-nvidia-h100,228761600
LDC_N320,32768000,125458,Fused Cell-Based,CPU,NeoN,128,gpu-nvidia-h100,228761600
LDC_N320,32768000,125200,Fused Cell-Based,CPU,NeoN,128,gpu-nvidia-h100,228761600
LDC_N320,32768000,127598,Fused Cell-Based,CPU,NeoN,128,gpu-nvidia-h100,228761600
LDC_N320,32768000,340549,Face-Based,CPU,NeoN,128,gpu-nvidia-h100,228761600
LDC_N320,32768000,319339,Face-Based,CPU,NeoN,128,gpu-nvidia-h100,228761600
LDC_N320,32768000,326376,Face-Based,CPU,NeoN,128,gpu-nvidia-h100,228761600
LDC_N340,39304000,5377931,Fused Face-Based,CPU,NeoN,1,gpu-nvidia-h100,274434400
LDC_N340,39304000,5363493,Fused Face-Based,CPU,NeoN,1,gpu-nvidia-h100,274434400
LDC_N340,39304000,5362891,Fused Face-Based,CPU,NeoN,1,gpu-nvidia-h100,274434400
LDC_N340,39304000,2495050,Fused Cell-Based,CPU,NeoN,1,gpu-nvidia-h100,274434400
LDC_N340,39304000,2496210,Fused Cell-Based,CPU,NeoN,1,gpu-nvidia-h100,274434400
LDC_N340,39304000,2496205,Fused Cell-Based,CPU,NeoN,1,gpu-nvidia-h100,274434400
LDC_N340,39304000,8463761,Face-Based,CPU,NeoN,1,gpu-nvidia-h100,274434400
LDC_N340,39304000,8466487,Face-Based,CPU,NeoN,1,gpu-nvidia-h100,274434400
LDC_N340,39304000,8468304,Face-Based,CPU,NeoN,1,gpu-nvidia-h100,274434400
LDC_N400,64000000,6089409,Fused Face-Based,CPU,NeoN,1,gpu-nvidia-h200,447040000
LDC_N400,64000000,6071973,Fused Face-Based,CPU,NeoN,1,gpu-nvidia-h200,447040000
LDC_N400,64000000,6076884,Fused Face-Based,CPU,NeoN,1,gpu-nvidia-h200,447040000
LDC_N400,64000000,2516487,Fused Cell-Based,CPU,NeoN,1,gpu-nvidia-h200,447040000
LDC_N400,64000000,2515394,Fused Cell-Based,CPU,NeoN,1,gpu-nvidia-h200,447040000
LDC_N400,64000000,2514448,Fused Cell-Based,CPU,NeoN,1,gpu-nvidia-h200,447040000
LDC_N400,64000000,10159336,Face-Based,CPU,NeoN,1,gpu-nvidia-h200,447040000
LDC_N400,64000000,10145644,Face-Based,CPU,NeoN,1,gpu-nvidia-h200,447040000
LDC_N400,64000000,10142095,Face-Based,CPU,NeoN,1,gpu-nvidia-h200,447040000
LDC_N340,39304000,4045318,Fused Face-Based,CPU,NeoN,2,gpu-nvidia-h100,274434400
LDC_N340,39304000,3276557,Fused Face-Based,CPU,NeoN,2,gpu-nvidia-h100,274434400
LDC_N340,39304000,3240921,Fused Face-Based,CPU,NeoN,2,gpu-nvidia-h100,274434400
LDC_N340,39304000,1783413,Fused Cell-Based,CPU,NeoN,2,gpu-nvidia-h100,274434400
LDC_N340,39304000,1871273,Fused Cell-Based,CPU,NeoN,2,gpu-nvidia-h100,274434400
LDC_N340,39304000,1920445,Fused Cell-Based,CPU,NeoN,2,gpu-nvidia-h100,274434400
LDC_N340,39304000,6187390,Face-Based,CPU,NeoN,2,gpu-nvidia-h100,274434400
LDC_N340,39304000,5156643,Face-Based,CPU,NeoN,2,gpu-nvidia-h100,274434400
LDC_N340,39304000,5528819,Face-Based,CPU,NeoN,2,gpu-nvidia-h100,274434400
LDC_N400,64000000,4993675,Fused Face-Based,CPU,NeoN,2,gpu-nvidia-h200,447040000
LDC_N400,64000000,5148520,Fused Face-Based,CPU,NeoN,2,gpu-nvidia-h200,447040000
LDC_N400,64000000,5006391,Fused Face-Based,CPU,NeoN,2,gpu-nvidia-h200,447040000
LDC_N400,64000000,840091,Fused Cell-Based,CPU,NeoN,2,gpu-nvidia-h200,447040000
LDC_N400,64000000,1286755,Fused Cell-Based,CPU,NeoN,2,gpu-nvidia-h200,447040000
LDC_N400,64000000,1359164,Fused Cell-Based,CPU,NeoN,2,gpu-nvidia-h200,447040000
LDC_N400,64000000,8569825,Face-Based,CPU,NeoN,2,gpu-nvidia-h200,447040000
LDC_N400,64000000,8688419,Face-Based,CPU,NeoN,2,gpu-nvidia-h200,447040000
LDC_N400,64000000,8574760,Face-Based,CPU,NeoN,2,gpu-nvidia-h200,447040000
LDC_N340,39304000,2338716,Fused Face-Based,CPU,NeoN,4,gpu-nvidia-h100,274434400
LDC_N340,39304000,2344215,Fused Face-Based,CPU,NeoN,4,gpu-nvidia-h100,274434400
LDC_N340,39304000,2135358,Fused Face-Based,CPU,NeoN,4,gpu-nvidia-h100,274434400
LDC_N340,39304000,771325,Fused Cell-Based,CPU,NeoN,4,gpu-nvidia-h100,274434400
LDC_N340,39304000,755480,Fused Cell-Based,CPU,NeoN,4,gpu-nvidia-h100,274434400
LDC_N340,39304000,774745,Fused Cell-Based,CPU,NeoN,4,gpu-nvidia-h100,274434400
LDC_N340,39304000,3700479,Face-Based,CPU,NeoN,4,gpu-nvidia-h100,274434400
LDC_N340,39304000,3467332,Face-Based,CPU,NeoN,4,gpu-nvidia-h100,274434400
LDC_N340,39304000,3479496,Face-Based,CPU,NeoN,4,gpu-nvidia-h100,274434400
LDC_N400,64000000,2758961,Fused Face-Based,CPU,NeoN,4,gpu-nvidia-h200,447040000
LDC_N400,64000000,2845401,Fused Face-Based,CPU,NeoN,4,gpu-nvidia-h200,447040000
LDC_N400,64000000,2780545,Fused Face-Based,CPU,NeoN,4,gpu-nvidia-h200,447040000
LDC_N400,64000000,443979,Fused Cell-Based,CPU,NeoN,4,gpu-nvidia-h200,447040000
LDC_N400,64000000,444323,Fused Cell-Based,CPU,NeoN,4,gpu-nvidia-h200,447040000
LDC_N400,64000000,445511,Fused Cell-Based,CPU,NeoN,4,gpu-nvidia-h200,447040000
LDC_N400,64000000,4789391,Face-Based,CPU,NeoN,4,gpu-nvidia-h200,447040000
LDC_N400,64000000,4782545,Face-Based,CPU,NeoN,4,gpu-nvidia-h200,447040000
LDC_N400,64000000,4775063,Face-Based,CPU,NeoN,4,gpu-nvidia-h200,447040000
LDC_N340,39304000,1227002,Fused Face-Based,CPU,NeoN,8,gpu-nvidia-h100,274434400
LDC_N340,39304000,1257246,Fused Face-Based,CPU,NeoN,8,gpu-nvidia-h100,274434400
LDC_N340,39304000,1251835,Fused Face-Based,CPU,NeoN,8,gpu-nvidia-h100,274434400
LDC_N340,39304000,406655,Fused Cell-Based,CPU,NeoN,8,gpu-nvidia-h100,274434400
LDC_N340,39304000,410857,Fused Cell-Based,CPU,NeoN,8,gpu-nvidia-h100,274434400
LDC_N340,39304000,412936,Fused Cell-Based,CPU,NeoN,8,gpu-nvidia-h100,274434400
LDC_N340,39304000,1964945,Face-Based,CPU,NeoN,8,gpu-nvidia-h100,274434400
LDC_N340,39304000,1938884,Face-Based,CPU,NeoN,8,gpu-nvidia-h100,274434400
LDC_N340,39304000,1938476,Face-Based,CPU,NeoN,8,gpu-nvidia-h100,274434400
LDC_N400,64000000,1585757,Fused Face-Based,CPU,NeoN,8,gpu-nvidia-h200,447040000
LDC_N400,64000000,1657175,Fused Face-Based,CPU,NeoN,8,gpu-nvidia-h200,447040000
LDC_N400,64000000,1626135,Fused Face-Based,CPU,NeoN,8,gpu-nvidia-h200,447040000
LDC_N400,64000000,298473,Fused Cell-Based,CPU,NeoN,8,gpu-nvidia-h200,447040000
LDC_N400,64000000,297374,Fused Cell-Based,CPU,NeoN,8,gpu-nvidia-h200,447040000
LDC_N400,64000000,295762,Fused Cell-Based,CPU,NeoN,8,gpu-nvidia-h200,447040000
LDC_N400,64000000,2757667,Face-Based,CPU,NeoN,8,gpu-nvidia-h200,447040000
LDC_N400,64000000,2788712,Face-Based,CPU,NeoN,8,gpu-nvidia-h200,447040000
LDC_N400,64000000,2736392,Face-Based,CPU,NeoN,8,gpu-nvidia-h200,447040000
LDC_N340,39304000,661132,Fused Face-Based,CPU,NeoN,16,gpu-nvidia-h100,274434400
LDC_N340,39304000,644530,Fused Face-Based,CPU,NeoN,16,gpu-nvidia-h100,274434400
LDC_N340,39304000,655777,Fused Face-Based,CPU,NeoN,16,gpu-nvidia-h100,274434400
LDC_N340,39304000,235938,Fused Cell-Based,CPU,NeoN,16,gpu-nvidia-h100,274434400
LDC_N340,39304000,237706,Fused Cell-Based,CPU,NeoN,16,gpu-nvidia-h100,274434400
LDC_N340,39304000,241293,Fused Cell-Based,CPU,NeoN,16,gpu-nvidia-h100,274434400
LDC_N340,39304000,1047891,Face-Based,CPU,NeoN,16,gpu-nvidia-h100,274434400
LDC_N340,39304000,1045100,Face-Based,CPU,NeoN,16,gpu-nvidia-h100,274434400
LDC_N340,39304000,1045048,Face-Based,CPU,NeoN,16,gpu-nvidia-h100,274434400
LDC_N400,64000000,945417,Fused Face-Based,CPU,NeoN,16,gpu-nvidia-h200,447040000
LDC_N400,64000000,955346,Fused Face-Based,CPU,NeoN,16,gpu-nvidia-h200,447040000
LDC_N400,64000000,963695,Fused Face-Based,CPU,NeoN,16,gpu-nvidia-h200,447040000
LDC_N400,64000000,214256,Fused Cell-Based,CPU,NeoN,16,gpu-nvidia-h200,447040000
LDC_N400,64000000,213595,Fused Cell-Based,CPU,NeoN,16,gpu-nvidia-h200,447040000
LDC_N400,64000000,214938,Fused Cell-Based,CPU,NeoN,16,gpu-nvidia-h200,447040000
LDC_N400,64000000,1634704,Face-Based,CPU,NeoN,16,gpu-nvidia-h200,447040000
LDC_N400,64000000,1710461,Face-Based,CPU,NeoN,16,gpu-nvidia-h200,447040000
LDC_N400,64000000,1647371,Face-Based,CPU,NeoN,16,gpu-nvidia-h200,447040000
LDC_N340,39304000,372225,Fused Face-Based,CPU,NeoN,32,gpu-nvidia-h100,274434400
LDC_N340,39304000,370600,Fused Face-Based,CPU,NeoN,32,gpu-nvidia-h100,274434400
LDC_N340,39304000,368117,Fused Face-Based,CPU,NeoN,32,gpu-nvidia-h100,274434400
LDC_N340,39304000,171426,Fused Cell-Based,CPU,NeoN,32,gpu-nvidia-h100,274434400
LDC_N340,39304000,166783,Fused Cell-Based,CPU,NeoN,32,gpu-nvidia-h100,274434400
LDC_N340,39304000,166041,Fused Cell-Based,CPU,NeoN,32,gpu-nvidia-h100,274434400
LDC_N340,39304000,600064,Face-Based,CPU,NeoN,32,gpu-nvidia-h100,274434400
LDC_N340,39304000,612916,Face-Based,CPU,NeoN,32,gpu-nvidia-h100,274434400
LDC_N340,39304000,607252,Face-Based,CPU,NeoN,32,gpu-nvidia-h100,274434400
LDC_N400,64000000,448350,Fused Face-Based,CPU,NeoN,32,gpu-nvidia-h200,447040000
LDC_N400,64000000,460958,Fused Face-Based,CPU,NeoN,32,gpu-nvidia-h200,447040000
LDC_N400,64000000,463998,Fused Face-Based,CPU,NeoN,32,gpu-nvidia-h200,447040000
LDC_N400,64000000,198825,Fused Cell-Based,CPU,NeoN,32,gpu-nvidia-h200,447040000
LDC_N400,64000000,198265,Fused Cell-Based,CPU,NeoN,32,gpu-nvidia-h200,447040000
LDC_N400,64000000,198409,Fused Cell-Based,CPU,NeoN,32,gpu-nvidia-h200,447040000
LDC_N400,64000000,875127,Face-Based,CPU,NeoN,32,gpu-nvidia-h200,447040000
LDC_N400,64000000,887192,Face-Based,CPU,NeoN,32,gpu-nvidia-h200,447040000
LDC_N400,64000000,885950,Face-Based,CPU,NeoN,32,gpu-nvidia-h200,447040000
LDC_N340,39304000,236934,Fused Face-Based,CPU,NeoN,64,gpu-nvidia-h100,274434400
LDC_N340,39304000,237749,Fused Face-Based,CPU,NeoN,64,gpu-nvidia-h100,274434400
LDC_N340,39304000,237229,Fused Face-Based,CPU,NeoN,64,gpu-nvidia-h100,274434400
LDC_N340,39304000,144335,Fused Cell-Based,CPU,NeoN,64,gpu-nvidia-h100,274434400
LDC_N340,39304000,143552,Fused Cell-Based,CPU,NeoN,64,gpu-nvidia-h100,274434400
LDC_N340,39304000,144631,Fused Cell-Based,CPU,NeoN,64,gpu-nvidia-h100,274434400
LDC_N340,39304000,417688,Face-Based,CPU,NeoN,64,gpu-nvidia-h100,274434400
LDC_N340,39304000,426710,Face-Based,CPU,NeoN,64,gpu-nvidia-h100,274434400
LDC_N340,39304000,424919,Face-Based,CPU,NeoN,64,gpu-nvidia-h100,274434400
LDC_N400,64000000,298367,Fused Face-Based,CPU,NeoN,64,gpu-nvidia-h200,447040000
LDC_N400,64000000,286667,Fused Face-Based,CPU,NeoN,64,gpu-nvidia-h200,447040000
LDC_N400,64000000,286202,Fused Face-Based,CPU,NeoN,64,gpu-nvidia-h200,447040000
LDC_N400,64000000,197278,Fused Cell-Based,CPU,NeoN,64,gpu-nvidia-h200,447040000
LDC_N400,64000000,197341,Fused Cell-Based,CPU,NeoN,64,gpu-nvidia-h200,447040000
LDC_N400,64000000,206793,Fused Cell-Based,CPU,NeoN,64,gpu-nvidia-h200,447040000
LDC_N400,64000000,575462,Face-Based,CPU,NeoN,64,gpu-nvidia-h200,447040000
LDC_N400,64000000,556988,Face-Based,CPU,NeoN,64,gpu-nvidia-h200,447040000
LDC_N400,64000000,607032,Face-Based,CPU,NeoN,64,gpu-nvidia-h200,447040000
LDC_N340,39304000,214570,Fused Face-Based,CPU,NeoN,128,gpu-nvidia-h100,274434400
LDC_N340,39304000,219959,Fused Face-Based,CPU,NeoN,128,gpu-nvidia-h100,274434400
LDC_N340,39304000,214611,Fused Face-Based,CPU,NeoN,128,gpu-nvidia-h100,274434400
LDC_N340,39304000,148656,Fused Cell-Based,CPU,NeoN,128,gpu-nvidia-h100,274434400
LDC_N340,39304000,148738,Fused Cell-Based,CPU,NeoN,128,gpu-nvidia-h100,274434400
LDC_N340,39304000,148702,Fused Cell-Based,CPU,NeoN,128,gpu-nvidia-h100,274434400
LDC_N340,39304000,369377,Face-Based,CPU,NeoN,128,gpu-nvidia-h100,274434400
LDC_N340,39304000,370727,Face-Based,CPU,NeoN,128,gpu-nvidia-h100,274434400
LDC_N340,39304000,377601,Face-Based,CPU,NeoN,128,gpu-nvidia-h100,274434400
LDC_N400,64000000,277333,Fused Face-Based,CPU,NeoN,128,gpu-nvidia-h200,447040000
LDC_N400,64000000,276242,Fused Face-Based,CPU,NeoN,128,gpu-nvidia-h200,447040000
LDC_N400,64000000,276288,Fused Face-Based,CPU,NeoN,128,gpu-nvidia-h200,447040000
LDC_N400,64000000,208147,Fused Cell-Based,CPU,NeoN,128,gpu-nvidia-h200,447040000
LDC_N400,64000000,201502,Fused Cell-Based,CPU,NeoN,128,gpu-nvidia-h200,447040000
LDC_N400,64000000,201558,Fused Cell-Based,CPU,NeoN,128,gpu-nvidia-h200,447040000
LDC_N400,64000000,471888,Face-Based,CPU,NeoN,128,gpu-nvidia-h200,447040000
LDC_N400,64000000,446576,Face-Based,CPU,NeoN,128,gpu-nvidia-h200,447040000
LDC_N400,64000000,445884,Face-Based,CPU,NeoN,128,gpu-nvidia-h200,447040000
LDC_N360,46656000,6456900,Fused Face-Based,CPU,NeoN,1,gpu-nvidia-h100,325814400
LDC_N360,46656000,6459609,Fused Face-Based,CPU,NeoN,1,gpu-nvidia-h100,325814400
LDC_N360,46656000,6446916,Fused Face-Based,CPU,NeoN,1,gpu-nvidia-h100,325814400
LDC_N360,46656000,2998307,Fused Cell-Based,CPU,NeoN,1,gpu-nvidia-h100,325814400
LDC_N360,46656000,3011712,Fused Cell-Based,CPU,NeoN,1,gpu-nvidia-h100,325814400
LDC_N360,46656000,3005932,Fused Cell-Based,CPU,NeoN,1,gpu-nvidia-h100,325814400
LDC_N360,46656000,10188029,Face-Based,CPU,NeoN,1,gpu-nvidia-h100,325814400
LDC_N360,46656000,10193868,Face-Based,CPU,NeoN,1,gpu-nvidia-h100,325814400
LDC_N360,46656000,10216152,Face-Based,CPU,NeoN,1,gpu-nvidia-h100,325814400
LDC_N360,46656000,3764067,Fused Face-Based,CPU,NeoN,2,gpu-nvidia-h100,325814400
LDC_N360,46656000,3549528,Fused Face-Based,CPU,NeoN,2,gpu-nvidia-h100,325814400
LDC_N360,46656000,3530397,Fused Face-Based,CPU,NeoN,2,gpu-nvidia-h100,325814400
LDC_N360,46656000,1713263,Fused Cell-Based,CPU,NeoN,2,gpu-nvidia-h100,325814400
LDC_N360,46656000,1660403,Fused Cell-Based,CPU,NeoN,2,gpu-nvidia-h100,325814400
LDC_N360,46656000,1662457,Fused Cell-Based,CPU,NeoN,2,gpu-nvidia-h100,325814400
LDC_N360,46656000,6194793,Face-Based,CPU,NeoN,2,gpu-nvidia-h100,325814400
LDC_N360,46656000,5583697,Face-Based,CPU,NeoN,2,gpu-nvidia-h100,325814400
LDC_N360,46656000,5514490,Face-Based,CPU,NeoN,2,gpu-nvidia-h100,325814400
LDC_N360,46656000,2708156,Fused Face-Based,CPU,NeoN,4,gpu-nvidia-h100,325814400
LDC_N360,46656000,2884411,Fused Face-Based,CPU,NeoN,4,gpu-nvidia-h100,325814400
LDC_N360,46656000,2741625,Fused Face-Based,CPU,NeoN,4,gpu-nvidia-h100,325814400
LDC_N360,46656000,1147564,Fused Cell-Based,CPU,NeoN,4,gpu-nvidia-h100,325814400
LDC_N360,46656000,1327837,Fused Cell-Based,CPU,NeoN,4,gpu-nvidia-h100,325814400
LDC_N360,46656000,1101197,Fused Cell-Based,CPU,NeoN,4,gpu-nvidia-h100,325814400
LDC_N360,46656000,4284006,Face-Based,CPU,NeoN,4,gpu-nvidia-h100,325814400
LDC_N360,46656000,4343762,Face-Based,CPU,NeoN,4,gpu-nvidia-h100,325814400
LDC_N360,46656000,4869695,Face-Based,CPU,NeoN,4,gpu-nvidia-h100,325814400
LDC_N360,46656000,1525847,Fused Face-Based,CPU,NeoN,8,gpu-nvidia-h100,325814400
LDC_N360,46656000,1476424,Fused Face-Based,CPU,NeoN,8,gpu-nvidia-h100,325814400
LDC_N360,46656000,1464690,Fused Face-Based,CPU,NeoN,8,gpu-nvidia-h100,325814400
LDC_N360,46656000,492674,Fused Cell-Based,CPU,NeoN,8,gpu-nvidia-h100,325814400
LDC_N360,46656000,492127,Fused Cell-Based,CPU,NeoN,8,gpu-nvidia-h100,325814400
LDC_N360,46656000,493609,Fused Cell-Based,CPU,NeoN,8,gpu-nvidia-h100,325814400
LDC_N360,46656000,2323622,Face-Based,CPU,NeoN,8,gpu-nvidia-h100,325814400
LDC_N360,46656000,2313266,Face-Based,CPU,NeoN,8,gpu-nvidia-h100,325814400
LDC_N360,46656000,2303235,Face-Based,CPU,NeoN,8,gpu-nvidia-h100,325814400
LDC_N360,46656000,791668,Fused Face-Based,CPU,NeoN,16,gpu-nvidia-h100,325814400
LDC_N360,46656000,777904,Fused Face-Based,CPU,NeoN,16,gpu-nvidia-h100,325814400
LDC_N360,46656000,794856,Fused Face-Based,CPU,NeoN,16,gpu-nvidia-h100,325814400
LDC_N360,46656000,287702,Fused Cell-Based,CPU,NeoN,16,gpu-nvidia-h100,325814400
LDC_N360,46656000,287725,Fused Cell-Based,CPU,NeoN,16,gpu-nvidia-h100,325814400
LDC_N360,46656000,285767,Fused Cell-Based,CPU,NeoN,16,gpu-nvidia-h100,325814400
LDC_N360,46656000,1271133,Face-Based,CPU,NeoN,16,gpu-nvidia-h100,325814400
LDC_N360,46656000,1252330,Face-Based,CPU,NeoN,16,gpu-nvidia-h100,325814400
LDC_N360,46656000,1229868,Face-Based,CPU,NeoN,16,gpu-nvidia-h100,325814400
LDC_N360,46656000,441356,Fused Face-Based,CPU,NeoN,32,gpu-nvidia-h100,325814400
LDC_N360,46656000,440183,Fused Face-Based,CPU,NeoN,32,gpu-nvidia-h100,325814400
LDC_N360,46656000,439097,Fused Face-Based,CPU,NeoN,32,gpu-nvidia-h100,325814400
LDC_N360,46656000,198583,Fused Cell-Based,CPU,NeoN,32,gpu-nvidia-h100,325814400
LDC_N360,46656000,199253,Fused Cell-Based,CPU,NeoN,32,gpu-nvidia-h100,325814400
LDC_N360,46656000,198850,Fused Cell-Based,CPU,NeoN,32,gpu-nvidia-h100,325814400
LDC_N360,46656000,713420,Face-Based,CPU,NeoN,32,gpu-nvidia-h100,325814400
LDC_N360,46656000,717119,Face-Based,CPU,NeoN,32,gpu-nvidia-h100,325814400
LDC_N360,46656000,720219,Face-Based,CPU,NeoN,32,gpu-nvidia-h100,325814400
LDC_N360,46656000,280387,Fused Face-Based,CPU,NeoN,64,gpu-nvidia-h100,325814400
LDC_N360,46656000,289717,Fused Face-Based,CPU,NeoN,64,gpu-nvidia-h100,325814400
LDC_N360,46656000,282610,Fused Face-Based,CPU,NeoN,64,gpu-nvidia-h100,325814400
LDC_N360,46656000,169066,Fused Cell-Based,CPU,NeoN,64,gpu-nvidia-h100,325814400
LDC_N360,46656000,169207,Fused Cell-Based,CPU,NeoN,64,gpu-nvidia-h100,325814400
LDC_N360,46656000,169312,Fused Cell-Based,CPU,NeoN,64,gpu-nvidia-h100,325814400
LDC_N360,46656000,480172,Face-Based,CPU,NeoN,64,gpu-nvidia-h100,325814400
LDC_N360,46656000,473749,Face-Based,CPU,NeoN,64,gpu-nvidia-h100,325814400
LDC_N360,46656000,482261,Face-Based,CPU,NeoN,64,gpu-nvidia-h100,325814400
LDC_N360,46656000,255388,Fused Face-Based,CPU,NeoN,128,gpu-nvidia-h100,325814400
LDC_N360,46656000,268753,Fused Face-Based,CPU,NeoN,128,gpu-nvidia-h100,325814400
LDC_N360,46656000,257143,Fused Face-Based,CPU,NeoN,128,gpu-nvidia-h100,325814400
LDC_N360,46656000,173678,Fused Cell-Based,CPU,NeoN,128,gpu-nvidia-h100,325814400
LDC_N360,46656000,174851,Fused Cell-Based,CPU,NeoN,128,gpu-nvidia-h100,325814400
LDC_N360,46656000,173809,Fused Cell-Based,CPU,NeoN,128,gpu-nvidia-h100,325814400
LDC_N360,46656000,445671,Face-Based,CPU,NeoN,128,gpu-nvidia-h100,325814400
LDC_N360,46656000,446067,Face-Based,CPU,NeoN,128,gpu-nvidia-h100,325814400
LDC_N360,46656000,454533,Face-Based,CPU,NeoN,128,gpu-nvidia-h100,325814400
LDC_N380,54872000,7542005,Fused Face-Based,CPU,NeoN,1,gpu-nvidia-h100,383237600
LDC_N380,54872000,7598876,Fused Face-Based,CPU,NeoN,1,gpu-nvidia-h100,383237600
LDC_N380,54872000,7639245,Fused Face-Based,CPU,NeoN,1,gpu-nvidia-h100,383237600
LDC_N380,54872000,3502808,Fused Cell-Based,CPU,NeoN,1,gpu-nvidia-h100,383237600
LDC_N380,54872000,3496807,Fused Cell-Based,CPU,NeoN,1,gpu-nvidia-h100,383237600
LDC_N380,54872000,3501930,Fused Cell-Based,CPU,NeoN,1,gpu-nvidia-h100,383237600
LDC_N380,54872000,11897001,Face-Based,CPU,NeoN,1,gpu-nvidia-h100,383237600
LDC_N380,54872000,11940404,Face-Based,CPU,NeoN,1,gpu-nvidia-h100,383237600
LDC_N380,54872000,11992290,Face-Based,CPU,NeoN,1,gpu-nvidia-h100,383237600
LDC_N380,54872000,5552122,Fused Face-Based,CPU,NeoN,2,gpu-nvidia-h100,383237600
LDC_N380,54872000,4621942,Fused Face-Based,CPU,NeoN,2,gpu-nvidia-h100,383237600
LDC_N380,54872000,4391413,Fused Face-Based,CPU,NeoN,2,gpu-nvidia-h100,383237600
LDC_N380,54872000,2847618,Fused Cell-Based,CPU,NeoN,2,gpu-nvidia-h100,383237600
LDC_N380,54872000,2348400,Fused Cell-Based,CPU,NeoN,2,gpu-nvidia-h100,383237600
LDC_N380,54872000,2286664,Fused Cell-Based,CPU,NeoN,2,gpu-nvidia-h100,383237600
LDC_N380,54872000,9444376,Face-Based,CPU,NeoN,2,gpu-nvidia-h100,383237600
LDC_N380,54872000,7688778,Face-Based,CPU,NeoN,2,gpu-nvidia-h100,383237600
LDC_N380,54872000,6661268,Face-Based,CPU,NeoN,2,gpu-nvidia-h100,383237600
LDC_N380,54872000,3232337,Fused Face-Based,CPU,NeoN,4,gpu-nvidia-h100,383237600
LDC_N380,54872000,3085166,Fused Face-Based,CPU,NeoN,4,gpu-nvidia-h100,383237600
LDC_N380,54872000,2994750,Fused Face-Based,CPU,NeoN,4,gpu-nvidia-h100,383237600
LDC_N380,54872000,1079593,Fused Cell-Based,CPU,NeoN,4,gpu-nvidia-h100,383237600
LDC_N380,54872000,1057374,Fused Cell-Based,CPU,NeoN,4,gpu-nvidia-h100,383237600
LDC_N380,54872000,1054687,Fused Cell-Based,CPU,NeoN,4,gpu-nvidia-h100,383237600
LDC_N380,54872000,5185161,Face-Based,CPU,NeoN,4,gpu-nvidia-h100,383237600
LDC_N380,54872000,4975456,Face-Based,CPU,NeoN,4,gpu-nvidia-h100,383237600
LDC_N380,54872000,5121286,Face-Based,CPU,NeoN,4,gpu-nvidia-h100,383237600
LDC_N380,54872000,1719376,Fused Face-Based,CPU,NeoN,8,gpu-nvidia-h100,383237600
LDC_N380,54872000,1724032,Fused Face-Based,CPU,NeoN,8,gpu-nvidia-h100,383237600
LDC_N380,54872000,1708744,Fused Face-Based,CPU,NeoN,8,gpu-nvidia-h100,383237600
LDC_N380,54872000,553086,Fused Cell-Based,CPU,NeoN,8,gpu-nvidia-h100,383237600
LDC_N380,54872000,563707,Fused Cell-Based,CPU,NeoN,8,gpu-nvidia-h100,383237600
LDC_N380,54872000,561700,Fused Cell-Based,CPU,NeoN,8,gpu-nvidia-h100,383237600
LDC_N380,54872000,2676542,Face-Based,CPU,NeoN,8,gpu-nvidia-h100,383237600
LDC_N380,54872000,2655884,Face-Based,CPU,NeoN,8,gpu-nvidia-h100,383237600
LDC_N380,54872000,2675775,Face-Based,CPU,NeoN,8,gpu-nvidia-h100,383237600
LDC_N380,54872000,916027,Fused Face-Based,CPU,NeoN,16,gpu-nvidia-h100,383237600
LDC_N380,54872000,913385,Fused Face-Based,CPU,NeoN,16,gpu-nvidia-h100,383237600
LDC_N380,54872000,916419,Fused Face-Based,CPU,NeoN,16,gpu-nvidia-h100,383237600
LDC_N380,54872000,340756,Fused Cell-Based,CPU,NeoN,16,gpu-nvidia-h100,383237600
LDC_N380,54872000,329386,Fused Cell-Based,CPU,NeoN,16,gpu-nvidia-h100,383237600
LDC_N380,54872000,333805,Fused Cell-Based,CPU,NeoN,16,gpu-nvidia-h100,383237600
LDC_N380,54872000,1495725,Face-Based,CPU,NeoN,16,gpu-nvidia-h100,383237600
LDC_N380,54872000,1481594,Face-Based,CPU,NeoN,16,gpu-nvidia-h100,383237600
LDC_N380,54872000,1490636,Face-Based,CPU,NeoN,16,gpu-nvidia-h100,383237600
LDC_N380,54872000,529582,Fused Face-Based,CPU,NeoN,32,gpu-nvidia-h100,383237600
LDC_N380,54872000,519164,Fused Face-Based,CPU,NeoN,32,gpu-nvidia-h100,383237600
LDC_N380,54872000,527136,Fused Face-Based,CPU,NeoN,32,gpu-nvidia-h100,383237600
LDC_N380,54872000,252505,Fused Cell-Based,CPU,NeoN,32,gpu-nvidia-h100,383237600
LDC_N380,54872000,248450,Fused Cell-Based,CPU,NeoN,32,gpu-nvidia-h100,383237600
LDC_N380,54872000,244968,Fused Cell-Based,CPU,NeoN,32,gpu-nvidia-h100,383237600
LDC_N380,54872000,848503,Face-Based,CPU,NeoN,32,gpu-nvidia-h100,383237600
LDC_N380,54872000,854095,Face-Based,CPU,NeoN,32,gpu-nvidia-h100,383237600
LDC_N380,54872000,842577,Face-Based,CPU,NeoN,32,gpu-nvidia-h100,383237600
LDC_N380,54872000,334937,Fused Face-Based,CPU,NeoN,64,gpu-nvidia-h100,383237600
LDC_N380,54872000,333653,Fused Face-Based,CPU,NeoN,64,gpu-nvidia-h100,383237600
LDC_N380,54872000,332923,Fused Face-Based,CPU,NeoN,64,gpu-nvidia-h100,383237600
LDC_N380,54872000,198504,Fused Cell-Based,CPU,NeoN,64,gpu-nvidia-h100,383237600
LDC_N380,54872000,198845,Fused Cell-Based,CPU,NeoN,64,gpu-nvidia-h100,383237600
LDC_N380,54872000,199678,Fused Cell-Based,CPU,NeoN,64,gpu-nvidia-h100,383237600
LDC_N380,54872000,600137,Face-Based,CPU,NeoN,64,gpu-nvidia-h100,383237600
LDC_N380,54872000,607023,Face-Based,CPU,NeoN,64,gpu-nvidia-h100,383237600
LDC_N380,54872000,598603,Face-Based,CPU,NeoN,64,gpu-nvidia-h100,383237600
LDC_N380,54872000,306934,Fused Face-Based,CPU,NeoN,128,gpu-nvidia-h100,383237600
LDC_N380,54872000,303452,Fused Face-Based,CPU,NeoN,128,gpu-nvidia-h100,383237600
LDC_N380,54872000,305307,Fused Face-Based,CPU,NeoN,128,gpu-nvidia-h100,383237600
LDC_N380,54872000,204218,Fused Cell-Based,CPU,NeoN,128,gpu-nvidia-h100,383237600
LDC_N380,54872000,204087,Fused Cell-Based,CPU,NeoN,128,gpu-nvidia-h100,383237600
LDC_N380,54872000,205694,Fused Cell-Based,CPU,NeoN,128,gpu-nvidia-h100,383237600
LDC_N380,54872000,528692,Face-Based,CPU,NeoN,128,gpu-nvidia-h100,383237600
LDC_N380,54872000,531951,Face-Based,CPU,NeoN,128,gpu-nvidia-h100,383237600
LDC_N380,54872000,542651,Face-Based,CPU,NeoN,128,gpu-nvidia-h100,383237600
LDC_N400,64000000,8837738,Fused Face-Based,CPU,NeoN,1,gpu-nvidia-h100,447040000
LDC_N400,64000000,8770085,Fused Face-Based,CPU,NeoN,1,gpu-nvidia-h100,447040000
LDC_N400,64000000,8840650,Fused Face-Based,CPU,NeoN,1,gpu-nvidia-h100,447040000
LDC_N400,64000000,4091236,Fused Cell-Based,CPU,NeoN,1,gpu-nvidia-h100,447040000
LDC_N400,64000000,4090808,Fused Cell-Based,CPU,NeoN,1,gpu-nvidia-h100,447040000
LDC_N400,64000000,4098908,Fused Cell-Based,CPU,NeoN,1,gpu-nvidia-h100,447040000
LDC_N400,64000000,13946428,Face-Based,CPU,NeoN,1,gpu-nvidia-h100,447040000
LDC_N400,64000000,13918827,Face-Based,CPU,NeoN,1,gpu-nvidia-h100,447040000
LDC_N400,64000000,14007184,Face-Based,CPU,NeoN,1,gpu-nvidia-h100,447040000
LDC_N400,64000000,5096119,Fused Face-Based,CPU,NeoN,2,gpu-nvidia-h100,447040000
LDC_N400,64000000,5051583,Fused Face-Based,CPU,NeoN,2,gpu-nvidia-h100,447040000
LDC_N400,64000000,5038486,Fused Face-Based,CPU,NeoN,2,gpu-nvidia-h100,447040000
LDC_N400,64000000,2310033,Fused Cell-Based,CPU,NeoN,2,gpu-nvidia-h100,447040000
LDC_N400,64000000,2198276,Fused Cell-Based,CPU,NeoN,2,gpu-nvidia-h100,447040000
LDC_N400,64000000,2241659,Fused Cell-Based,CPU,NeoN,2,gpu-nvidia-h100,447040000
LDC_N400,64000000,7792132,Face-Based,CPU,NeoN,2,gpu-nvidia-h100,447040000
LDC_N400,64000000,7715535,Face-Based,CPU,NeoN,2,gpu-nvidia-h100,447040000
LDC_N400,64000000,7736709,Face-Based,CPU,NeoN,2,gpu-nvidia-h100,447040000
LDC_N400,64000000,3848604,Fused Face-Based,CPU,NeoN,4,gpu-nvidia-h100,447040000
LDC_N400,64000000,3618415,Fused Face-Based,CPU,NeoN,4,gpu-nvidia-h100,447040000
LDC_N400,64000000,3618962,Fused Face-Based,CPU,NeoN,4,gpu-nvidia-h100,447040000
LDC_N400,64000000,1236403,Fused Cell-Based,CPU,NeoN,4,gpu-nvidia-h100,447040000
LDC_N400,64000000,1222624,Fused Cell-Based,CPU,NeoN,4,gpu-nvidia-h100,447040000
LDC_N400,64000000,1223469,Fused Cell-Based,CPU,NeoN,4,gpu-nvidia-h100,447040000
LDC_N400,64000000,5933044,Face-Based,CPU,NeoN,4,gpu-nvidia-h100,447040000
LDC_N400,64000000,5758286,Face-Based,CPU,NeoN,4,gpu-nvidia-h100,447040000
LDC_N400,64000000,5591269,Face-Based,CPU,NeoN,4,gpu-nvidia-h100,447040000
LDC_N400,64000000,2068663,Fused Face-Based,CPU,NeoN,8,gpu-nvidia-h100,447040000
LDC_N400,64000000,2025779,Fused Face-Based,CPU,NeoN,8,gpu-nvidia-h100,447040000
LDC_N400,64000000,1990254,Fused Face-Based,CPU,NeoN,8,gpu-nvidia-h100,447040000
LDC_N400,64000000,657861,Fused Cell-Based,CPU,NeoN,8,gpu-nvidia-h100,447040000
LDC_N400,64000000,654490,Fused Cell-Based,CPU,NeoN,8,gpu-nvidia-h100,447040000
LDC_N400,64000000,641589,Fused Cell-Based,CPU,NeoN,8,gpu-nvidia-h100,447040000
LDC_N400,64000000,3279843,Face-Based,CPU,NeoN,8,gpu-nvidia-h100,447040000
LDC_N400,64000000,3176350,Face-Based,CPU,NeoN,8,gpu-nvidia-h100,447040000
LDC_N400,64000000,3161866,Face-Based,CPU,NeoN,8,gpu-nvidia-h100,447040000
LDC_N400,64000000,1105199,Fused Face-Based,CPU,NeoN,16,gpu-nvidia-h100,447040000
LDC_N400,64000000,1114250,Fused Face-Based,CPU,NeoN,16,gpu-nvidia-h100,447040000
LDC_N400,64000000,1094722,Fused Face-Based,CPU,NeoN,16,gpu-nvidia-h100,447040000
LDC_N400,64000000,442609,Fused Cell-Based,CPU,NeoN,16,gpu-nvidia-h100,447040000
LDC_N400,64000000,436496,Fused Cell-Based,CPU,NeoN,16,gpu-nvidia-h100,447040000
LDC_N400,64000000,452231,Fused Cell-Based,CPU,NeoN,16,gpu-nvidia-h100,447040000
LDC_N400,64000000,1773044,Face-Based,CPU,NeoN,16,gpu-nvidia-h100,447040000
LDC_N400,64000000,1781492,Face-Based,CPU,NeoN,16,gpu-nvidia-h100,447040000
LDC_N400,64000000,1768351,Face-Based,CPU,NeoN,16,gpu-nvidia-h100,447040000
LDC_N400,64000000,600448,Fused Face-Based,CPU,NeoN,32,gpu-nvidia-h100,447040000
LDC_N400,64000000,601352,Fused Face-Based,CPU,NeoN,32,gpu-nvidia-h100,447040000
LDC_N400,64000000,607276,Fused Face-Based,CPU,NeoN,32,gpu-nvidia-h100,447040000
LDC_N400,64000000,269708,Fused Cell-Based,CPU,NeoN,32,gpu-nvidia-h100,447040000
LDC_N400,64000000,271808,Fused Cell-Based,CPU,NeoN,32,gpu-nvidia-h100,447040000
LDC_N400,64000000,269445,Fused Cell-Based,CPU,NeoN,32,gpu-nvidia-h100,447040000
LDC_N400,64000000,968312,Face-Based,CPU,NeoN,32,gpu-nvidia-h100,447040000
LDC_N400,64000000,1009330,Face-Based,CPU,NeoN,32,gpu-nvidia-h100,447040000
LDC_N400,64000000,970200,Face-Based,CPU,NeoN,32,gpu-nvidia-h100,447040000
LDC_N400,64000000,400601,Fused Face-Based,CPU,NeoN,64,gpu-nvidia-h100,447040000
LDC_N400,64000000,413526,Fused Face-Based,CPU,NeoN,64,gpu-nvidia-h100,447040000
LDC_N400,64000000,403237,Fused Face-Based,CPU,NeoN,64,gpu-nvidia-h100,447040000
LDC_N400,64000000,263034,Fused Cell-Based,CPU,NeoN,64,gpu-nvidia-h100,447040000
LDC_N400,64000000,256838,Fused Cell-Based,CPU,NeoN,64,gpu-nvidia-h100,447040000
LDC_N400,64000000,261853,Fused Cell-Based,CPU,NeoN,64,gpu-nvidia-h100,447040000
LDC_N400,64000000,766495,Face-Based,CPU,NeoN,64,gpu-nvidia-h100,447040000
LDC_N400,64000000,676967,Face-Based,CPU,NeoN,64,gpu-nvidia-h100,447040000
LDC_N400,64000000,681067,Face-Based,CPU,NeoN,64,gpu-nvidia-h100,447040000
LDC_N400,64000000,488682,Fused Face-Based,CPU,NeoN,128,gpu-nvidia-h100,447040000
LDC_N400,64000000,471919,Fused Face-Based,CPU,NeoN,128,gpu-nvidia-h100,447040000
LDC_N400,64000000,382738,Fused Face-Based,CPU,NeoN,128,gpu-nvidia-h100,447040000
LDC_N400,64000000,238601,Fused Cell-Based,CPU,NeoN,128,gpu-nvidia-h100,447040000
LDC_N400,64000000,246902,Fused Cell-Based,CPU,NeoN,128,gpu-nvidia-h100,447040000
LDC_N400,64000000,244378,Fused Cell-Based,CPU,NeoN,128,gpu-nvidia-h100,447040000
LDC_N400,64000000,885992,Face-Based,CPU,NeoN,128,gpu-nvidia-h100,447040000
LDC_N400,64000000,718855,Face-Based,CPU,NeoN,128,gpu-nvidia-h100,447040000
LDC_N400,64000000,953271,Face-Based,CPU,NeoN,128,gpu-nvidia-h100,447040000
